NZ_CP021325_1_CA173_RS08795	NZ_CP082327_1_K6983_RS01780	46.5
NZ_CP021325_1_CA173_RS08795	NZ_CP082327_1_K6983_RS12190	41.2
NZ_CP021325_1_CA173_RS03770	NZ_CP082327_1_K6983_RS08860	28.9
NZ_CP021325_1_CA173_RS03770	NZ_CP082327_1_K6983_RS08885	27.4
NZ_CP021325_1_CA173_RS03770	NZ_CP082327_1_K6983_RS06460	29.9
NZ_CP021325_1_CA173_RS06485	NZ_CP082327_1_K6983_RS03760	46.1
NZ_CP021325_1_CA173_RS14175	NZ_CP082327_1_K6983_RS01985	46.9
NZ_CP021325_1_CA173_RS01875	NZ_CP082327_1_K6983_RS13335	43.6
NZ_CP021325_1_CA173_RS13660	NZ_CP082327_1_K6983_RS05830	54.7
NZ_CP021325_1_CA173_RS13680	NZ_CP082327_1_K6983_RS06580	34.9
NZ_CP021325_1_CA173_RS09015	NZ_CP082327_1_K6983_RS06910	30.9
NZ_CP021325_1_CA173_RS04135	NZ_CP082327_1_K6983_RS18460	27.3
NZ_CP021325_1_CA173_RS14040	NZ_CP082327_1_K6983_RS02110	45.5
NZ_CP021325_1_CA173_RS01220	NZ_CP082327_1_K6983_RS16245	43.8
NZ_CP021325_1_CA173_RS11185	NZ_CP082327_1_K6983_RS03235	43.3
NZ_CP021325_1_CA173_RS08305	NZ_CP082327_1_K6983_RS02635	42.4
NZ_CP021325_1_CA173_RS00390	NZ_CP082327_1_K6983_RS00805	39.8
NZ_CP021325_1_CA173_RS00390	NZ_CP082327_1_K6983_RS11715	32.1
NZ_CP021325_1_CA173_RS00390	NZ_CP082327_1_K6983_RS06630	27.4
NZ_CP021325_1_CA173_RS00950	NZ_CP082327_1_K6983_RS09655	33.6
NZ_CP021325_1_CA173_RS08955	NZ_CP082327_1_K6983_RS15315	29.7
NZ_CP021325_1_CA173_RS13320	NZ_CP082327_1_K6983_RS14765	36.2
NZ_CP021325_1_CA173_RS08415	NZ_CP082327_1_K6983_RS09725	42.1
NZ_CP021325_1_CA173_RS02755	NZ_CP082327_1_K6983_RS16295	36.1
NZ_CP021325_1_CA173_RS00210	NZ_CP082327_1_K6983_RS06645	52.8
NZ_CP021325_1_CA173_RS00210	NZ_CP082327_1_K6983_RS03075	36.1
NZ_CP021325_1_CA173_RS00210	NZ_CP082327_1_K6983_RS03505	32.1
NZ_CP021325_1_CA173_RS09445	NZ_CP082327_1_K6983_RS02490	41.7
NZ_CP021325_1_CA173_RS05575	NZ_CP082327_1_K6983_RS14845	35.6
NZ_CP021325_1_CA173_RS05575	NZ_CP082327_1_K6983_RS14375	26.6
NZ_CP021325_1_CA173_RS15585	NZ_CP082327_1_K6983_RS03890	47.4
NZ_CP021325_1_CA173_RS08945	NZ_CP082327_1_K6983_RS02495	38.1
NZ_CP021325_1_CA173_RS07235	NZ_CP082327_1_K6983_RS02720	39.0
NZ_CP021325_1_CA173_RS15065	NZ_CP082327_1_K6983_RS07675	20.2
NZ_CP021325_1_CA173_RS12830	NZ_CP082327_1_K6983_RS06840	31.1
NZ_CP021325_1_CA173_RS12830	NZ_CP082327_1_K6983_RS05900	32.3
NZ_CP021325_1_CA173_RS12830	NZ_CP082327_1_K6983_RS04865	27.6
NZ_CP021325_1_CA173_RS03725	NZ_CP082327_1_K6983_RS08900	33.2
NZ_CP021325_1_CA173_RS03725	NZ_CP082327_1_K6983_RS18020	31.0
NZ_CP021325_1_CA173_RS09010	NZ_CP082327_1_K6983_RS06915	29.5
NZ_CP021325_1_CA173_RS02230	NZ_CP082327_1_K6983_RS20005	37.8
NZ_CP021325_1_CA173_RS15245	NZ_CP082327_1_K6983_RS13900	49.6
NZ_CP021325_1_CA173_RS08080	NZ_CP082327_1_K6983_RS18485	49.8
NZ_CP021325_1_CA173_RS09845	NZ_CP082327_1_K6983_RS12995	38.4
NZ_CP021325_1_CA173_RS03740	NZ_CP082327_1_K6983_RS08875	28.5
NZ_CP021325_1_CA173_RS01460	NZ_CP082327_1_K6983_RS18295	47.1
NZ_CP021325_1_CA173_RS08775	NZ_CP082327_1_K6983_RS12200	52.8
NZ_CP021325_1_CA173_RS07990	NZ_CP082327_1_K6983_RS03755	32.3
NZ_CP021325_1_CA173_RS07990	NZ_CP082327_1_K6983_RS21815	27.0
NZ_CP021325_1_CA173_RS07090	NZ_CP082327_1_K6983_RS21795	38.7
NZ_CP021325_1_CA173_RS07090	NZ_CP082327_1_K6983_RS11985	29.0
NZ_CP021325_1_CA173_RS10720	NZ_CP082327_1_K6983_RS22290	45.6
NZ_CP021325_1_CA173_RS10720	NZ_CP082327_1_K6983_RS09050	30.0
NZ_CP021325_1_CA173_RS01145	NZ_CP082327_1_K6983_RS02285	39.8
NZ_CP021325_1_CA173_RS01145	NZ_CP082327_1_K6983_RS20890	28.9
NZ_CP021325_1_CA173_RS15315	NZ_CP082327_1_K6983_RS11920	58.4
NZ_CP021325_1_CA173_RS10380	NZ_CP082327_1_K6983_RS11340	41.8
NZ_CP021325_1_CA173_RS12555	NZ_CP082327_1_K6983_RS07445	30.9
NZ_CP021325_1_CA173_RS12555	NZ_CP082327_1_K6983_RS07415	29.2
NZ_CP021325_1_CA173_RS13245	NZ_CP082327_1_K6983_RS11660	61.0
NZ_CP021325_1_CA173_RS13245	NZ_CP082327_1_K6983_RS09425	49.7
NZ_CP021325_1_CA173_RS13245	NZ_CP082327_1_K6983_RS03885	40.6
NZ_CP021325_1_CA173_RS08855	NZ_CP082327_1_K6983_RS19000	22.1
NZ_CP021325_1_CA173_RS07060	NZ_CP082327_1_K6983_RS01460	31.5
NZ_CP021325_1_CA173_RS07060	NZ_CP082327_1_K6983_RS07035	27.3
NZ_CP021325_1_CA173_RS07415	NZ_CP082327_1_K6983_RS16765	47.0
NZ_CP021325_1_CA173_RS00375	NZ_CP082327_1_K6983_RS17190	29.5
NZ_CP021325_1_CA173_RS09460	NZ_CP082327_1_K6983_RS15655	34.5
NZ_CP021325_1_CA173_RS09460	NZ_CP082327_1_K6983_RS21410	35.4
NZ_CP021325_1_CA173_RS04280	NZ_CP082327_1_K6983_RS15530	25.4
NZ_CP021325_1_CA173_RS10615	NZ_CP082327_1_K6983_RS17290	28.6
NZ_CP021325_1_CA173_RS06965	NZ_CP082327_1_K6983_RS12135	38.2
NZ_CP021325_1_CA173_RS10330	NZ_CP082327_1_K6983_RS18575	34.3
NZ_CP021325_1_CA173_RS10330	NZ_CP082327_1_K6983_RS03275	31.0
NZ_CP021325_1_CA173_RS03850	NZ_CP082327_1_K6983_RS13030	25.7
NZ_CP021325_1_CA173_RS03850	NZ_CP082327_1_K6983_RS13030	30.8
NZ_CP021325_1_CA173_RS14160	NZ_CP082327_1_K6983_RS02000	58.3
NZ_CP021325_1_CA173_RS07160	NZ_CP082327_1_K6983_RS18430	47.2
NZ_CP021325_1_CA173_RS00660	NZ_CP082327_1_K6983_RS11290	32.1
NZ_CP021325_1_CA173_RS00660	NZ_CP082327_1_K6983_RS07360	28.8
NZ_CP021325_1_CA173_RS00660	NZ_CP082327_1_K6983_RS03670	40.0
NZ_CP021325_1_CA173_RS00660	NZ_CP082327_1_K6983_RS00950	25.0
NZ_CP021325_1_CA173_RS01605	NZ_CP082327_1_K6983_RS09655	27.2
NZ_CP021325_1_CA173_RS15035	NZ_CP082327_1_K6983_RS09660	44.5
NZ_CP021325_1_CA173_RS13540	NZ_CP082327_1_K6983_RS21910	33.0
NZ_CP021325_1_CA173_RS11975	NZ_CP082327_1_K6983_RS10545	56.7
NZ_CP021325_1_CA173_RS11975	NZ_CP082327_1_K6983_RS20415	36.2
NZ_CP021325_1_CA173_RS14825	NZ_CP082327_1_K6983_RS14180	51.2
NZ_CP021325_1_CA173_RS15375	NZ_CP082327_1_K6983_RS17085	24.1
NZ_CP021325_1_CA173_RS10135	NZ_CP082327_1_K6983_RS06210	25.2
NZ_CP021325_1_CA173_RS10135	NZ_CP082327_1_K6983_RS06380	22.5
NZ_CP021325_1_CA173_RS10135	NZ_CP082327_1_K6983_RS21400	23.4
NZ_CP021325_1_CA173_RS08135	NZ_CP082327_1_K6983_RS04995	43.9
NZ_CP021325_1_CA173_RS05275	NZ_CP082327_1_K6983_RS22370	30.8
NZ_CP021325_1_CA173_RS05275	NZ_CP082327_1_K6983_RS09165	22.7
NZ_CP021325_1_CA173_RS05275	NZ_CP082327_1_K6983_RS07825	26.9
NZ_CP021325_1_CA173_RS05275	NZ_CP082327_1_K6983_RS07330	27.8
NZ_CP021325_1_CA173_RS06215	NZ_CP082327_1_K6983_RS06075	55.5
NZ_CP021325_1_CA173_RS13635	NZ_CP082327_1_K6983_RS22450	30.9
NZ_CP021325_1_CA173_RS01880	NZ_CP082327_1_K6983_RS13330	36.5
NZ_CP021325_1_CA173_RS07620	NZ_CP082327_1_K6983_RS04810	38.7
NZ_CP021325_1_CA173_RS15300	NZ_CP082327_1_K6983_RS11905	76.5
NZ_CP021325_1_CA173_RS12575	NZ_CP082327_1_K6983_RS02755	34.4
NZ_CP021325_1_CA173_RS08790	NZ_CP082327_1_K6983_RS12190	38.5
NZ_CP021325_1_CA173_RS10760	NZ_CP082327_1_K6983_RS22285	38.2
NZ_CP021325_1_CA173_RS10760	NZ_CP082327_1_K6983_RS02975	36.0
NZ_CP021325_1_CA173_RS04920	NZ_CP082327_1_K6983_RS13915	32.4
NZ_CP021325_1_CA173_RS04920	NZ_CP082327_1_K6983_RS01745	32.2
NZ_CP021325_1_CA173_RS05425	NZ_CP082327_1_K6983_RS06490	30.8
NZ_CP021325_1_CA173_RS00175	NZ_CP082327_1_K6983_RS22495	22.2
NZ_CP021325_1_CA173_RS09405	NZ_CP082327_1_K6983_RS03120	40.2
NZ_CP021325_1_CA173_RS11635	NZ_CP082327_1_K6983_RS20710	44.8
NZ_CP021325_1_CA173_RS11875	NZ_CP082327_1_K6983_RS14890	61.3
NZ_CP021325_1_CA173_RS08800	NZ_CP082327_1_K6983_RS12185	39.9
NZ_CP021325_1_CA173_RS08800	NZ_CP082327_1_K6983_RS09250	30.9
NZ_CP021325_1_CA173_RS08800	NZ_CP082327_1_K6983_RS15690	28.0
NZ_CP021325_1_CA173_RS14680	NZ_CP082327_1_K6983_RS13545	38.5
NZ_CP021325_1_CA173_RS14680	NZ_CP082327_1_K6983_RS15005	37.4
NZ_CP021325_1_CA173_RS09610	NZ_CP082327_1_K6983_RS05825	51.6
NZ_CP021325_1_CA173_RS07525	NZ_CP082327_1_K6983_RS13165	31.4
NZ_CP021325_1_CA173_RS01305	NZ_CP082327_1_K6983_RS06580	26.9
NZ_CP021325_1_CA173_RS09940	NZ_CP082327_1_K6983_RS00315	29.0
NZ_CP021325_1_CA173_RS02850	NZ_CP082327_1_K6983_RS01100	28.2
NZ_CP021325_1_CA173_RS02850	NZ_CP082327_1_K6983_RS10425	30.6
NZ_CP021325_1_CA173_RS02850	NZ_CP082327_1_K6983_RS15125	31.0
NZ_CP021325_1_CA173_RS02850	NZ_CP082327_1_K6983_RS20460	28.1
NZ_CP021325_1_CA173_RS07970	NZ_CP082327_1_K6983_RS19230	47.5
NZ_CP021325_1_CA173_RS07970	NZ_CP082327_1_K6983_RS13425	29.3
NZ_CP021325_1_CA173_RS13225	NZ_CP082327_1_K6983_RS04575	66.0
NZ_CP021325_1_CA173_RS11910	NZ_CP082327_1_K6983_RS21155	38.1
NZ_CP021325_1_CA173_RS09570	NZ_CP082327_1_K6983_RS22075	41.2
NZ_CP021325_1_CA173_RS09570	NZ_CP082327_1_K6983_RS22260	41.2
NZ_CP021325_1_CA173_RS09570	NZ_CP082327_1_K6983_RS13625	28.9
NZ_CP021325_1_CA173_RS12610	NZ_CP082327_1_K6983_RS14825	24.9
NZ_CP021325_1_CA173_RS12610	NZ_CP082327_1_K6983_RS18240	29.2
NZ_CP021325_1_CA173_RS12610	NZ_CP082327_1_K6983_RS22330	39.5
NZ_CP021325_1_CA173_RS07405	NZ_CP082327_1_K6983_RS05770	46.9
NZ_CP021325_1_CA173_RS07205	NZ_CP082327_1_K6983_RS02705	39.3
NZ_CP021325_1_CA173_RS11260	NZ_CP082327_1_K6983_RS16490	32.0
NZ_CP021325_1_CA173_RS10485	NZ_CP082327_1_K6983_RS00480	39.6
NZ_CP021325_1_CA173_RS07895	NZ_CP082327_1_K6983_RS00770	32.9
NZ_CP021325_1_CA173_RS10750	NZ_CP082327_1_K6983_RS18930	58.6
NZ_CP021325_1_CA173_RS09465	NZ_CP082327_1_K6983_RS14355	29.7
NZ_CP021325_1_CA173_RS10695	NZ_CP082327_1_K6983_RS09045	38.6
NZ_CP021325_1_CA173_RS07875	NZ_CP082327_1_K6983_RS03220	61.3
NZ_CP021325_1_CA173_RS07875	NZ_CP082327_1_K6983_RS03220	36.0
NZ_CP021325_1_CA173_RS07875	NZ_CP082327_1_K6983_RS04765	43.9
NZ_CP021325_1_CA173_RS07875	NZ_CP082327_1_K6983_RS01290	31.8
NZ_CP021325_1_CA173_RS01270	NZ_CP082327_1_K6983_RS21225	51.1
NZ_CP021325_1_CA173_RS10430	NZ_CP082327_1_K6983_RS08105	27.6
NZ_CP021325_1_CA173_RS08455	NZ_CP082327_1_K6983_RS12765	63.2
NZ_CP021325_1_CA173_RS00985	NZ_CP082327_1_K6983_RS22490	40.0
NZ_CP021325_1_CA173_RS12165	NZ_CP082327_1_K6983_RS20145	32.8
NZ_CP021325_1_CA173_RS08785	NZ_CP082327_1_K6983_RS12195	36.9
NZ_CP021325_1_CA173_RS15580	NZ_CP082327_1_K6983_RS21545	41.4
NZ_CP021325_1_CA173_RS15105	NZ_CP082327_1_K6983_RS00540	48.7
NZ_CP021325_1_CA173_RS15105	NZ_CP082327_1_K6983_RS03860	42.5
NZ_CP021325_1_CA173_RS10980	NZ_CP082327_1_K6983_RS18835	31.3
NZ_CP021325_1_CA173_RS07340	NZ_CP082327_1_K6983_RS04005	39.4
NZ_CP021325_1_CA173_RS15040	NZ_CP082327_1_K6983_RS07745	34.7
NZ_CP021325_1_CA173_RS05780	NZ_CP082327_1_K6983_RS22205	65.7
NZ_CP021325_1_CA173_RS00005	NZ_CP082327_1_K6983_RS00005	42.8
NZ_CP021325_1_CA173_RS00005	NZ_CP082327_1_K6983_RS05840	25.3
NZ_CP021325_1_CA173_RS00275	NZ_CP082327_1_K6983_RS20210	48.7
NZ_CP021325_1_CA173_RS08860	NZ_CP082327_1_K6983_RS16885	23.5
NZ_CP021325_1_CA173_RS13610	NZ_CP082327_1_K6983_RS22475	36.6
NZ_CP021325_1_CA173_RS15595	NZ_CP082327_1_K6983_RS17285	37.1
NZ_CP021325_1_CA173_RS15595	NZ_CP082327_1_K6983_RS19105	31.3
NZ_CP021325_1_CA173_RS08160	NZ_CP082327_1_K6983_RS04375	24.7
NZ_CP021325_1_CA173_RS07640	NZ_CP082327_1_K6983_RS14135	45.7
NZ_CP021325_1_CA173_RS07640	NZ_CP082327_1_K6983_RS14535	23.6
NZ_CP021325_1_CA173_RS07640	NZ_CP082327_1_K6983_RS21380	24.5
NZ_CP021325_1_CA173_RS08520	NZ_CP082327_1_K6983_RS10585	30.5
NZ_CP021325_1_CA173_RS08585	NZ_CP082327_1_K6983_RS16755	26.2
NZ_CP021325_1_CA173_RS10505	NZ_CP082327_1_K6983_RS03745	28.3
NZ_CP021325_1_CA173_RS11195	NZ_CP082327_1_K6983_RS09275	36.2
NZ_CP021325_1_CA173_RS07595	NZ_CP082327_1_K6983_RS04985	63.9
NZ_CP021325_1_CA173_RS06020	NZ_CP082327_1_K6983_RS08385	33.9
NZ_CP021325_1_CA173_RS04600	NZ_CP082327_1_K6983_RS16970	41.5
NZ_CP021325_1_CA173_RS04600	NZ_CP082327_1_K6983_RS18825	31.0
NZ_CP021325_1_CA173_RS08610	NZ_CP082327_1_K6983_RS02105	48.6
NZ_CP021325_1_CA173_RS09690	NZ_CP082327_1_K6983_RS12810	53.8
NZ_CP021325_1_CA173_RS05790	NZ_CP082327_1_K6983_RS22210	49.6
NZ_CP021325_1_CA173_RS05790	NZ_CP082327_1_K6983_RS00430	26.3
NZ_CP021325_1_CA173_RS08625	NZ_CP082327_1_K6983_RS10410	48.8
NZ_CP021325_1_CA173_RS14870	NZ_CP082327_1_K6983_RS09505	33.8
NZ_CP021325_1_CA173_RS01320	NZ_CP082327_1_K6983_RS21205	46.7
NZ_CP021325_1_CA173_RS01215	NZ_CP082327_1_K6983_RS00485	38.5
NZ_CP021325_1_CA173_RS09000	NZ_CP082327_1_K6983_RS19120	28.8
NZ_CP021325_1_CA173_RS09000	NZ_CP082327_1_K6983_RS09285	25.9
NZ_CP021325_1_CA173_RS09000	NZ_CP082327_1_K6983_RS10070	25.4
NZ_CP021325_1_CA173_RS09000	NZ_CP082327_1_K6983_RS17175	21.2
NZ_CP021325_1_CA173_RS09000	NZ_CP082327_1_K6983_RS20785	21.5
NZ_CP021325_1_CA173_RS09000	NZ_CP082327_1_K6983_RS15725	22.4
NZ_CP021325_1_CA173_RS09030	NZ_CP082327_1_K6983_RS21045	29.1
NZ_CP021325_1_CA173_RS11585	NZ_CP082327_1_K6983_RS07455	35.1
NZ_CP021325_1_CA173_RS03895	NZ_CP082327_1_K6983_RS08630	26.1
NZ_CP021325_1_CA173_RS04185	NZ_CP082327_1_K6983_RS02315	44.4
NZ_CP021325_1_CA173_RS14880	NZ_CP082327_1_K6983_RS05775	54.7
NZ_CP021325_1_CA173_RS14880	NZ_CP082327_1_K6983_RS18765	36.2
NZ_CP021325_1_CA173_RS13325	NZ_CP082327_1_K6983_RS02525	39.6
NZ_CP021325_1_CA173_RS08400	NZ_CP082327_1_K6983_RS22120	47.7
NZ_CP021325_1_CA173_RS06880	NZ_CP082327_1_K6983_RS17750	47.0
NZ_CP021325_1_CA173_RS10780	NZ_CP082327_1_K6983_RS19410	34.7
NZ_CP021325_1_CA173_RS09440	NZ_CP082327_1_K6983_RS02485	36.6
NZ_CP021325_1_CA173_RS09440	NZ_CP082327_1_K6983_RS05995	34.5
NZ_CP021325_1_CA173_RS09440	NZ_CP082327_1_K6983_RS04105	32.7
NZ_CP021325_1_CA173_RS11315	NZ_CP082327_1_K6983_RS19670	34.9
NZ_CP021325_1_CA173_RS07590	NZ_CP082327_1_K6983_RS06990	27.4
NZ_CP021325_1_CA173_RS12510	NZ_CP082327_1_K6983_RS09830	33.9
NZ_CP021325_1_CA173_RS12510	NZ_CP082327_1_K6983_RS13965	32.2
NZ_CP021325_1_CA173_RS12510	NZ_CP082327_1_K6983_RS17465	32.5
NZ_CP021325_1_CA173_RS04375	NZ_CP082327_1_K6983_RS12830	38.9
NZ_CP021325_1_CA173_RS04375	NZ_CP082327_1_K6983_RS14385	34.3
NZ_CP021325_1_CA173_RS08865	NZ_CP082327_1_K6983_RS16880	27.1
NZ_CP021325_1_CA173_RS14170	NZ_CP082327_1_K6983_RS01990	43.9
NZ_CP021325_1_CA173_RS00690	NZ_CP082327_1_K6983_RS14495	40.7
NZ_CP021325_1_CA173_RS00690	NZ_CP082327_1_K6983_RS12290	41.3
NZ_CP021325_1_CA173_RS00690	NZ_CP082327_1_K6983_RS11310	36.0
NZ_CP021325_1_CA173_RS00690	NZ_CP082327_1_K6983_RS00860	39.7
NZ_CP021325_1_CA173_RS00665	NZ_CP082327_1_K6983_RS05775	35.6
NZ_CP021325_1_CA173_RS01190	NZ_CP082327_1_K6983_RS19370	43.5
NZ_CP021325_1_CA173_RS08550	NZ_CP082327_1_K6983_RS09490	35.3
NZ_CP021325_1_CA173_RS08060	NZ_CP082327_1_K6983_RS10115	30.7
NZ_CP021325_1_CA173_RS13665	NZ_CP082327_1_K6983_RS05555	60.1
NZ_CP021325_1_CA173_RS08245	NZ_CP082327_1_K6983_RS04070	33.1
NZ_CP021325_1_CA173_RS07185	NZ_CP082327_1_K6983_RS18405	28.9
NZ_CP021325_1_CA173_RS11890	NZ_CP082327_1_K6983_RS00040	25.7
NZ_CP021325_1_CA173_RS09620	NZ_CP082327_1_K6983_RS05525	23.3
NZ_CP021325_1_CA173_RS04605	NZ_CP082327_1_K6983_RS18855	32.0
NZ_CP021325_1_CA173_RS04605	NZ_CP082327_1_K6983_RS18845	22.9
NZ_CP021325_1_CA173_RS00070	NZ_CP082327_1_K6983_RS16715	51.4
NZ_CP021325_1_CA173_RS07190	NZ_CP082327_1_K6983_RS18310	49.1
NZ_CP021325_1_CA173_RS05400	NZ_CP082327_1_K6983_RS16325	41.6
NZ_CP021325_1_CA173_RS05400	NZ_CP082327_1_K6983_RS02940	39.2
NZ_CP021325_1_CA173_RS13425	NZ_CP082327_1_K6983_RS22520	31.4
NZ_CP021325_1_CA173_RS05215	NZ_CP082327_1_K6983_RS12035	45.7
NZ_CP021325_1_CA173_RS07330	NZ_CP082327_1_K6983_RS18755	35.4
NZ_CP021325_1_CA173_RS07330	NZ_CP082327_1_K6983_RS01955	36.7
NZ_CP021325_1_CA173_RS07330	NZ_CP082327_1_K6983_RS03780	28.6
NZ_CP021325_1_CA173_RS06395	NZ_CP082327_1_K6983_RS09750	46.5
NZ_CP021325_1_CA173_RS10445	NZ_CP082327_1_K6983_RS06585	37.5
NZ_CP021325_1_CA173_RS14610	NZ_CP082327_1_K6983_RS16520	43.2
NZ_CP021325_1_CA173_RS08480	NZ_CP082327_1_K6983_RS21560	53.2
NZ_CP021325_1_CA173_RS08200	NZ_CP082327_1_K6983_RS16615	46.8
NZ_CP021325_1_CA173_RS08270	NZ_CP082327_1_K6983_RS16840	55.1
NZ_CP021325_1_CA173_RS08490	NZ_CP082327_1_K6983_RS06650	47.6
NZ_CP021325_1_CA173_RS08110	NZ_CP082327_1_K6983_RS12960	33.5
NZ_CP021325_1_CA173_RS03935	NZ_CP082327_1_K6983_RS14300	31.8
NZ_CP021325_1_CA173_RS03935	NZ_CP082327_1_K6983_RS22305	31.0
NZ_CP021325_1_CA173_RS03935	NZ_CP082327_1_K6983_RS00170	28.5
NZ_CP021325_1_CA173_RS13845	NZ_CP082327_1_K6983_RS14905	42.0
NZ_CP021325_1_CA173_RS07180	NZ_CP082327_1_K6983_RS18420	42.1
NZ_CP021325_1_CA173_RS10680	NZ_CP082327_1_K6983_RS17810	45.8
NZ_CP021325_1_CA173_RS02475	NZ_CP082327_1_K6983_RS05730	34.9
NZ_CP021325_1_CA173_RS11710	NZ_CP082327_1_K6983_RS10105	43.7
NZ_CP021325_1_CA173_RS11710	NZ_CP082327_1_K6983_RS20055	42.5
NZ_CP021325_1_CA173_RS04365	NZ_CP082327_1_K6983_RS12820	36.5
NZ_CP021325_1_CA173_RS13655	NZ_CP082327_1_K6983_RS22220	50.1
NZ_CP021325_1_CA173_RS14020	NZ_CP082327_1_K6983_RS01040	46.2
NZ_CP021325_1_CA173_RS15370	NZ_CP082327_1_K6983_RS21615	40.3
NZ_CP021325_1_CA173_RS13060	NZ_CP082327_1_K6983_RS21565	27.6
NZ_CP021325_1_CA173_RS05840	NZ_CP082327_1_K6983_RS09620	68.2
NZ_CP021325_1_CA173_RS07965	NZ_CP082327_1_K6983_RS02290	28.3
NZ_CP021325_1_CA173_RS05390	NZ_CP082327_1_K6983_RS06210	50.4
NZ_CP021325_1_CA173_RS05390	NZ_CP082327_1_K6983_RS06380	36.0
NZ_CP021325_1_CA173_RS05390	NZ_CP082327_1_K6983_RS21400	36.5
NZ_CP021325_1_CA173_RS05390	NZ_CP082327_1_K6983_RS04325	32.5
NZ_CP021325_1_CA173_RS11270	NZ_CP082327_1_K6983_RS21340	47.4
NZ_CP021325_1_CA173_RS07145	NZ_CP082327_1_K6983_RS15640	30.2
NZ_CP021325_1_CA173_RS07770	NZ_CP082327_1_K6983_RS18710	24.9
NZ_CP021325_1_CA173_RS06920	NZ_CP082327_1_K6983_RS16690	30.8
NZ_CP021325_1_CA173_RS06160	NZ_CP082327_1_K6983_RS06085	62.4
NZ_CP021325_1_CA173_RS06480	NZ_CP082327_1_K6983_RS00320	55.6
NZ_CP021325_1_CA173_RS06480	NZ_CP082327_1_K6983_RS02730	24.6
NZ_CP021325_1_CA173_RS00840	NZ_CP082327_1_K6983_RS02825	46.4
NZ_CP021325_1_CA173_RS05030	NZ_CP082327_1_K6983_RS20265	29.4
NZ_CP021325_1_CA173_RS03785	NZ_CP082327_1_K6983_RS08855	30.8
NZ_CP021325_1_CA173_RS12035	NZ_CP082327_1_K6983_RS10120	31.1
NZ_CP021325_1_CA173_RS02845	NZ_CP082327_1_K6983_RS03495	56.2
NZ_CP021325_1_CA173_RS02845	NZ_CP082327_1_K6983_RS00600	24.7
NZ_CP021325_1_CA173_RS06190	NZ_CP082327_1_K6983_RS06040	28.7
NZ_CP021325_1_CA173_RS00935	NZ_CP082327_1_K6983_RS19050	32.0
NZ_CP021325_1_CA173_RS07900	NZ_CP082327_1_K6983_RS00765	61.8
NZ_CP021325_1_CA173_RS08100	NZ_CP082327_1_K6983_RS07890	45.9
NZ_CP021325_1_CA173_RS15590	NZ_CP082327_1_K6983_RS17285	39.6
NZ_CP021325_1_CA173_RS07170	NZ_CP082327_1_K6983_RS18415	48.5
NZ_CP021325_1_CA173_RS05620	NZ_CP082327_1_K6983_RS04410	30.2
NZ_CP021325_1_CA173_RS08485	NZ_CP082327_1_K6983_RS18360	52.5
NZ_CP021325_1_CA173_RS09005	NZ_CP082327_1_K6983_RS06920	66.7
NZ_CP021325_1_CA173_RS00195	NZ_CP082327_1_K6983_RS04165	47.4
NZ_CP021325_1_CA173_RS00195	NZ_CP082327_1_K6983_RS17235	44.3
NZ_CP021325_1_CA173_RS15275	NZ_CP082327_1_K6983_RS11885	53.0
NZ_CP021325_1_CA173_RS05440	NZ_CP082327_1_K6983_RS14620	28.5
NZ_CP021325_1_CA173_RS10440	NZ_CP082327_1_K6983_RS01640	39.5
NZ_CP021325_1_CA173_RS09205	NZ_CP082327_1_K6983_RS03725	34.3
NZ_CP021325_1_CA173_RS09840	NZ_CP082327_1_K6983_RS12985	45.5
NZ_CP021325_1_CA173_RS07810	NZ_CP082327_1_K6983_RS05740	49.2
NZ_CP021325_1_CA173_RS14725	NZ_CP082327_1_K6983_RS18470	48.7
NZ_CP021325_1_CA173_RS00920	NZ_CP082327_1_K6983_RS12945	40.2
NZ_CP021325_1_CA173_RS00920	NZ_CP082327_1_K6983_RS21945	34.0
NZ_CP021325_1_CA173_RS10375	NZ_CP082327_1_K6983_RS12710	27.0
NZ_CP021325_1_CA173_RS13400	NZ_CP082327_1_K6983_RS14770	58.7
NZ_CP021325_1_CA173_RS07975	NZ_CP082327_1_K6983_RS19235	56.8
NZ_CP021325_1_CA173_RS07975	NZ_CP082327_1_K6983_RS05680	41.2
NZ_CP021325_1_CA173_RS07975	NZ_CP082327_1_K6983_RS15410	36.1
NZ_CP021325_1_CA173_RS05105	NZ_CP082327_1_K6983_RS15020	35.3
NZ_CP021325_1_CA173_RS14840	NZ_CP082327_1_K6983_RS09250	40.5
NZ_CP021325_1_CA173_RS10315	NZ_CP082327_1_K6983_RS18620	43.9
NZ_CP021325_1_CA173_RS08405	NZ_CP082327_1_K6983_RS12485	34.2
NZ_CP021325_1_CA173_RS09775	NZ_CP082327_1_K6983_RS11980	37.1
NZ_CP021325_1_CA173_RS00685	NZ_CP082327_1_K6983_RS14500	38.3
NZ_CP021325_1_CA173_RS00685	NZ_CP082327_1_K6983_RS01210	37.7
NZ_CP021325_1_CA173_RS00685	NZ_CP082327_1_K6983_RS11305	35.8
NZ_CP021325_1_CA173_RS00685	NZ_CP082327_1_K6983_RS00855	33.3
NZ_CP021325_1_CA173_RS00685	NZ_CP082327_1_K6983_RS07350	29.0
NZ_CP021325_1_CA173_RS09990	NZ_CP082327_1_K6983_RS19855	31.2
NZ_CP021325_1_CA173_RS01095	NZ_CP082327_1_K6983_RS18665	49.4
NZ_CP021325_1_CA173_RS01095	NZ_CP082327_1_K6983_RS18345	33.6
NZ_CP021325_1_CA173_RS04465	NZ_CP082327_1_K6983_RS00775	32.4
NZ_CP021325_1_CA173_RS08925	NZ_CP082327_1_K6983_RS18435	45.6
NZ_CP021325_1_CA173_RS09050	NZ_CP082327_1_K6983_RS14155	20.3
NZ_CP021325_1_CA173_RS11670	NZ_CP082327_1_K6983_RS03500	27.6
NZ_CP021325_1_CA173_RS09895	NZ_CP082327_1_K6983_RS20295	34.2
NZ_CP021325_1_CA173_RS14145	NZ_CP082327_1_K6983_RS02015	59.1
NZ_CP021325_1_CA173_RS07425	NZ_CP082327_1_K6983_RS16770	45.7
NZ_CP021325_1_CA173_RS08730	NZ_CP082327_1_K6983_RS22295	31.0
NZ_CP021325_1_CA173_RS09760	NZ_CP082327_1_K6983_RS05265	46.5
NZ_CP021325_1_CA173_RS04515	NZ_CP082327_1_K6983_RS00195	46.2
NZ_CP021325_1_CA173_RS04515	NZ_CP082327_1_K6983_RS07040	27.9
NZ_CP021325_1_CA173_RS14260	NZ_CP082327_1_K6983_RS01690	30.1
NZ_CP021325_1_CA173_RS10235	NZ_CP082327_1_K6983_RS13695	33.6
NZ_CP021325_1_CA173_RS07725	NZ_CP082327_1_K6983_RS06340	38.9
NZ_CP021325_1_CA173_RS05765	NZ_CP082327_1_K6983_RS12335	42.3
NZ_CP021325_1_CA173_RS05765	NZ_CP082327_1_K6983_RS08015	41.0
NZ_CP021325_1_CA173_RS10460	NZ_CP082327_1_K6983_RS21975	41.4
NZ_CP021325_1_CA173_RS03015	NZ_CP082327_1_K6983_RS15130	38.5
NZ_CP021325_1_CA173_RS10650	NZ_CP082327_1_K6983_RS09055	29.2
NZ_CP021325_1_CA173_RS14305	NZ_CP082327_1_K6983_RS18480	30.9
NZ_CP021325_1_CA173_RS06165	NZ_CP082327_1_K6983_RS06090	40.3
NZ_CP021325_1_CA173_RS09615	NZ_CP082327_1_K6983_RS06670	39.5
NZ_CP021325_1_CA173_RS04970	NZ_CP082327_1_K6983_RS21270	46.6
NZ_CP021325_1_CA173_RS09310	NZ_CP082327_1_K6983_RS18445	36.5
NZ_CP021325_1_CA173_RS11355	NZ_CP082327_1_K6983_RS01475	31.2
NZ_CP021325_1_CA173_RS11355	NZ_CP082327_1_K6983_RS02910	26.4
NZ_CP021325_1_CA173_RS01310	NZ_CP082327_1_K6983_RS01485	30.0
NZ_CP021325_1_CA173_RS03705	NZ_CP082327_1_K6983_RS08585	33.2
NZ_CP021325_1_CA173_RS03705	NZ_CP082327_1_K6983_RS18000	31.6
NZ_CP021325_1_CA173_RS11825	NZ_CP082327_1_K6983_RS14500	36.4
NZ_CP021325_1_CA173_RS11825	NZ_CP082327_1_K6983_RS12295	37.4
NZ_CP021325_1_CA173_RS11825	NZ_CP082327_1_K6983_RS00855	31.5
NZ_CP021325_1_CA173_RS11825	NZ_CP082327_1_K6983_RS11305	31.9
NZ_CP021325_1_CA173_RS11825	NZ_CP082327_1_K6983_RS12010	26.6
NZ_CP021325_1_CA173_RS11825	NZ_CP082327_1_K6983_RS07350	25.3
NZ_CP021325_1_CA173_RS10275	NZ_CP082327_1_K6983_RS10430	46.9
NZ_CP021325_1_CA173_RS04695	NZ_CP082327_1_K6983_RS10310	38.0
NZ_CP021325_1_CA173_RS04695	NZ_CP082327_1_K6983_RS16890	30.1
NZ_CP021325_1_CA173_RS04695	NZ_CP082327_1_K6983_RS00215	24.7
NZ_CP021325_1_CA173_RS14675	NZ_CP082327_1_K6983_RS15000	35.2
NZ_CP021325_1_CA173_RS14675	NZ_CP082327_1_K6983_RS13540	30.3
NZ_CP021325_1_CA173_RS08960	NZ_CP082327_1_K6983_RS03825	61.7
NZ_CP021325_1_CA173_RS13775	NZ_CP082327_1_K6983_RS08920	27.7
NZ_CP021325_1_CA173_RS02890	NZ_CP082327_1_K6983_RS08085	45.3
NZ_CP021325_1_CA173_RS04765	NZ_CP082327_1_K6983_RS20870	33.1
NZ_CP021325_1_CA173_RS15115	NZ_CP082327_1_K6983_RS02460	37.3
NZ_CP021325_1_CA173_RS12235	NZ_CP082327_1_K6983_RS09890	33.7
NZ_CP021325_1_CA173_RS15360	NZ_CP082327_1_K6983_RS21625	51.7
NZ_CP021325_1_CA173_RS08460	NZ_CP082327_1_K6983_RS17185	37.5
NZ_CP021325_1_CA173_RS08460	NZ_CP082327_1_K6983_RS15070	33.2
NZ_CP021325_1_CA173_RS08390	NZ_CP082327_1_K6983_RS17020	51.2
NZ_CP021325_1_CA173_RS12190	NZ_CP082327_1_K6983_RS22260	24.9
NZ_CP021325_1_CA173_RS12190	NZ_CP082327_1_K6983_RS04370	22.4
NZ_CP021325_1_CA173_RS08275	NZ_CP082327_1_K6983_RS16845	47.7
NZ_CP021325_1_CA173_RS08445	NZ_CP082327_1_K6983_RS00360	37.7
NZ_CP021325_1_CA173_RS06960	NZ_CP082327_1_K6983_RS02160	43.5
NZ_CP021325_1_CA173_RS08375	NZ_CP082327_1_K6983_RS06655	27.4
NZ_CP021325_1_CA173_RS07940	NZ_CP082327_1_K6983_RS15365	48.9
NZ_CP021325_1_CA173_RS07940	NZ_CP082327_1_K6983_RS13325	46.9
NZ_CP021325_1_CA173_RS07095	NZ_CP082327_1_K6983_RS01065	58.2
NZ_CP021325_1_CA173_RS08580	NZ_CP082327_1_K6983_RS21350	35.9
NZ_CP021325_1_CA173_RS07800	NZ_CP082327_1_K6983_RS21595	60.6
NZ_CP021325_1_CA173_RS07800	NZ_CP082327_1_K6983_RS10315	48.3
NZ_CP021325_1_CA173_RS07485	NZ_CP082327_1_K6983_RS08065	75.6
NZ_CP021325_1_CA173_RS07995	NZ_CP082327_1_K6983_RS06710	31.7
NZ_CP021325_1_CA173_RS10860	NZ_CP082327_1_K6983_RS06395	29.4
NZ_CP021325_1_CA173_RS04825	NZ_CP082327_1_K6983_RS01550	44.4
NZ_CP021325_1_CA173_RS04825	NZ_CP082327_1_K6983_RS13880	45.2
NZ_CP021325_1_CA173_RS10570	NZ_CP082327_1_K6983_RS06260	44.3
NZ_CP021325_1_CA173_RS10500	NZ_CP082327_1_K6983_RS13885	42.7
NZ_CP021325_1_CA173_RS08175	NZ_CP082327_1_K6983_RS12780	56.6
NZ_CP021325_1_CA173_RS13905	NZ_CP082327_1_K6983_RS20735	35.6
NZ_CP021325_1_CA173_RS02900	NZ_CP082327_1_K6983_RS08095	37.8
NZ_CP021325_1_CA173_RS07625	NZ_CP082327_1_K6983_RS20245	30.8
NZ_CP021325_1_CA173_RS01150	NZ_CP082327_1_K6983_RS20465	51.4
NZ_CP021325_1_CA173_RS01150	NZ_CP082327_1_K6983_RS04080	51.4
NZ_CP021325_1_CA173_RS01150	NZ_CP082327_1_K6983_RS08970	26.3
NZ_CP021325_1_CA173_RS02785	NZ_CP082327_1_K6983_RS04965	50.0
NZ_CP021325_1_CA173_RS14075	NZ_CP082327_1_K6983_RS02085	41.5
NZ_CP021325_1_CA173_RS11860	NZ_CP082327_1_K6983_RS12990	43.7
NZ_CP021325_1_CA173_RS12950	NZ_CP082327_1_K6983_RS15310	32.5
NZ_CP021325_1_CA173_RS04470	NZ_CP082327_1_K6983_RS11730	46.5
NZ_CP021325_1_CA173_RS01955	NZ_CP082327_1_K6983_RS09470	28.6
NZ_CP021325_1_CA173_RS01955	NZ_CP082327_1_K6983_RS04945	31.0
NZ_CP021325_1_CA173_RS01815	NZ_CP082327_1_K6983_RS20330	28.3
NZ_CP021325_1_CA173_RS01815	NZ_CP082327_1_K6983_RS15050	26.1
NZ_CP021325_1_CA173_RS08930	NZ_CP082327_1_K6983_RS18440	53.6
NZ_CP021325_1_CA173_RS08440	NZ_CP082327_1_K6983_RS18775	37.7
NZ_CP021325_1_CA173_RS10965	NZ_CP082327_1_K6983_RS18810	45.9
NZ_CP021325_1_CA173_RS15365	NZ_CP082327_1_K6983_RS21620	57.0
NZ_CP021325_1_CA173_RS01765	NZ_CP082327_1_K6983_RS21545	32.7
NZ_CP021325_1_CA173_RS07675	NZ_CP082327_1_K6983_RS07125	51.8
NZ_CP021325_1_CA173_RS07675	NZ_CP082327_1_K6983_RS04250	49.1
NZ_CP021325_1_CA173_RS07675	NZ_CP082327_1_K6983_RS21925	38.6
NZ_CP021325_1_CA173_RS05100	NZ_CP082327_1_K6983_RS09365	38.8
NZ_CP021325_1_CA173_RS09020	NZ_CP082327_1_K6983_RS12185	22.9
NZ_CP021325_1_CA173_RS15170	NZ_CP082327_1_K6983_RS22435	51.1
NZ_CP021325_1_CA173_RS01315	NZ_CP082327_1_K6983_RS21210	45.7
NZ_CP021325_1_CA173_RS09645	NZ_CP082327_1_K6983_RS16265	33.3
NZ_CP021325_1_CA173_RS14070	NZ_CP082327_1_K6983_RS16500	46.1
NZ_CP021325_1_CA173_RS13230	NZ_CP082327_1_K6983_RS00460	49.0
NZ_CP021325_1_CA173_RS07055	NZ_CP082327_1_K6983_RS01350	25.4
NZ_CP021325_1_CA173_RS11855	NZ_CP082327_1_K6983_RS12970	49.6
NZ_CP021325_1_CA173_RS11855	NZ_CP082327_1_K6983_RS06615	40.5
NZ_CP021325_1_CA173_RS10745	NZ_CP082327_1_K6983_RS18925	48.4
NZ_CP021325_1_CA173_RS10745	NZ_CP082327_1_K6983_RS09310	33.6
NZ_CP021325_1_CA173_RS01560	NZ_CP082327_1_K6983_RS14305	26.9
NZ_CP021325_1_CA173_RS11340	NZ_CP082327_1_K6983_RS01540	34.3
NZ_CP021325_1_CA173_RS03720	NZ_CP082327_1_K6983_RS08895	32.4
NZ_CP021325_1_CA173_RS03720	NZ_CP082327_1_K6983_RS18015	29.8
NZ_CP021325_1_CA173_RS08255	NZ_CP082327_1_K6983_RS16830	33.0
NZ_CP021325_1_CA173_RS08255	NZ_CP082327_1_K6983_RS16825	30.5
NZ_CP021325_1_CA173_RS07175	NZ_CP082327_1_K6983_RS18410	31.3
NZ_CP021325_1_CA173_RS07520	NZ_CP082327_1_K6983_RS00495	33.0
NZ_CP021325_1_CA173_RS10080	NZ_CP082327_1_K6983_RS19395	57.4
NZ_CP021325_1_CA173_RS10310	NZ_CP082327_1_K6983_RS18625	39.1
NZ_CP021325_1_CA173_RS02325	NZ_CP082327_1_K6983_RS18470	24.3
NZ_CP021325_1_CA173_RS15240	NZ_CP082327_1_K6983_RS03955	29.3
NZ_CP021325_1_CA173_RS15240	NZ_CP082327_1_K6983_RS11715	25.4
NZ_CP021325_1_CA173_RS09980	NZ_CP082327_1_K6983_RS19145	46.2
NZ_CP021325_1_CA173_RS09980	NZ_CP082327_1_K6983_RS01780	29.2
NZ_CP021325_1_CA173_RS09980	NZ_CP082327_1_K6983_RS12190	34.6
NZ_CP021325_1_CA173_RS10740	NZ_CP082327_1_K6983_RS18920	45.4
NZ_CP021325_1_CA173_RS01465	NZ_CP082327_1_K6983_RS06400	37.8
NZ_CP021325_1_CA173_RS01465	NZ_CP082327_1_K6983_RS15650	26.9
NZ_CP021325_1_CA173_RS01425	NZ_CP082327_1_K6983_RS19895	53.9
NZ_CP021325_1_CA173_RS07400	NZ_CP082327_1_K6983_RS16230	48.4
NZ_CP021325_1_CA173_RS00050	NZ_CP082327_1_K6983_RS14880	22.4
NZ_CP021325_1_CA173_RS06955	NZ_CP082327_1_K6983_RS18370	47.3
NZ_CP021325_1_CA173_RS13565	NZ_CP082327_1_K6983_RS22175	32.7
NZ_CP021325_1_CA173_RS02910	NZ_CP082327_1_K6983_RS08110	41.8
NZ_CP021325_1_CA173_RS05245	NZ_CP082327_1_K6983_RS03950	38.2
NZ_CP021325_1_CA173_RS08660	NZ_CP082327_1_K6983_RS18830	28.2
NZ_CP021325_1_CA173_RS04985	NZ_CP082327_1_K6983_RS21325	35.8
NZ_CP021325_1_CA173_RS05375	NZ_CP082327_1_K6983_RS04145	46.2
NZ_CP021325_1_CA173_RS05375	NZ_CP082327_1_K6983_RS05995	42.9
NZ_CP021325_1_CA173_RS05375	NZ_CP082327_1_K6983_RS03150	41.0
NZ_CP021325_1_CA173_RS05375	NZ_CP082327_1_K6983_RS02485	45.9
NZ_CP021325_1_CA173_RS09565	NZ_CP082327_1_K6983_RS06235	46.3
NZ_CP021325_1_CA173_RS09565	NZ_CP082327_1_K6983_RS00300	21.9
NZ_CP021325_1_CA173_RS12005	NZ_CP082327_1_K6983_RS21565	26.0
NZ_CP021325_1_CA173_RS10170	NZ_CP082327_1_K6983_RS04335	50.0
NZ_CP021325_1_CA173_RS13920	NZ_CP082327_1_K6983_RS02265	29.8
NZ_CP021325_1_CA173_RS09600	NZ_CP082327_1_K6983_RS21110	50.5
NZ_CP021325_1_CA173_RS02095	NZ_CP082327_1_K6983_RS10065	32.5
NZ_CP021325_1_CA173_RS02095	NZ_CP082327_1_K6983_RS10065	30.4
NZ_CP021325_1_CA173_RS08220	NZ_CP082327_1_K6983_RS05745	39.5
NZ_CP021325_1_CA173_RS09935	NZ_CP082327_1_K6983_RS00295	42.1
NZ_CP021325_1_CA173_RS13030	NZ_CP082327_1_K6983_RS18295	37.5
NZ_CP021325_1_CA173_RS13030	NZ_CP082327_1_K6983_RS00225	35.4
NZ_CP021325_1_CA173_RS09045	NZ_CP082327_1_K6983_RS21995	46.6
NZ_CP021325_1_CA173_RS06475	NZ_CP082327_1_K6983_RS21305	31.4
NZ_CP021325_1_CA173_RS13195	NZ_CP082327_1_K6983_RS20200	37.6
NZ_CP021325_1_CA173_RS13195	NZ_CP082327_1_K6983_RS12045	26.7
NZ_CP021325_1_CA173_RS08335	NZ_CP082327_1_K6983_RS02345	27.5
NZ_CP021325_1_CA173_RS08335	NZ_CP082327_1_K6983_RS13020	27.0
NZ_CP021325_1_CA173_RS07790	NZ_CP082327_1_K6983_RS06635	32.9
NZ_CP021325_1_CA173_RS01115	NZ_CP082327_1_K6983_RS06220	54.5
NZ_CP021325_1_CA173_RS01115	NZ_CP082327_1_K6983_RS06185	42.2
NZ_CP021325_1_CA173_RS01115	NZ_CP082327_1_K6983_RS22285	26.0
NZ_CP021325_1_CA173_RS07880	NZ_CP082327_1_K6983_RS03225	40.5
NZ_CP021325_1_CA173_RS05610	NZ_CP082327_1_K6983_RS14760	31.8
NZ_CP021325_1_CA173_RS03660	NZ_CP082327_1_K6983_RS03525	59.0
NZ_CP021325_1_CA173_RS03660	NZ_CP082327_1_K6983_RS06160	30.7
NZ_CP021325_1_CA173_RS13765	NZ_CP082327_1_K6983_RS04570	51.8
NZ_CP021325_1_CA173_RS13765	NZ_CP082327_1_K6983_RS11980	44.9
NZ_CP021325_1_CA173_RS10575	NZ_CP082327_1_K6983_RS19400	43.9
NZ_CP021325_1_CA173_RS04370	NZ_CP082327_1_K6983_RS12825	36.4
NZ_CP021325_1_CA173_RS09920	NZ_CP082327_1_K6983_RS21465	32.6
NZ_CP021325_1_CA173_RS04295	NZ_CP082327_1_K6983_RS22045	41.9
NZ_CP021325_1_CA173_RS13010	NZ_CP082327_1_K6983_RS10180	49.8
NZ_CP021325_1_CA173_RS13010	NZ_CP082327_1_K6983_RS04420	42.1
NZ_CP021325_1_CA173_RS04520	NZ_CP082327_1_K6983_RS10290	27.5
NZ_CP021325_1_CA173_RS04520	NZ_CP082327_1_K6983_RS16735	23.4
NZ_CP021325_1_CA173_RS07220	NZ_CP082327_1_K6983_RS02710	53.5
NZ_CP021325_1_CA173_RS07220	NZ_CP082327_1_K6983_RS00595	31.6
NZ_CP021325_1_CA173_RS07220	NZ_CP082327_1_K6983_RS21790	36.1
NZ_CP021325_1_CA173_RS03775	NZ_CP082327_1_K6983_RS17855	29.9
NZ_CP021325_1_CA173_RS03775	NZ_CP082327_1_K6983_RS08685	34.1
NZ_CP021325_1_CA173_RS10920	NZ_CP082327_1_K6983_RS05430	33.8
NZ_CP021325_1_CA173_RS10920	NZ_CP082327_1_K6983_RS20330	28.8
NZ_CP021325_1_CA173_RS15005	NZ_CP082327_1_K6983_RS12520	58.5
NZ_CP021325_1_CA173_RS10090	NZ_CP082327_1_K6983_RS13100	33.6
NZ_CP021325_1_CA173_RS14490	NZ_CP082327_1_K6983_RS15185	53.5
NZ_CP021325_1_CA173_RS10120	NZ_CP082327_1_K6983_RS04035	39.8
NZ_CP021325_1_CA173_RS11820	NZ_CP082327_1_K6983_RS12290	34.8
NZ_CP021325_1_CA173_RS11820	NZ_CP082327_1_K6983_RS01205	36.4
NZ_CP021325_1_CA173_RS02250	NZ_CP082327_1_K6983_RS15485	26.0
NZ_CP021325_1_CA173_RS10420	NZ_CP082327_1_K6983_RS13895	29.8
NZ_CP021325_1_CA173_RS14950	NZ_CP082327_1_K6983_RS05040	28.1
NZ_CP021325_1_CA173_RS12565	NZ_CP082327_1_K6983_RS13365	25.2
NZ_CP021325_1_CA173_RS11010	NZ_CP082327_1_K6983_RS18875	44.3
NZ_CP021325_1_CA173_RS09965	NZ_CP082327_1_K6983_RS13710	27.2
NZ_CP021325_1_CA173_RS09985	NZ_CP082327_1_K6983_RS16315	28.7
NZ_CP021325_1_CA173_RS05705	NZ_CP082327_1_K6983_RS05645	33.9
NZ_CP021325_1_CA173_RS05705	NZ_CP082327_1_K6983_RS19990	23.6
NZ_CP021325_1_CA173_RS03300	NZ_CP082327_1_K6983_RS10760	34.9
NZ_CP021325_1_CA173_RS10770	NZ_CP082327_1_K6983_RS19405	45.6
NZ_CP021325_1_CA173_RS11445	NZ_CP082327_1_K6983_RS20965	36.2
NZ_CP021325_1_CA173_RS13270	NZ_CP082327_1_K6983_RS20035	40.4
NZ_CP021325_1_CA173_RS01975	NZ_CP082327_1_K6983_RS06445	22.5
NZ_CP021325_1_CA173_RS02875	NZ_CP082327_1_K6983_RS09515	57.7
NZ_CP021325_1_CA173_RS07255	NZ_CP082327_1_K6983_RS20295	32.0
NZ_CP021325_1_CA173_RS11330	NZ_CP082327_1_K6983_RS06745	47.4
NZ_CP021325_1_CA173_RS11330	NZ_CP082327_1_K6983_RS06045	43.3
NZ_CP021325_1_CA173_RS09925	NZ_CP082327_1_K6983_RS00340	44.9
NZ_CP021325_1_CA173_RS07780	NZ_CP082327_1_K6983_RS05935	40.5
NZ_CP021325_1_CA173_RS05580	NZ_CP082327_1_K6983_RS14850	34.9
NZ_CP021325_1_CA173_RS08475	NZ_CP082327_1_K6983_RS10200	50.8
NZ_CP021325_1_CA173_RS08475	NZ_CP082327_1_K6983_RS09035	39.1
NZ_CP021325_1_CA173_RS00380	NZ_CP082327_1_K6983_RS07180	31.1
NZ_CP021325_1_CA173_RS05855	NZ_CP082327_1_K6983_RS05780	50.5
NZ_CP021325_1_CA173_RS02525	NZ_CP082327_1_K6983_RS10110	55.8
NZ_CP021325_1_CA173_RS06170	NZ_CP082327_1_K6983_RS06095	52.1
NZ_CP021325_1_CA173_RS15305	NZ_CP082327_1_K6983_RS11910	78.3
NZ_CP021325_1_CA173_RS05170	NZ_CP082327_1_K6983_RS07805	33.1
NZ_CP021325_1_CA173_RS05170	NZ_CP082327_1_K6983_RS11565	38.3
NZ_CP021325_1_CA173_RS05170	NZ_CP082327_1_K6983_RS02765	32.8
NZ_CP021325_1_CA173_RS04615	NZ_CP082327_1_K6983_RS01400	26.0
NZ_CP021325_1_CA173_RS04615	NZ_CP082327_1_K6983_RS07490	24.8
NZ_CP021325_1_CA173_RS14285	NZ_CP082327_1_K6983_RS01890	74.8
NZ_CP021325_1_CA173_RS14285	NZ_CP082327_1_K6983_RS21245	74.8
NZ_CP021325_1_CA173_RS06155	NZ_CP082327_1_K6983_RS06080	35.5
NZ_CP021325_1_CA173_RS00680	NZ_CP082327_1_K6983_RS14505	26.3
NZ_CP021325_1_CA173_RS00680	NZ_CP082327_1_K6983_RS00850	24.9
NZ_CP021325_1_CA173_RS00680	NZ_CP082327_1_K6983_RS12005	21.9
NZ_CP021325_1_CA173_RS11095	NZ_CP082327_1_K6983_RS16730	39.6
NZ_CP021325_1_CA173_RS15295	NZ_CP082327_1_K6983_RS11900	70.6
NZ_CP021325_1_CA173_RS08770	NZ_CP082327_1_K6983_RS12205	29.3
NZ_CP021325_1_CA173_RS01495	NZ_CP082327_1_K6983_RS18475	36.7
NZ_CP021325_1_CA173_RS01495	NZ_CP082327_1_K6983_RS02405	36.7
NZ_CP021325_1_CA173_RS01495	NZ_CP082327_1_K6983_RS02400	29.9
NZ_CP021325_1_CA173_RS11840	NZ_CP082327_1_K6983_RS01665	56.8
NZ_CP021325_1_CA173_RS09595	NZ_CP082327_1_K6983_RS21115	48.0
NZ_CP021325_1_CA173_RS13725	NZ_CP082327_1_K6983_RS22235	55.1
NZ_CP021325_1_CA173_RS05585	NZ_CP082327_1_K6983_RS14520	29.0
NZ_CP021325_1_CA173_RS11885	NZ_CP082327_1_K6983_RS14735	30.4
NZ_CP021325_1_CA173_RS08495	NZ_CP082327_1_K6983_RS18365	35.3
NZ_CP021325_1_CA173_RS00270	NZ_CP082327_1_K6983_RS20875	46.0
NZ_CP021325_1_CA173_RS01210	NZ_CP082327_1_K6983_RS06300	37.1
NZ_CP021325_1_CA173_RS12040	NZ_CP082327_1_K6983_RS10125	42.0
NZ_CP021325_1_CA173_RS12040	NZ_CP082327_1_K6983_RS10120	35.8
NZ_CP021325_1_CA173_RS11150	NZ_CP082327_1_K6983_RS20395	63.5
NZ_CP021325_1_CA173_RS07440	NZ_CP082327_1_K6983_RS05225	32.4
NZ_CP021325_1_CA173_RS09485	NZ_CP082327_1_K6983_RS00200	39.0
NZ_CP021325_1_CA173_RS01615	NZ_CP082327_1_K6983_RS07720	41.7
NZ_CP021325_1_CA173_RS03955	NZ_CP082327_1_K6983_RS22495	41.3
NZ_CP021325_1_CA173_RS06125	NZ_CP082327_1_K6983_RS00700	26.1
NZ_CP021325_1_CA173_RS01130	NZ_CP082327_1_K6983_RS02665	42.4
NZ_CP021325_1_CA173_RS13340	NZ_CP082327_1_K6983_RS14870	40.1
NZ_CP021325_1_CA173_RS00075	NZ_CP082327_1_K6983_RS16720	45.7
NZ_CP021325_1_CA173_RS08030	NZ_CP082327_1_K6983_RS16660	39.0
NZ_CP021325_1_CA173_RS10925	NZ_CP082327_1_K6983_RS18745	36.7
NZ_CP021325_1_CA173_RS01820	NZ_CP082327_1_K6983_RS01390	49.3
