NZ_CP021325_1_CA173_RS15085	NZ_CP021325_1_CA173_RS15085	100.0
NZ_CP021325_1_CA173_RS08795	NZ_CP021325_1_CA173_RS08795	100.0
NZ_CP021325_1_CA173_RS03915	NZ_CP021325_1_CA173_RS03915	100.0
NZ_CP021325_1_CA173_RS11250	NZ_CP021325_1_CA173_RS11250	100.0
NZ_CP021325_1_CA173_RS03770	NZ_CP021325_1_CA173_RS03770	100.0
NZ_CP021325_1_CA173_RS06485	NZ_CP021325_1_CA173_RS06485	100.0
NZ_CP021325_1_CA173_RS13185	NZ_CP021325_1_CA173_RS13185	100.0
NZ_CP021325_1_CA173_RS06010	NZ_CP021325_1_CA173_RS06010	100.0
NZ_CP021325_1_CA173_RS14175	NZ_CP021325_1_CA173_RS14175	100.0
NZ_CP021325_1_CA173_RS07480	NZ_CP021325_1_CA173_RS07480	100.0
NZ_CP021325_1_CA173_RS11625	NZ_CP021325_1_CA173_RS11625	100.0
NZ_CP021325_1_CA173_RS03560	NZ_CP021325_1_CA173_RS03560	100.0
NZ_CP021325_1_CA173_RS03205	NZ_CP021325_1_CA173_RS03205	100.0
NZ_CP021325_1_CA173_RS01875	NZ_CP021325_1_CA173_RS01875	100.0
NZ_CP021325_1_CA173_RS01350	NZ_CP021325_1_CA173_RS01350	100.0
NZ_CP021325_1_CA173_RS03910	NZ_CP021325_1_CA173_RS03910	100.0
NZ_CP021325_1_CA173_RS06195	NZ_CP021325_1_CA173_RS06195	100.0
NZ_CP021325_1_CA173_RS00565	NZ_CP021325_1_CA173_RS00565	100.0
NZ_CP021325_1_CA173_RS13660	NZ_CP021325_1_CA173_RS13660	100.0
NZ_CP021325_1_CA173_RS13680	NZ_CP021325_1_CA173_RS13680	100.0
NZ_CP021325_1_CA173_RS09015	NZ_CP021325_1_CA173_RS09015	100.0
NZ_CP021325_1_CA173_RS12445	NZ_CP021325_1_CA173_RS12445	100.0
NZ_CP021325_1_CA173_RS04135	NZ_CP021325_1_CA173_RS04135	100.0
NZ_CP021325_1_CA173_RS02670	NZ_CP021325_1_CA173_RS02670	100.0
NZ_CP021325_1_CA173_RS06050	NZ_CP021325_1_CA173_RS06050	100.0
NZ_CP021325_1_CA173_RS12895	NZ_CP021325_1_CA173_RS12895	100.0
NZ_CP021325_1_CA173_RS08345	NZ_CP021325_1_CA173_RS08345	100.0
NZ_CP021325_1_CA173_RS14040	NZ_CP021325_1_CA173_RS14040	100.0
NZ_CP021325_1_CA173_RS08170	NZ_CP021325_1_CA173_RS08170	100.0
NZ_CP021325_1_CA173_RS10465	NZ_CP021325_1_CA173_RS10465	100.0
NZ_CP021325_1_CA173_RS02340	NZ_CP021325_1_CA173_RS02340	100.0
NZ_CP021325_1_CA173_RS01220	NZ_CP021325_1_CA173_RS01220	100.0
NZ_CP021325_1_CA173_RS00055	NZ_CP021325_1_CA173_RS00055	100.0
NZ_CP021325_1_CA173_RS10975	NZ_CP021325_1_CA173_RS10975	100.0
NZ_CP021325_1_CA173_RS04780	NZ_CP021325_1_CA173_RS04780	100.0
NZ_CP021325_1_CA173_RS12540	NZ_CP021325_1_CA173_RS12540	100.0
NZ_CP021325_1_CA173_RS14380	NZ_CP021325_1_CA173_RS14380	100.0
NZ_CP021325_1_CA173_RS09795	NZ_CP021325_1_CA173_RS09795	100.0
NZ_CP021325_1_CA173_RS11185	NZ_CP021325_1_CA173_RS11185	100.0
NZ_CP021325_1_CA173_RS08305	NZ_CP021325_1_CA173_RS08305	100.0
NZ_CP021325_1_CA173_RS03270	NZ_CP021325_1_CA173_RS03270	100.0
NZ_CP021325_1_CA173_RS14990	NZ_CP021325_1_CA173_RS14990	100.0
NZ_CP021325_1_CA173_RS09180	NZ_CP021325_1_CA173_RS09180	100.0
NZ_CP021325_1_CA173_RS07365	NZ_CP021325_1_CA173_RS07365	100.0
NZ_CP021325_1_CA173_RS00440	NZ_CP021325_1_CA173_RS00440	100.0
NZ_CP021325_1_CA173_RS11685	NZ_CP021325_1_CA173_RS11685	100.0
NZ_CP021325_1_CA173_RS13370	NZ_CP021325_1_CA173_RS13370	100.0
NZ_CP021325_1_CA173_RS01650	NZ_CP021325_1_CA173_RS01650	100.0
NZ_CP021325_1_CA173_RS00390	NZ_CP021325_1_CA173_RS00390	100.0
NZ_CP021325_1_CA173_RS06245	NZ_CP021325_1_CA173_RS06245	100.0
NZ_CP021325_1_CA173_RS08370	NZ_CP021325_1_CA173_RS08370	100.0
NZ_CP021325_1_CA173_RS00950	NZ_CP021325_1_CA173_RS00950	100.0
NZ_CP021325_1_CA173_RS14365	NZ_CP021325_1_CA173_RS14365	100.0
NZ_CP021325_1_CA173_RS08955	NZ_CP021325_1_CA173_RS08955	100.0
NZ_CP021325_1_CA173_RS13320	NZ_CP021325_1_CA173_RS13320	100.0
NZ_CP021325_1_CA173_RS11950	NZ_CP021325_1_CA173_RS11950	100.0
NZ_CP021325_1_CA173_RS07240	NZ_CP021325_1_CA173_RS07240	100.0
NZ_CP021325_1_CA173_RS08415	NZ_CP021325_1_CA173_RS08415	100.0
NZ_CP021325_1_CA173_RS02755	NZ_CP021325_1_CA173_RS02755	100.0
NZ_CP021325_1_CA173_RS01945	NZ_CP021325_1_CA173_RS01945	100.0
NZ_CP021325_1_CA173_RS05000	NZ_CP021325_1_CA173_RS05000	100.0
NZ_CP021325_1_CA173_RS12275	NZ_CP021325_1_CA173_RS12275	100.0
NZ_CP021325_1_CA173_RS10280	NZ_CP021325_1_CA173_RS10280	100.0
NZ_CP021325_1_CA173_RS05835	NZ_CP021325_1_CA173_RS05835	100.0
NZ_CP021325_1_CA173_RS00210	NZ_CP021325_1_CA173_RS00210	100.0
NZ_CP021325_1_CA173_RS09445	NZ_CP021325_1_CA173_RS09445	100.0
NZ_CP021325_1_CA173_RS07135	NZ_CP021325_1_CA173_RS07135	100.0
NZ_CP021325_1_CA173_RS05575	NZ_CP021325_1_CA173_RS05575	100.0
NZ_CP021325_1_CA173_RS07450	NZ_CP021325_1_CA173_RS07450	100.0
NZ_CP021325_1_CA173_RS03010	NZ_CP021325_1_CA173_RS03010	100.0
NZ_CP021325_1_CA173_RS04165	NZ_CP021325_1_CA173_RS04165	100.0
NZ_CP021325_1_CA173_RS15585	NZ_CP021325_1_CA173_RS15585	100.0
NZ_CP021325_1_CA173_RS13215	NZ_CP021325_1_CA173_RS13215	100.0
NZ_CP021325_1_CA173_RS08945	NZ_CP021325_1_CA173_RS08945	100.0
NZ_CP021325_1_CA173_RS11065	NZ_CP021325_1_CA173_RS11065	100.0
NZ_CP021325_1_CA173_RS11025	NZ_CP021325_1_CA173_RS11025	100.0
NZ_CP021325_1_CA173_RS07235	NZ_CP021325_1_CA173_RS07235	100.0
NZ_CP021325_1_CA173_RS03860	NZ_CP021325_1_CA173_RS03860	100.0
NZ_CP021325_1_CA173_RS15065	NZ_CP021325_1_CA173_RS15065	100.0
NZ_CP021325_1_CA173_RS13705	NZ_CP021325_1_CA173_RS13705	100.0
NZ_CP021325_1_CA173_RS02730	NZ_CP021325_1_CA173_RS02730	100.0
NZ_CP021325_1_CA173_RS12830	NZ_CP021325_1_CA173_RS12830	100.0
NZ_CP021325_1_CA173_RS10035	NZ_CP021325_1_CA173_RS10035	100.0
NZ_CP021325_1_CA173_RS11980	NZ_CP021325_1_CA173_RS11980	100.0
NZ_CP021325_1_CA173_RS13735	NZ_CP021325_1_CA173_RS13735	100.0
NZ_CP021325_1_CA173_RS03725	NZ_CP021325_1_CA173_RS03725	100.0
NZ_CP021325_1_CA173_RS12630	NZ_CP021325_1_CA173_RS12630	100.0
NZ_CP021325_1_CA173_RS09010	NZ_CP021325_1_CA173_RS09010	100.0
NZ_CP021325_1_CA173_RS02230	NZ_CP021325_1_CA173_RS02230	100.0
NZ_CP021325_1_CA173_RS08570	NZ_CP021325_1_CA173_RS08570	100.0
NZ_CP021325_1_CA173_RS15250	NZ_CP021325_1_CA173_RS15250	100.0
NZ_CP021325_1_CA173_RS04480	NZ_CP021325_1_CA173_RS04480	100.0
NZ_CP021325_1_CA173_RS11115	NZ_CP021325_1_CA173_RS11115	100.0
NZ_CP021325_1_CA173_RS11290	NZ_CP021325_1_CA173_RS11290	100.0
NZ_CP021325_1_CA173_RS15245	NZ_CP021325_1_CA173_RS15245	100.0
NZ_CP021325_1_CA173_RS03830	NZ_CP021325_1_CA173_RS03830	100.0
NZ_CP021325_1_CA173_RS08505	NZ_CP021325_1_CA173_RS08505	100.0
NZ_CP021325_1_CA173_RS12495	NZ_CP021325_1_CA173_RS12495	100.0
NZ_CP021325_1_CA173_RS08080	NZ_CP021325_1_CA173_RS08080	100.0
NZ_CP021325_1_CA173_RS04965	NZ_CP021325_1_CA173_RS04965	100.0
NZ_CP021325_1_CA173_RS14200	NZ_CP021325_1_CA173_RS14200	100.0
NZ_CP021325_1_CA173_RS09845	NZ_CP021325_1_CA173_RS09845	100.0
NZ_CP021325_1_CA173_RS05140	NZ_CP021325_1_CA173_RS05140	100.0
NZ_CP021325_1_CA173_RS00255	NZ_CP021325_1_CA173_RS00255	100.0
NZ_CP021325_1_CA173_RS11090	NZ_CP021325_1_CA173_RS11090	100.0
NZ_CP021325_1_CA173_RS06680	NZ_CP021325_1_CA173_RS06680	100.0
NZ_CP021325_1_CA173_RS06615	NZ_CP021325_1_CA173_RS06615	100.0
NZ_CP021325_1_CA173_RS03740	NZ_CP021325_1_CA173_RS03740	100.0
NZ_CP021325_1_CA173_RS08065	NZ_CP021325_1_CA173_RS08065	100.0
NZ_CP021325_1_CA173_RS05220	NZ_CP021325_1_CA173_RS05220	100.0
NZ_CP021325_1_CA173_RS07570	NZ_CP021325_1_CA173_RS07570	100.0
NZ_CP021325_1_CA173_RS00010	NZ_CP021325_1_CA173_RS00010	100.0
NZ_CP021325_1_CA173_RS01965	NZ_CP021325_1_CA173_RS01965	100.0
NZ_CP021325_1_CA173_RS01460	NZ_CP021325_1_CA173_RS01460	100.0
NZ_CP021325_1_CA173_RS06150	NZ_CP021325_1_CA173_RS06150	100.0
NZ_CP021325_1_CA173_RS12095	NZ_CP021325_1_CA173_RS12095	100.0
NZ_CP021325_1_CA173_RS08775	NZ_CP021325_1_CA173_RS08775	100.0
NZ_CP021325_1_CA173_RS07990	NZ_CP021325_1_CA173_RS07990	100.0
NZ_CP021325_1_CA173_RS07090	NZ_CP021325_1_CA173_RS07090	100.0
NZ_CP021325_1_CA173_RS04285	NZ_CP021325_1_CA173_RS04285	100.0
NZ_CP021325_1_CA173_RS05920	NZ_CP021325_1_CA173_RS05920	100.0
NZ_CP021325_1_CA173_RS10720	NZ_CP021325_1_CA173_RS10720	100.0
NZ_CP021325_1_CA173_RS01145	NZ_CP021325_1_CA173_RS01145	100.0
NZ_CP021325_1_CA173_RS06990	NZ_CP021325_1_CA173_RS06990	100.0
NZ_CP021325_1_CA173_RS15315	NZ_CP021325_1_CA173_RS15315	100.0
NZ_CP021325_1_CA173_RS10380	NZ_CP021325_1_CA173_RS10380	100.0
NZ_CP021325_1_CA173_RS12555	NZ_CP021325_1_CA173_RS12555	100.0
NZ_CP021325_1_CA173_RS09675	NZ_CP021325_1_CA173_RS09675	100.0
NZ_CP021325_1_CA173_RS13245	NZ_CP021325_1_CA173_RS13245	100.0
NZ_CP021325_1_CA173_RS04455	NZ_CP021325_1_CA173_RS04455	100.0
NZ_CP021325_1_CA173_RS08855	NZ_CP021325_1_CA173_RS08855	100.0
NZ_CP021325_1_CA173_RS08650	NZ_CP021325_1_CA173_RS08650	100.0
NZ_CP021325_1_CA173_RS07060	NZ_CP021325_1_CA173_RS07060	100.0
NZ_CP021325_1_CA173_RS01295	NZ_CP021325_1_CA173_RS01295	100.0
NZ_CP021325_1_CA173_RS02115	NZ_CP021325_1_CA173_RS02115	100.0
NZ_CP021325_1_CA173_RS14230	NZ_CP021325_1_CA173_RS14230	100.0
NZ_CP021325_1_CA173_RS04105	NZ_CP021325_1_CA173_RS04105	100.0
NZ_CP021325_1_CA173_RS10340	NZ_CP021325_1_CA173_RS10340	100.0
NZ_CP021325_1_CA173_RS00435	NZ_CP021325_1_CA173_RS00435	100.0
NZ_CP021325_1_CA173_RS07415	NZ_CP021325_1_CA173_RS07415	100.0
NZ_CP021325_1_CA173_RS09390	NZ_CP021325_1_CA173_RS09390	100.0
NZ_CP021325_1_CA173_RS07690	NZ_CP021325_1_CA173_RS07690	100.0
NZ_CP021325_1_CA173_RS00375	NZ_CP021325_1_CA173_RS00375	100.0
NZ_CP021325_1_CA173_RS07050	NZ_CP021325_1_CA173_RS07050	100.0
NZ_CP021325_1_CA173_RS12625	NZ_CP021325_1_CA173_RS12625	100.0
NZ_CP021325_1_CA173_RS11565	NZ_CP021325_1_CA173_RS11565	100.0
NZ_CP021325_1_CA173_RS09945	NZ_CP021325_1_CA173_RS09945	100.0
NZ_CP021325_1_CA173_RS09460	NZ_CP021325_1_CA173_RS09460	100.0
NZ_CP021325_1_CA173_RS03045	NZ_CP021325_1_CA173_RS03045	100.0
NZ_CP021325_1_CA173_RS04280	NZ_CP021325_1_CA173_RS04280	100.0
NZ_CP021325_1_CA173_RS12595	NZ_CP021325_1_CA173_RS12595	100.0
NZ_CP021325_1_CA173_RS05305	NZ_CP021325_1_CA173_RS05305	100.0
NZ_CP021325_1_CA173_RS10615	NZ_CP021325_1_CA173_RS10615	100.0
NZ_CP021325_1_CA173_RS06965	NZ_CP021325_1_CA173_RS06965	100.0
NZ_CP021325_1_CA173_RS08105	NZ_CP021325_1_CA173_RS08105	100.0
NZ_CP021325_1_CA173_RS10330	NZ_CP021325_1_CA173_RS10330	100.0
NZ_CP021325_1_CA173_RS10355	NZ_CP021325_1_CA173_RS10355	100.0
NZ_CP021325_1_CA173_RS05490	NZ_CP021325_1_CA173_RS05490	100.0
NZ_CP021325_1_CA173_RS03825	NZ_CP021325_1_CA173_RS03825	100.0
NZ_CP021325_1_CA173_RS03850	NZ_CP021325_1_CA173_RS03850	100.0
NZ_CP021325_1_CA173_RS01870	NZ_CP021325_1_CA173_RS01870	100.0
NZ_CP021325_1_CA173_RS14160	NZ_CP021325_1_CA173_RS14160	100.0
NZ_CP021325_1_CA173_RS07160	NZ_CP021325_1_CA173_RS07160	100.0
NZ_CP021325_1_CA173_RS00660	NZ_CP021325_1_CA173_RS00660	100.0
NZ_CP021325_1_CA173_RS14655	NZ_CP021325_1_CA173_RS14655	100.0
NZ_CP021325_1_CA173_RS14195	NZ_CP021325_1_CA173_RS14195	100.0
NZ_CP021325_1_CA173_RS04290	NZ_CP021325_1_CA173_RS04290	100.0
NZ_CP021325_1_CA173_RS01605	NZ_CP021325_1_CA173_RS01605	100.0
NZ_CP021325_1_CA173_RS04275	NZ_CP021325_1_CA173_RS04275	100.0
NZ_CP021325_1_CA173_RS14940	NZ_CP021325_1_CA173_RS14940	100.0
NZ_CP021325_1_CA173_RS15035	NZ_CP021325_1_CA173_RS15035	100.0
NZ_CP021325_1_CA173_RS13540	NZ_CP021325_1_CA173_RS13540	100.0
NZ_CP021325_1_CA173_RS11975	NZ_CP021325_1_CA173_RS11975	100.0
NZ_CP021325_1_CA173_RS00240	NZ_CP021325_1_CA173_RS00240	100.0
NZ_CP021325_1_CA173_RS02835	NZ_CP021325_1_CA173_RS02835	100.0
NZ_CP021325_1_CA173_RS14825	NZ_CP021325_1_CA173_RS14825	100.0
NZ_CP021325_1_CA173_RS00065	NZ_CP021325_1_CA173_RS00065	100.0
NZ_CP021325_1_CA173_RS10960	NZ_CP021325_1_CA173_RS10960	100.0
NZ_CP021325_1_CA173_RS15375	NZ_CP021325_1_CA173_RS15375	100.0
NZ_CP021325_1_CA173_RS10135	NZ_CP021325_1_CA173_RS10135	100.0
NZ_CP021325_1_CA173_RS11385	NZ_CP021325_1_CA173_RS11385	100.0
NZ_CP021325_1_CA173_RS12845	NZ_CP021325_1_CA173_RS12845	100.0
NZ_CP021325_1_CA173_RS08225	NZ_CP021325_1_CA173_RS08225	100.0
NZ_CP021325_1_CA173_RS08135	NZ_CP021325_1_CA173_RS08135	100.0
NZ_CP021325_1_CA173_RS10145	NZ_CP021325_1_CA173_RS10145	100.0
NZ_CP021325_1_CA173_RS05275	NZ_CP021325_1_CA173_RS05275	100.0
NZ_CP021325_1_CA173_RS12960	NZ_CP021325_1_CA173_RS12960	100.0
NZ_CP021325_1_CA173_RS00385	NZ_CP021325_1_CA173_RS00385	100.0
NZ_CP021325_1_CA173_RS00320	NZ_CP021325_1_CA173_RS00320	100.0
NZ_CP021325_1_CA173_RS01505	NZ_CP021325_1_CA173_RS01505	100.0
NZ_CP021325_1_CA173_RS13820	NZ_CP021325_1_CA173_RS13820	100.0
NZ_CP021325_1_CA173_RS06215	NZ_CP021325_1_CA173_RS06215	100.0
NZ_CP021325_1_CA173_RS01610	NZ_CP021325_1_CA173_RS01610	100.0
NZ_CP021325_1_CA173_RS15100	NZ_CP021325_1_CA173_RS15100	100.0
NZ_CP021325_1_CA173_RS13825	NZ_CP021325_1_CA173_RS13825	100.0
NZ_CP021325_1_CA173_RS09295	NZ_CP021325_1_CA173_RS09295	100.0
NZ_CP021325_1_CA173_RS06890	NZ_CP021325_1_CA173_RS06890	100.0
NZ_CP021325_1_CA173_RS01590	NZ_CP021325_1_CA173_RS01590	100.0
NZ_CP021325_1_CA173_RS06255	NZ_CP021325_1_CA173_RS06255	100.0
NZ_CP021325_1_CA173_RS04475	NZ_CP021325_1_CA173_RS04475	100.0
NZ_CP021325_1_CA173_RS13635	NZ_CP021325_1_CA173_RS13635	100.0
NZ_CP021325_1_CA173_RS03590	NZ_CP021325_1_CA173_RS03590	100.0
NZ_CP021325_1_CA173_RS11755	NZ_CP021325_1_CA173_RS11755	100.0
NZ_CP021325_1_CA173_RS09365	NZ_CP021325_1_CA173_RS09365	100.0
NZ_CP021325_1_CA173_RS01880	NZ_CP021325_1_CA173_RS01880	100.0
NZ_CP021325_1_CA173_RS13360	NZ_CP021325_1_CA173_RS13360	100.0
NZ_CP021325_1_CA173_RS01015	NZ_CP021325_1_CA173_RS01015	100.0
NZ_CP021325_1_CA173_RS10510	NZ_CP021325_1_CA173_RS10510	100.0
NZ_CP021325_1_CA173_RS07620	NZ_CP021325_1_CA173_RS07620	100.0
NZ_CP021325_1_CA173_RS05370	NZ_CP021325_1_CA173_RS05370	100.0
NZ_CP021325_1_CA173_RS04265	NZ_CP021325_1_CA173_RS04265	100.0
NZ_CP021325_1_CA173_RS15300	NZ_CP021325_1_CA173_RS15300	100.0
NZ_CP021325_1_CA173_RS12575	NZ_CP021325_1_CA173_RS12575	100.0
NZ_CP021325_1_CA173_RS07325	NZ_CP021325_1_CA173_RS07325	100.0
NZ_CP021325_1_CA173_RS04035	NZ_CP021325_1_CA173_RS04035	100.0
NZ_CP021325_1_CA173_RS10325	NZ_CP021325_1_CA173_RS10325	100.0
NZ_CP021325_1_CA173_RS08790	NZ_CP021325_1_CA173_RS08790	100.0
NZ_CP021325_1_CA173_RS05805	NZ_CP021325_1_CA173_RS05805	100.0
NZ_CP021325_1_CA173_RS03060	NZ_CP021325_1_CA173_RS03060	100.0
NZ_CP021325_1_CA173_RS10760	NZ_CP021325_1_CA173_RS10760	100.0
NZ_CP021325_1_CA173_RS02235	NZ_CP021325_1_CA173_RS02235	100.0
NZ_CP021325_1_CA173_RS07080	NZ_CP021325_1_CA173_RS07080	100.0
NZ_CP021325_1_CA173_RS04920	NZ_CP021325_1_CA173_RS04920	100.0
NZ_CP021325_1_CA173_RS13250	NZ_CP021325_1_CA173_RS13250	100.0
NZ_CP021325_1_CA173_RS13860	NZ_CP021325_1_CA173_RS13860	100.0
NZ_CP021325_1_CA173_RS05425	NZ_CP021325_1_CA173_RS05425	100.0
NZ_CP021325_1_CA173_RS13745	NZ_CP021325_1_CA173_RS13745	100.0
NZ_CP021325_1_CA173_RS12045	NZ_CP021325_1_CA173_RS12045	100.0
NZ_CP021325_1_CA173_RS03800	NZ_CP021325_1_CA173_RS03800	100.0
NZ_CP021325_1_CA173_RS11400	NZ_CP021325_1_CA173_RS11400	100.0
NZ_CP021325_1_CA173_RS14555	NZ_CP021325_1_CA173_RS14555	100.0
NZ_CP021325_1_CA173_RS15120	NZ_CP021325_1_CA173_RS15120	100.0
NZ_CP021325_1_CA173_RS00175	NZ_CP021325_1_CA173_RS00175	100.0
NZ_CP021325_1_CA173_RS09405	NZ_CP021325_1_CA173_RS09405	100.0
NZ_CP021325_1_CA173_RS12315	NZ_CP021325_1_CA173_RS12315	100.0
NZ_CP021325_1_CA173_RS11635	NZ_CP021325_1_CA173_RS11635	100.0
NZ_CP021325_1_CA173_RS11875	NZ_CP021325_1_CA173_RS11875	100.0
NZ_CP021325_1_CA173_RS13350	NZ_CP021325_1_CA173_RS13350	100.0
NZ_CP021325_1_CA173_RS08800	NZ_CP021325_1_CA173_RS08800	100.0
NZ_CP021325_1_CA173_RS01600	NZ_CP021325_1_CA173_RS01600	100.0
NZ_CP021325_1_CA173_RS10840	NZ_CP021325_1_CA173_RS10840	100.0
NZ_CP021325_1_CA173_RS11660	NZ_CP021325_1_CA173_RS11660	100.0
NZ_CP021325_1_CA173_RS14680	NZ_CP021325_1_CA173_RS14680	100.0
NZ_CP021325_1_CA173_RS08035	NZ_CP021325_1_CA173_RS08035	100.0
NZ_CP021325_1_CA173_RS13550	NZ_CP021325_1_CA173_RS13550	100.0
NZ_CP021325_1_CA173_RS05700	NZ_CP021325_1_CA173_RS05700	100.0
NZ_CP021325_1_CA173_RS09610	NZ_CP021325_1_CA173_RS09610	100.0
NZ_CP021325_1_CA173_RS07795	NZ_CP021325_1_CA173_RS07795	100.0
NZ_CP021325_1_CA173_RS07525	NZ_CP021325_1_CA173_RS07525	100.0
NZ_CP021325_1_CA173_RS01305	NZ_CP021325_1_CA173_RS01305	100.0
NZ_CP021325_1_CA173_RS09940	NZ_CP021325_1_CA173_RS09940	100.0
NZ_CP021325_1_CA173_RS07860	NZ_CP021325_1_CA173_RS07860	100.0
NZ_CP021325_1_CA173_RS14245	NZ_CP021325_1_CA173_RS14245	100.0
NZ_CP021325_1_CA173_RS10945	NZ_CP021325_1_CA173_RS10945	100.0
NZ_CP021325_1_CA173_RS11370	NZ_CP021325_1_CA173_RS11370	100.0
NZ_CP021325_1_CA173_RS02850	NZ_CP021325_1_CA173_RS02850	100.0
NZ_CP021325_1_CA173_RS03200	NZ_CP021325_1_CA173_RS03200	100.0
NZ_CP021325_1_CA173_RS02705	NZ_CP021325_1_CA173_RS02705	100.0
NZ_CP021325_1_CA173_RS04260	NZ_CP021325_1_CA173_RS04260	100.0
NZ_CP021325_1_CA173_RS07970	NZ_CP021325_1_CA173_RS07970	100.0
NZ_CP021325_1_CA173_RS09825	NZ_CP021325_1_CA173_RS09825	100.0
NZ_CP021325_1_CA173_RS04680	NZ_CP021325_1_CA173_RS04680	100.0
NZ_CP021325_1_CA173_RS13225	NZ_CP021325_1_CA173_RS13225	100.0
NZ_CP021325_1_CA173_RS13795	NZ_CP021325_1_CA173_RS13795	100.0
NZ_CP021325_1_CA173_RS11910	NZ_CP021325_1_CA173_RS11910	100.0
NZ_CP021325_1_CA173_RS09570	NZ_CP021325_1_CA173_RS09570	100.0
NZ_CP021325_1_CA173_RS13465	NZ_CP021325_1_CA173_RS13465	100.0
NZ_CP021325_1_CA173_RS04880	NZ_CP021325_1_CA173_RS04880	100.0
NZ_CP021325_1_CA173_RS06240	NZ_CP021325_1_CA173_RS06240	100.0
NZ_CP021325_1_CA173_RS12810	NZ_CP021325_1_CA173_RS12810	100.0
NZ_CP021325_1_CA173_RS02240	NZ_CP021325_1_CA173_RS02240	100.0
NZ_CP021325_1_CA173_RS08430	NZ_CP021325_1_CA173_RS08430	100.0
NZ_CP021325_1_CA173_RS13475	NZ_CP021325_1_CA173_RS13475	100.0
NZ_CP021325_1_CA173_RS10785	NZ_CP021325_1_CA173_RS10785	100.0
NZ_CP021325_1_CA173_RS12610	NZ_CP021325_1_CA173_RS12610	100.0
NZ_CP021325_1_CA173_RS07405	NZ_CP021325_1_CA173_RS07405	100.0
NZ_CP021325_1_CA173_RS10230	NZ_CP021325_1_CA173_RS10230	100.0
NZ_CP021325_1_CA173_RS07205	NZ_CP021325_1_CA173_RS07205	100.0
NZ_CP021325_1_CA173_RS11260	NZ_CP021325_1_CA173_RS11260	100.0
NZ_CP021325_1_CA173_RS03930	NZ_CP021325_1_CA173_RS03930	100.0
NZ_CP021325_1_CA173_RS10485	NZ_CP021325_1_CA173_RS10485	100.0
NZ_CP021325_1_CA173_RS13365	NZ_CP021325_1_CA173_RS13365	100.0
NZ_CP021325_1_CA173_RS07895	NZ_CP021325_1_CA173_RS07895	100.0
NZ_CP021325_1_CA173_RS10750	NZ_CP021325_1_CA173_RS10750	100.0
NZ_CP021325_1_CA173_RS02975	NZ_CP021325_1_CA173_RS02975	100.0
NZ_CP021325_1_CA173_RS09465	NZ_CP021325_1_CA173_RS09465	100.0
NZ_CP021325_1_CA173_RS10695	NZ_CP021325_1_CA173_RS10695	100.0
NZ_CP021325_1_CA173_RS01200	NZ_CP021325_1_CA173_RS01200	100.0
NZ_CP021325_1_CA173_RS07875	NZ_CP021325_1_CA173_RS07875	100.0
NZ_CP021325_1_CA173_RS04450	NZ_CP021325_1_CA173_RS04450	100.0
NZ_CP021325_1_CA173_RS01865	NZ_CP021325_1_CA173_RS01865	100.0
NZ_CP021325_1_CA173_RS09560	NZ_CP021325_1_CA173_RS09560	100.0
NZ_CP021325_1_CA173_RS04700	NZ_CP021325_1_CA173_RS04700	100.0
NZ_CP021325_1_CA173_RS00300	NZ_CP021325_1_CA173_RS00300	100.0
NZ_CP021325_1_CA173_RS01270	NZ_CP021325_1_CA173_RS01270	100.0
NZ_CP021325_1_CA173_RS10430	NZ_CP021325_1_CA173_RS10430	100.0
NZ_CP021325_1_CA173_RS08455	NZ_CP021325_1_CA173_RS08455	100.0
NZ_CP021325_1_CA173_RS00985	NZ_CP021325_1_CA173_RS00985	100.0
NZ_CP021325_1_CA173_RS00810	NZ_CP021325_1_CA173_RS00810	100.0
NZ_CP021325_1_CA173_RS12165	NZ_CP021325_1_CA173_RS12165	100.0
NZ_CP021325_1_CA173_RS06410	NZ_CP021325_1_CA173_RS06410	100.0
NZ_CP021325_1_CA173_RS05455	NZ_CP021325_1_CA173_RS05455	100.0
NZ_CP021325_1_CA173_RS00025	NZ_CP021325_1_CA173_RS00025	100.0
NZ_CP021325_1_CA173_RS11320	NZ_CP021325_1_CA173_RS11320	100.0
NZ_CP021325_1_CA173_RS08785	NZ_CP021325_1_CA173_RS08785	100.0
NZ_CP021325_1_CA173_RS11120	NZ_CP021325_1_CA173_RS11120	100.0
NZ_CP021325_1_CA173_RS15580	NZ_CP021325_1_CA173_RS15580	100.0
NZ_CP021325_1_CA173_RS15105	NZ_CP021325_1_CA173_RS15105	100.0
NZ_CP021325_1_CA173_RS05930	NZ_CP021325_1_CA173_RS05930	100.0
NZ_CP021325_1_CA173_RS10980	NZ_CP021325_1_CA173_RS10980	100.0
NZ_CP021325_1_CA173_RS07340	NZ_CP021325_1_CA173_RS07340	100.0
NZ_CP021325_1_CA173_RS01805	NZ_CP021325_1_CA173_RS01805	100.0
NZ_CP021325_1_CA173_RS09360	NZ_CP021325_1_CA173_RS09360	100.0
NZ_CP021325_1_CA173_RS01045	NZ_CP021325_1_CA173_RS01045	100.0
NZ_CP021325_1_CA173_RS15040	NZ_CP021325_1_CA173_RS15040	100.0
NZ_CP021325_1_CA173_RS05780	NZ_CP021325_1_CA173_RS05780	100.0
NZ_CP021325_1_CA173_RS06060	NZ_CP021325_1_CA173_RS06060	100.0
NZ_CP021325_1_CA173_RS00005	NZ_CP021325_1_CA173_RS00005	100.0
NZ_CP021325_1_CA173_RS00275	NZ_CP021325_1_CA173_RS00275	100.0
NZ_CP021325_1_CA173_RS08860	NZ_CP021325_1_CA173_RS08860	100.0
NZ_CP021325_1_CA173_RS05770	NZ_CP021325_1_CA173_RS05770	100.0
NZ_CP021325_1_CA173_RS04730	NZ_CP021325_1_CA173_RS04730	100.0
NZ_CP021325_1_CA173_RS02330	NZ_CP021325_1_CA173_RS02330	100.0
NZ_CP021325_1_CA173_RS13610	NZ_CP021325_1_CA173_RS13610	100.0
NZ_CP021325_1_CA173_RS07870	NZ_CP021325_1_CA173_RS07870	100.0
NZ_CP021325_1_CA173_RS09235	NZ_CP021325_1_CA173_RS09235	100.0
NZ_CP021325_1_CA173_RS09350	NZ_CP021325_1_CA173_RS09350	100.0
NZ_CP021325_1_CA173_RS15595	NZ_CP021325_1_CA173_RS15595	100.0
NZ_CP021325_1_CA173_RS08160	NZ_CP021325_1_CA173_RS08160	100.0
NZ_CP021325_1_CA173_RS08710	NZ_CP021325_1_CA173_RS08710	100.0
NZ_CP021325_1_CA173_RS02625	NZ_CP021325_1_CA173_RS02625	100.0
NZ_CP021325_1_CA173_RS07640	NZ_CP021325_1_CA173_RS07640	100.0
NZ_CP021325_1_CA173_RS11230	NZ_CP021325_1_CA173_RS11230	100.0
NZ_CP021325_1_CA173_RS10520	NZ_CP021325_1_CA173_RS10520	100.0
NZ_CP021325_1_CA173_RS04640	NZ_CP021325_1_CA173_RS04640	100.0
NZ_CP021325_1_CA173_RS08520	NZ_CP021325_1_CA173_RS08520	100.0
NZ_CP021325_1_CA173_RS08585	NZ_CP021325_1_CA173_RS08585	100.0
NZ_CP021325_1_CA173_RS00335	NZ_CP021325_1_CA173_RS00335	100.0
NZ_CP021325_1_CA173_RS10505	NZ_CP021325_1_CA173_RS10505	100.0
NZ_CP021325_1_CA173_RS09425	NZ_CP021325_1_CA173_RS09425	100.0
NZ_CP021325_1_CA173_RS11620	NZ_CP021325_1_CA173_RS11620	100.0
NZ_CP021325_1_CA173_RS11195	NZ_CP021325_1_CA173_RS11195	100.0
NZ_CP021325_1_CA173_RS02505	NZ_CP021325_1_CA173_RS02505	100.0
NZ_CP021325_1_CA173_RS06040	NZ_CP021325_1_CA173_RS06040	100.0
NZ_CP021325_1_CA173_RS14810	NZ_CP021325_1_CA173_RS14810	100.0
NZ_CP021325_1_CA173_RS01000	NZ_CP021325_1_CA173_RS01000	100.0
NZ_CP021325_1_CA173_RS00820	NZ_CP021325_1_CA173_RS00820	100.0
NZ_CP021325_1_CA173_RS00945	NZ_CP021325_1_CA173_RS00945	100.0
NZ_CP021325_1_CA173_RS07595	NZ_CP021325_1_CA173_RS07595	100.0
NZ_CP021325_1_CA173_RS06020	NZ_CP021325_1_CA173_RS06020	100.0
NZ_CP021325_1_CA173_RS10400	NZ_CP021325_1_CA173_RS10400	100.0
NZ_CP021325_1_CA173_RS13515	NZ_CP021325_1_CA173_RS13515	100.0
NZ_CP021325_1_CA173_RS04600	NZ_CP021325_1_CA173_RS04600	100.0
NZ_CP021325_1_CA173_RS10260	NZ_CP021325_1_CA173_RS10260	100.0
NZ_CP021325_1_CA173_RS05990	NZ_CP021325_1_CA173_RS05990	100.0
NZ_CP021325_1_CA173_RS10765	NZ_CP021325_1_CA173_RS10765	100.0
NZ_CP021325_1_CA173_RS00260	NZ_CP021325_1_CA173_RS00260	100.0
NZ_CP021325_1_CA173_RS01480	NZ_CP021325_1_CA173_RS01480	100.0
NZ_CP021325_1_CA173_RS08610	NZ_CP021325_1_CA173_RS08610	100.0
NZ_CP021325_1_CA173_RS10180	NZ_CP021325_1_CA173_RS10180	100.0
NZ_CP021325_1_CA173_RS03960	NZ_CP021325_1_CA173_RS03960	100.0
NZ_CP021325_1_CA173_RS09690	NZ_CP021325_1_CA173_RS09690	100.0
NZ_CP021325_1_CA173_RS03890	NZ_CP021325_1_CA173_RS03890	100.0
NZ_CP021325_1_CA173_RS09960	NZ_CP021325_1_CA173_RS09960	100.0
NZ_CP021325_1_CA173_RS08900	NZ_CP021325_1_CA173_RS08900	100.0
NZ_CP021325_1_CA173_RS02335	NZ_CP021325_1_CA173_RS02335	100.0
NZ_CP021325_1_CA173_RS08365	NZ_CP021325_1_CA173_RS08365	100.0
NZ_CP021325_1_CA173_RS02800	NZ_CP021325_1_CA173_RS02800	100.0
NZ_CP021325_1_CA173_RS05280	NZ_CP021325_1_CA173_RS05280	100.0
NZ_CP021325_1_CA173_RS05505	NZ_CP021325_1_CA173_RS05505	100.0
NZ_CP021325_1_CA173_RS05790	NZ_CP021325_1_CA173_RS05790	100.0
NZ_CP021325_1_CA173_RS04755	NZ_CP021325_1_CA173_RS04755	100.0
NZ_CP021325_1_CA173_RS11475	NZ_CP021325_1_CA173_RS11475	100.0
NZ_CP021325_1_CA173_RS04430	NZ_CP021325_1_CA173_RS04430	100.0
NZ_CP021325_1_CA173_RS09885	NZ_CP021325_1_CA173_RS09885	100.0
NZ_CP021325_1_CA173_RS02895	NZ_CP021325_1_CA173_RS02895	100.0
NZ_CP021325_1_CA173_RS10160	NZ_CP021325_1_CA173_RS10160	100.0
NZ_CP021325_1_CA173_RS08625	NZ_CP021325_1_CA173_RS08625	100.0
NZ_CP021325_1_CA173_RS14870	NZ_CP021325_1_CA173_RS14870	100.0
NZ_CP021325_1_CA173_RS15220	NZ_CP021325_1_CA173_RS15220	100.0
NZ_CP021325_1_CA173_RS11560	NZ_CP021325_1_CA173_RS11560	100.0
NZ_CP021325_1_CA173_RS01320	NZ_CP021325_1_CA173_RS01320	100.0
NZ_CP021325_1_CA173_RS03000	NZ_CP021325_1_CA173_RS03000	100.0
NZ_CP021325_1_CA173_RS10215	NZ_CP021325_1_CA173_RS10215	100.0
NZ_CP021325_1_CA173_RS01215	NZ_CP021325_1_CA173_RS01215	100.0
NZ_CP021325_1_CA173_RS09000	NZ_CP021325_1_CA173_RS09000	100.0
NZ_CP021325_1_CA173_RS06080	NZ_CP021325_1_CA173_RS06080	100.0
NZ_CP021325_1_CA173_RS01485	NZ_CP021325_1_CA173_RS01485	100.0
NZ_CP021325_1_CA173_RS10825	NZ_CP021325_1_CA173_RS10825	100.0
NZ_CP021325_1_CA173_RS08575	NZ_CP021325_1_CA173_RS08575	100.0
NZ_CP021325_1_CA173_RS03410	NZ_CP021325_1_CA173_RS03410	100.0
NZ_CP021325_1_CA173_RS09030	NZ_CP021325_1_CA173_RS09030	100.0
NZ_CP021325_1_CA173_RS09640	NZ_CP021325_1_CA173_RS09640	100.0
NZ_CP021325_1_CA173_RS11705	NZ_CP021325_1_CA173_RS11705	100.0
NZ_CP021325_1_CA173_RS01595	NZ_CP021325_1_CA173_RS01595	100.0
NZ_CP021325_1_CA173_RS09495	NZ_CP021325_1_CA173_RS09495	100.0
NZ_CP021325_1_CA173_RS11585	NZ_CP021325_1_CA173_RS11585	100.0
NZ_CP021325_1_CA173_RS07130	NZ_CP021325_1_CA173_RS07130	100.0
NZ_CP021325_1_CA173_RS03715	NZ_CP021325_1_CA173_RS03715	100.0
NZ_CP021325_1_CA173_RS03755	NZ_CP021325_1_CA173_RS03755	100.0
NZ_CP021325_1_CA173_RS00330	NZ_CP021325_1_CA173_RS00330	100.0
NZ_CP021325_1_CA173_RS03895	NZ_CP021325_1_CA173_RS03895	100.0
NZ_CP021325_1_CA173_RS13450	NZ_CP021325_1_CA173_RS13450	100.0
NZ_CP021325_1_CA173_RS11170	NZ_CP021325_1_CA173_RS11170	100.0
NZ_CP021325_1_CA173_RS04090	NZ_CP021325_1_CA173_RS04090	100.0
NZ_CP021325_1_CA173_RS09550	NZ_CP021325_1_CA173_RS09550	100.0
NZ_CP021325_1_CA173_RS04185	NZ_CP021325_1_CA173_RS04185	100.0
NZ_CP021325_1_CA173_RS13985	NZ_CP021325_1_CA173_RS13985	100.0
NZ_CP021325_1_CA173_RS14880	NZ_CP021325_1_CA173_RS14880	100.0
NZ_CP021325_1_CA173_RS13325	NZ_CP021325_1_CA173_RS13325	100.0
NZ_CP021325_1_CA173_RS01105	NZ_CP021325_1_CA173_RS01105	100.0
NZ_CP021325_1_CA173_RS08400	NZ_CP021325_1_CA173_RS08400	100.0
NZ_CP021325_1_CA173_RS06880	NZ_CP021325_1_CA173_RS06880	100.0
NZ_CP021325_1_CA173_RS03485	NZ_CP021325_1_CA173_RS03485	100.0
NZ_CP021325_1_CA173_RS07815	NZ_CP021325_1_CA173_RS07815	100.0
NZ_CP021325_1_CA173_RS10780	NZ_CP021325_1_CA173_RS10780	100.0
NZ_CP021325_1_CA173_RS11450	NZ_CP021325_1_CA173_RS11450	100.0
NZ_CP021325_1_CA173_RS01490	NZ_CP021325_1_CA173_RS01490	100.0
NZ_CP021325_1_CA173_RS08735	NZ_CP021325_1_CA173_RS08735	100.0
NZ_CP021325_1_CA173_RS09440	NZ_CP021325_1_CA173_RS09440	100.0
NZ_CP021325_1_CA173_RS14580	NZ_CP021325_1_CA173_RS14580	100.0
NZ_CP021325_1_CA173_RS15185	NZ_CP021325_1_CA173_RS15185	100.0
NZ_CP021325_1_CA173_RS11315	NZ_CP021325_1_CA173_RS11315	100.0
NZ_CP021325_1_CA173_RS03765	NZ_CP021325_1_CA173_RS03765	100.0
NZ_CP021325_1_CA173_RS07720	NZ_CP021325_1_CA173_RS07720	100.0
NZ_CP021325_1_CA173_RS01580	NZ_CP021325_1_CA173_RS01580	100.0
NZ_CP021325_1_CA173_RS02725	NZ_CP021325_1_CA173_RS02725	100.0
NZ_CP021325_1_CA173_RS05495	NZ_CP021325_1_CA173_RS05495	100.0
NZ_CP021325_1_CA173_RS07590	NZ_CP021325_1_CA173_RS07590	100.0
NZ_CP021325_1_CA173_RS12510	NZ_CP021325_1_CA173_RS12510	100.0
NZ_CP021325_1_CA173_RS03690	NZ_CP021325_1_CA173_RS03690	100.0
NZ_CP021325_1_CA173_RS04375	NZ_CP021325_1_CA173_RS04375	100.0
NZ_CP021325_1_CA173_RS08865	NZ_CP021325_1_CA173_RS08865	100.0
NZ_CP021325_1_CA173_RS14660	NZ_CP021325_1_CA173_RS14660	100.0
NZ_CP021325_1_CA173_RS14170	NZ_CP021325_1_CA173_RS14170	100.0
NZ_CP021325_1_CA173_RS00690	NZ_CP021325_1_CA173_RS00690	100.0
NZ_CP021325_1_CA173_RS00650	NZ_CP021325_1_CA173_RS00650	100.0
NZ_CP021325_1_CA173_RS12195	NZ_CP021325_1_CA173_RS12195	100.0
NZ_CP021325_1_CA173_RS10370	NZ_CP021325_1_CA173_RS10370	100.0
NZ_CP021325_1_CA173_RS00665	NZ_CP021325_1_CA173_RS00665	100.0
NZ_CP021325_1_CA173_RS01190	NZ_CP021325_1_CA173_RS01190	100.0
NZ_CP021325_1_CA173_RS08550	NZ_CP021325_1_CA173_RS08550	100.0
NZ_CP021325_1_CA173_RS10125	NZ_CP021325_1_CA173_RS10125	100.0
NZ_CP021325_1_CA173_RS05955	NZ_CP021325_1_CA173_RS05955	100.0
NZ_CP021325_1_CA173_RS14560	NZ_CP021325_1_CA173_RS14560	100.0
NZ_CP021325_1_CA173_RS01370	NZ_CP021325_1_CA173_RS01370	100.0
NZ_CP021325_1_CA173_RS11650	NZ_CP021325_1_CA173_RS11650	100.0
NZ_CP021325_1_CA173_RS05555	NZ_CP021325_1_CA173_RS05555	100.0
NZ_CP021325_1_CA173_RS02965	NZ_CP021325_1_CA173_RS02965	100.0
NZ_CP021325_1_CA173_RS08060	NZ_CP021325_1_CA173_RS08060	100.0
NZ_CP021325_1_CA173_RS02695	NZ_CP021325_1_CA173_RS02695	100.0
NZ_CP021325_1_CA173_RS01290	NZ_CP021325_1_CA173_RS01290	100.0
NZ_CP021325_1_CA173_RS07545	NZ_CP021325_1_CA173_RS07545	100.0
NZ_CP021325_1_CA173_RS15340	NZ_CP021325_1_CA173_RS15340	100.0
NZ_CP021325_1_CA173_RS04080	NZ_CP021325_1_CA173_RS04080	100.0
NZ_CP021325_1_CA173_RS10415	NZ_CP021325_1_CA173_RS10415	100.0
NZ_CP021325_1_CA173_RS13665	NZ_CP021325_1_CA173_RS13665	100.0
NZ_CP021325_1_CA173_RS08245	NZ_CP021325_1_CA173_RS08245	100.0
NZ_CP021325_1_CA173_RS03670	NZ_CP021325_1_CA173_RS03670	100.0
NZ_CP021325_1_CA173_RS14450	NZ_CP021325_1_CA173_RS14450	100.0
NZ_CP021325_1_CA173_RS07185	NZ_CP021325_1_CA173_RS07185	100.0
NZ_CP021325_1_CA173_RS11890	NZ_CP021325_1_CA173_RS11890	100.0
NZ_CP021325_1_CA173_RS09620	NZ_CP021325_1_CA173_RS09620	100.0
NZ_CP021325_1_CA173_RS02435	NZ_CP021325_1_CA173_RS02435	100.0
NZ_CP021325_1_CA173_RS04605	NZ_CP021325_1_CA173_RS04605	100.0
NZ_CP021325_1_CA173_RS09290	NZ_CP021325_1_CA173_RS09290	100.0
NZ_CP021325_1_CA173_RS00815	NZ_CP021325_1_CA173_RS00815	100.0
NZ_CP021325_1_CA173_RS00070	NZ_CP021325_1_CA173_RS00070	100.0
NZ_CP021325_1_CA173_RS07190	NZ_CP021325_1_CA173_RS07190	100.0
NZ_CP021325_1_CA173_RS01180	NZ_CP021325_1_CA173_RS01180	100.0
NZ_CP021325_1_CA173_RS05400	NZ_CP021325_1_CA173_RS05400	100.0
NZ_CP021325_1_CA173_RS13425	NZ_CP021325_1_CA173_RS13425	100.0
NZ_CP021325_1_CA173_RS05260	NZ_CP021325_1_CA173_RS05260	100.0
NZ_CP021325_1_CA173_RS05215	NZ_CP021325_1_CA173_RS05215	100.0
NZ_CP021325_1_CA173_RS07330	NZ_CP021325_1_CA173_RS07330	100.0
NZ_CP021325_1_CA173_RS12185	NZ_CP021325_1_CA173_RS12185	100.0
NZ_CP021325_1_CA173_RS04995	NZ_CP021325_1_CA173_RS04995	100.0
NZ_CP021325_1_CA173_RS14030	NZ_CP021325_1_CA173_RS14030	100.0
NZ_CP021325_1_CA173_RS00995	NZ_CP021325_1_CA173_RS00995	100.0
NZ_CP021325_1_CA173_RS06395	NZ_CP021325_1_CA173_RS06395	100.0
NZ_CP021325_1_CA173_RS09325	NZ_CP021325_1_CA173_RS09325	100.0
NZ_CP021325_1_CA173_RS10445	NZ_CP021325_1_CA173_RS10445	100.0
NZ_CP021325_1_CA173_RS00125	NZ_CP021325_1_CA173_RS00125	100.0
NZ_CP021325_1_CA173_RS14610	NZ_CP021325_1_CA173_RS14610	100.0
NZ_CP021325_1_CA173_RS08480	NZ_CP021325_1_CA173_RS08480	100.0
NZ_CP021325_1_CA173_RS08200	NZ_CP021325_1_CA173_RS08200	100.0
NZ_CP021325_1_CA173_RS00655	NZ_CP021325_1_CA173_RS00655	100.0
NZ_CP021325_1_CA173_RS07650	NZ_CP021325_1_CA173_RS07650	100.0
NZ_CP021325_1_CA173_RS08270	NZ_CP021325_1_CA173_RS08270	100.0
NZ_CP021325_1_CA173_RS03855	NZ_CP021325_1_CA173_RS03855	100.0
NZ_CP021325_1_CA173_RS08490	NZ_CP021325_1_CA173_RS08490	100.0
NZ_CP021325_1_CA173_RS11160	NZ_CP021325_1_CA173_RS11160	100.0
NZ_CP021325_1_CA173_RS09215	NZ_CP021325_1_CA173_RS09215	100.0
NZ_CP021325_1_CA173_RS08110	NZ_CP021325_1_CA173_RS08110	100.0
NZ_CP021325_1_CA173_RS03935	NZ_CP021325_1_CA173_RS03935	100.0
NZ_CP021325_1_CA173_RS06445	NZ_CP021325_1_CA173_RS06445	100.0
NZ_CP021325_1_CA173_RS05230	NZ_CP021325_1_CA173_RS05230	100.0
NZ_CP021325_1_CA173_RS05560	NZ_CP021325_1_CA173_RS05560	100.0
NZ_CP021325_1_CA173_RS13845	NZ_CP021325_1_CA173_RS13845	100.0
NZ_CP021325_1_CA173_RS07180	NZ_CP021325_1_CA173_RS07180	100.0
NZ_CP021325_1_CA173_RS07705	NZ_CP021325_1_CA173_RS07705	100.0
NZ_CP021325_1_CA173_RS00520	NZ_CP021325_1_CA173_RS00520	100.0
NZ_CP021325_1_CA173_RS10680	NZ_CP021325_1_CA173_RS10680	100.0
NZ_CP021325_1_CA173_RS12670	NZ_CP021325_1_CA173_RS12670	100.0
NZ_CP021325_1_CA173_RS03255	NZ_CP021325_1_CA173_RS03255	100.0
NZ_CP021325_1_CA173_RS00960	NZ_CP021325_1_CA173_RS00960	100.0
NZ_CP021325_1_CA173_RS00610	NZ_CP021325_1_CA173_RS00610	100.0
NZ_CP021325_1_CA173_RS02865	NZ_CP021325_1_CA173_RS02865	100.0
NZ_CP021325_1_CA173_RS01570	NZ_CP021325_1_CA173_RS01570	100.0
NZ_CP021325_1_CA173_RS10735	NZ_CP021325_1_CA173_RS10735	100.0
NZ_CP021325_1_CA173_RS02475	NZ_CP021325_1_CA173_RS02475	100.0
NZ_CP021325_1_CA173_RS11710	NZ_CP021325_1_CA173_RS11710	100.0
NZ_CP021325_1_CA173_RS06670	NZ_CP021325_1_CA173_RS06670	100.0
NZ_CP021325_1_CA173_RS04365	NZ_CP021325_1_CA173_RS04365	100.0
NZ_CP021325_1_CA173_RS14025	NZ_CP021325_1_CA173_RS14025	100.0
NZ_CP021325_1_CA173_RS07695	NZ_CP021325_1_CA173_RS07695	100.0
NZ_CP021325_1_CA173_RS00410	NZ_CP021325_1_CA173_RS00410	100.0
NZ_CP021325_1_CA173_RS05350	NZ_CP021325_1_CA173_RS05350	100.0
NZ_CP021325_1_CA173_RS11795	NZ_CP021325_1_CA173_RS11795	100.0
NZ_CP021325_1_CA173_RS13655	NZ_CP021325_1_CA173_RS13655	100.0
NZ_CP021325_1_CA173_RS14020	NZ_CP021325_1_CA173_RS14020	100.0
NZ_CP021325_1_CA173_RS08780	NZ_CP021325_1_CA173_RS08780	100.0
NZ_CP021325_1_CA173_RS15370	NZ_CP021325_1_CA173_RS15370	100.0
NZ_CP021325_1_CA173_RS13060	NZ_CP021325_1_CA173_RS13060	100.0
NZ_CP021325_1_CA173_RS00460	NZ_CP021325_1_CA173_RS00460	100.0
NZ_CP021325_1_CA173_RS10865	NZ_CP021325_1_CA173_RS10865	100.0
NZ_CP021325_1_CA173_RS11205	NZ_CP021325_1_CA173_RS11205	100.0
NZ_CP021325_1_CA173_RS06305	NZ_CP021325_1_CA173_RS06305	100.0
NZ_CP021325_1_CA173_RS05840	NZ_CP021325_1_CA173_RS05840	100.0
NZ_CP021325_1_CA173_RS07965	NZ_CP021325_1_CA173_RS07965	100.0
NZ_CP021325_1_CA173_RS08820	NZ_CP021325_1_CA173_RS08820	100.0
NZ_CP021325_1_CA173_RS11780	NZ_CP021325_1_CA173_RS11780	100.0
NZ_CP021325_1_CA173_RS09025	NZ_CP021325_1_CA173_RS09025	100.0
NZ_CP021325_1_CA173_RS05390	NZ_CP021325_1_CA173_RS05390	100.0
NZ_CP021325_1_CA173_RS01375	NZ_CP021325_1_CA173_RS01375	100.0
NZ_CP021325_1_CA173_RS00250	NZ_CP021325_1_CA173_RS00250	100.0
NZ_CP021325_1_CA173_RS03730	NZ_CP021325_1_CA173_RS03730	100.0
NZ_CP021325_1_CA173_RS02915	NZ_CP021325_1_CA173_RS02915	100.0
NZ_CP021325_1_CA173_RS00165	NZ_CP021325_1_CA173_RS00165	100.0
NZ_CP021325_1_CA173_RS06970	NZ_CP021325_1_CA173_RS06970	100.0
NZ_CP021325_1_CA173_RS11270	NZ_CP021325_1_CA173_RS11270	100.0
NZ_CP021325_1_CA173_RS11655	NZ_CP021325_1_CA173_RS11655	100.0
NZ_CP021325_1_CA173_RS12875	NZ_CP021325_1_CA173_RS12875	100.0
NZ_CP021325_1_CA173_RS06250	NZ_CP021325_1_CA173_RS06250	100.0
NZ_CP021325_1_CA173_RS14250	NZ_CP021325_1_CA173_RS14250	100.0
NZ_CP021325_1_CA173_RS05255	NZ_CP021325_1_CA173_RS05255	100.0
NZ_CP021325_1_CA173_RS09860	NZ_CP021325_1_CA173_RS09860	100.0
NZ_CP021325_1_CA173_RS07145	NZ_CP021325_1_CA173_RS07145	100.0
NZ_CP021325_1_CA173_RS07770	NZ_CP021325_1_CA173_RS07770	100.0
NZ_CP021325_1_CA173_RS11425	NZ_CP021325_1_CA173_RS11425	100.0
NZ_CP021325_1_CA173_RS01640	NZ_CP021325_1_CA173_RS01640	100.0
NZ_CP021325_1_CA173_RS05795	NZ_CP021325_1_CA173_RS05795	100.0
NZ_CP021325_1_CA173_RS06920	NZ_CP021325_1_CA173_RS06920	100.0
NZ_CP021325_1_CA173_RS06160	NZ_CP021325_1_CA173_RS06160	100.0
NZ_CP021325_1_CA173_RS02300	NZ_CP021325_1_CA173_RS02300	100.0
NZ_CP021325_1_CA173_RS00285	NZ_CP021325_1_CA173_RS00285	100.0
NZ_CP021325_1_CA173_RS07850	NZ_CP021325_1_CA173_RS07850	100.0
NZ_CP021325_1_CA173_RS06480	NZ_CP021325_1_CA173_RS06480	100.0
NZ_CP021325_1_CA173_RS02260	NZ_CP021325_1_CA173_RS02260	100.0
NZ_CP021325_1_CA173_RS06430	NZ_CP021325_1_CA173_RS06430	100.0
NZ_CP021325_1_CA173_RS00840	NZ_CP021325_1_CA173_RS00840	100.0
NZ_CP021325_1_CA173_RS08620	NZ_CP021325_1_CA173_RS08620	100.0
NZ_CP021325_1_CA173_RS05030	NZ_CP021325_1_CA173_RS05030	100.0
NZ_CP021325_1_CA173_RS07960	NZ_CP021325_1_CA173_RS07960	100.0
NZ_CP021325_1_CA173_RS03785	NZ_CP021325_1_CA173_RS03785	100.0
NZ_CP021325_1_CA173_RS12035	NZ_CP021325_1_CA173_RS12035	100.0
NZ_CP021325_1_CA173_RS02845	NZ_CP021325_1_CA173_RS02845	100.0
NZ_CP021325_1_CA173_RS10640	NZ_CP021325_1_CA173_RS10640	100.0
NZ_CP021325_1_CA173_RS06190	NZ_CP021325_1_CA173_RS06190	100.0
NZ_CP021325_1_CA173_RS03500	NZ_CP021325_1_CA173_RS03500	100.0
NZ_CP021325_1_CA173_RS00620	NZ_CP021325_1_CA173_RS00620	100.0
NZ_CP021325_1_CA173_RS05925	NZ_CP021325_1_CA173_RS05925	100.0
NZ_CP021325_1_CA173_RS00935	NZ_CP021325_1_CA173_RS00935	100.0
NZ_CP021325_1_CA173_RS07805	NZ_CP021325_1_CA173_RS07805	100.0
NZ_CP021325_1_CA173_RS07900	NZ_CP021325_1_CA173_RS07900	100.0
NZ_CP021325_1_CA173_RS08100	NZ_CP021325_1_CA173_RS08100	100.0
NZ_CP021325_1_CA173_RS15590	NZ_CP021325_1_CA173_RS15590	100.0
NZ_CP021325_1_CA173_RS09820	NZ_CP021325_1_CA173_RS09820	100.0
NZ_CP021325_1_CA173_RS07170	NZ_CP021325_1_CA173_RS07170	100.0
NZ_CP021325_1_CA173_RS03820	NZ_CP021325_1_CA173_RS03820	100.0
NZ_CP021325_1_CA173_RS02270	NZ_CP021325_1_CA173_RS02270	100.0
NZ_CP021325_1_CA173_RS09580	NZ_CP021325_1_CA173_RS09580	100.0
NZ_CP021325_1_CA173_RS05620	NZ_CP021325_1_CA173_RS05620	100.0
NZ_CP021325_1_CA173_RS03030	NZ_CP021325_1_CA173_RS03030	100.0
NZ_CP021325_1_CA173_RS10930	NZ_CP021325_1_CA173_RS10930	100.0
NZ_CP021325_1_CA173_RS13785	NZ_CP021325_1_CA173_RS13785	100.0
NZ_CP021325_1_CA173_RS03835	NZ_CP021325_1_CA173_RS03835	100.0
NZ_CP021325_1_CA173_RS09250	NZ_CP021325_1_CA173_RS09250	100.0
NZ_CP021325_1_CA173_RS08485	NZ_CP021325_1_CA173_RS08485	100.0
NZ_CP021325_1_CA173_RS04810	NZ_CP021325_1_CA173_RS04810	100.0
NZ_CP021325_1_CA173_RS01445	NZ_CP021325_1_CA173_RS01445	100.0
NZ_CP021325_1_CA173_RS00885	NZ_CP021325_1_CA173_RS00885	100.0
NZ_CP021325_1_CA173_RS09005	NZ_CP021325_1_CA173_RS09005	100.0
NZ_CP021325_1_CA173_RS07565	NZ_CP021325_1_CA173_RS07565	100.0
NZ_CP021325_1_CA173_RS05715	NZ_CP021325_1_CA173_RS05715	100.0
NZ_CP021325_1_CA173_RS12155	NZ_CP021325_1_CA173_RS12155	100.0
NZ_CP021325_1_CA173_RS00195	NZ_CP021325_1_CA173_RS00195	100.0
NZ_CP021325_1_CA173_RS01010	NZ_CP021325_1_CA173_RS01010	100.0
NZ_CP021325_1_CA173_RS15275	NZ_CP021325_1_CA173_RS15275	100.0
NZ_CP021325_1_CA173_RS06610	NZ_CP021325_1_CA173_RS06610	100.0
NZ_CP021325_1_CA173_RS12620	NZ_CP021325_1_CA173_RS12620	100.0
NZ_CP021325_1_CA173_RS05440	NZ_CP021325_1_CA173_RS05440	100.0
NZ_CP021325_1_CA173_RS10440	NZ_CP021325_1_CA173_RS10440	100.0
NZ_CP021325_1_CA173_RS01240	NZ_CP021325_1_CA173_RS01240	100.0
NZ_CP021325_1_CA173_RS01405	NZ_CP021325_1_CA173_RS01405	100.0
NZ_CP021325_1_CA173_RS09205	NZ_CP021325_1_CA173_RS09205	100.0
NZ_CP021325_1_CA173_RS09840	NZ_CP021325_1_CA173_RS09840	100.0
NZ_CP021325_1_CA173_RS01020	NZ_CP021325_1_CA173_RS01020	100.0
NZ_CP021325_1_CA173_RS06825	NZ_CP021325_1_CA173_RS06825	100.0
NZ_CP021325_1_CA173_RS10565	NZ_CP021325_1_CA173_RS10565	100.0
NZ_CP021325_1_CA173_RS00085	NZ_CP021325_1_CA173_RS00085	100.0
NZ_CP021325_1_CA173_RS04005	NZ_CP021325_1_CA173_RS04005	100.0
NZ_CP021325_1_CA173_RS08300	NZ_CP021325_1_CA173_RS08300	100.0
NZ_CP021325_1_CA173_RS04570	NZ_CP021325_1_CA173_RS04570	100.0
NZ_CP021325_1_CA173_RS07810	NZ_CP021325_1_CA173_RS07810	100.0
NZ_CP021325_1_CA173_RS14725	NZ_CP021325_1_CA173_RS14725	100.0
NZ_CP021325_1_CA173_RS06450	NZ_CP021325_1_CA173_RS06450	100.0
NZ_CP021325_1_CA173_RS00920	NZ_CP021325_1_CA173_RS00920	100.0
NZ_CP021325_1_CA173_RS10375	NZ_CP021325_1_CA173_RS10375	100.0
NZ_CP021325_1_CA173_RS12410	NZ_CP021325_1_CA173_RS12410	100.0
NZ_CP021325_1_CA173_RS02415	NZ_CP021325_1_CA173_RS02415	100.0
NZ_CP021325_1_CA173_RS13400	NZ_CP021325_1_CA173_RS13400	100.0
NZ_CP021325_1_CA173_RS07975	NZ_CP021325_1_CA173_RS07975	100.0
NZ_CP021325_1_CA173_RS06850	NZ_CP021325_1_CA173_RS06850	100.0
NZ_CP021325_1_CA173_RS05105	NZ_CP021325_1_CA173_RS05105	100.0
NZ_CP021325_1_CA173_RS12790	NZ_CP021325_1_CA173_RS12790	100.0
NZ_CP021325_1_CA173_RS10895	NZ_CP021325_1_CA173_RS10895	100.0
NZ_CP021325_1_CA173_RS13560	NZ_CP021325_1_CA173_RS13560	100.0
NZ_CP021325_1_CA173_RS04610	NZ_CP021325_1_CA173_RS04610	100.0
NZ_CP021325_1_CA173_RS07555	NZ_CP021325_1_CA173_RS07555	100.0
NZ_CP021325_1_CA173_RS14840	NZ_CP021325_1_CA173_RS14840	100.0
NZ_CP021325_1_CA173_RS07105	NZ_CP021325_1_CA173_RS07105	100.0
NZ_CP021325_1_CA173_RS02470	NZ_CP021325_1_CA173_RS02470	100.0
NZ_CP021325_1_CA173_RS13390	NZ_CP021325_1_CA173_RS13390	100.0
NZ_CP021325_1_CA173_RS10315	NZ_CP021325_1_CA173_RS10315	100.0
NZ_CP021325_1_CA173_RS08405	NZ_CP021325_1_CA173_RS08405	100.0
NZ_CP021325_1_CA173_RS11960	NZ_CP021325_1_CA173_RS11960	100.0
NZ_CP021325_1_CA173_RS05540	NZ_CP021325_1_CA173_RS05540	100.0
NZ_CP021325_1_CA173_RS06285	NZ_CP021325_1_CA173_RS06285	100.0
NZ_CP021325_1_CA173_RS09775	NZ_CP021325_1_CA173_RS09775	100.0
NZ_CP021325_1_CA173_RS05480	NZ_CP021325_1_CA173_RS05480	100.0
NZ_CP021325_1_CA173_RS02925	NZ_CP021325_1_CA173_RS02925	100.0
NZ_CP021325_1_CA173_RS00685	NZ_CP021325_1_CA173_RS00685	100.0
NZ_CP021325_1_CA173_RS11105	NZ_CP021325_1_CA173_RS11105	100.0
NZ_CP021325_1_CA173_RS09990	NZ_CP021325_1_CA173_RS09990	100.0
NZ_CP021325_1_CA173_RS01095	NZ_CP021325_1_CA173_RS01095	100.0
NZ_CP021325_1_CA173_RS04465	NZ_CP021325_1_CA173_RS04465	100.0
NZ_CP021325_1_CA173_RS09245	NZ_CP021325_1_CA173_RS09245	100.0
NZ_CP021325_1_CA173_RS05115	NZ_CP021325_1_CA173_RS05115	100.0
NZ_CP021325_1_CA173_RS11590	NZ_CP021325_1_CA173_RS11590	100.0
NZ_CP021325_1_CA173_RS08925	NZ_CP021325_1_CA173_RS08925	100.0
NZ_CP021325_1_CA173_RS09050	NZ_CP021325_1_CA173_RS09050	100.0
NZ_CP021325_1_CA173_RS04960	NZ_CP021325_1_CA173_RS04960	100.0
NZ_CP021325_1_CA173_RS06725	NZ_CP021325_1_CA173_RS06725	100.0
NZ_CP021325_1_CA173_RS14785	NZ_CP021325_1_CA173_RS14785	100.0
NZ_CP021325_1_CA173_RS11670	NZ_CP021325_1_CA173_RS11670	100.0
NZ_CP021325_1_CA173_RS09895	NZ_CP021325_1_CA173_RS09895	100.0
NZ_CP021325_1_CA173_RS13315	NZ_CP021325_1_CA173_RS13315	100.0
NZ_CP021325_1_CA173_RS14145	NZ_CP021325_1_CA173_RS14145	100.0
NZ_CP021325_1_CA173_RS10105	NZ_CP021325_1_CA173_RS10105	100.0
NZ_CP021325_1_CA173_RS04500	NZ_CP021325_1_CA173_RS04500	100.0
NZ_CP021325_1_CA173_RS07425	NZ_CP021325_1_CA173_RS07425	100.0
NZ_CP021325_1_CA173_RS11055	NZ_CP021325_1_CA173_RS11055	100.0
NZ_CP021325_1_CA173_RS08730	NZ_CP021325_1_CA173_RS08730	100.0
NZ_CP021325_1_CA173_RS11800	NZ_CP021325_1_CA173_RS11800	100.0
NZ_CP021325_1_CA173_RS00215	NZ_CP021325_1_CA173_RS00215	100.0
NZ_CP021325_1_CA173_RS12415	NZ_CP021325_1_CA173_RS12415	100.0
NZ_CP021325_1_CA173_RS09760	NZ_CP021325_1_CA173_RS09760	100.0
NZ_CP021325_1_CA173_RS01110	NZ_CP021325_1_CA173_RS01110	100.0
NZ_CP021325_1_CA173_RS04515	NZ_CP021325_1_CA173_RS04515	100.0
NZ_CP021325_1_CA173_RS14000	NZ_CP021325_1_CA173_RS14000	100.0
NZ_CP021325_1_CA173_RS03490	NZ_CP021325_1_CA173_RS03490	100.0
NZ_CP021325_1_CA173_RS06280	NZ_CP021325_1_CA173_RS06280	100.0
NZ_CP021325_1_CA173_RS14260	NZ_CP021325_1_CA173_RS14260	100.0
NZ_CP021325_1_CA173_RS10235	NZ_CP021325_1_CA173_RS10235	100.0
NZ_CP021325_1_CA173_RS10795	NZ_CP021325_1_CA173_RS10795	100.0
NZ_CP021325_1_CA173_RS07725	NZ_CP021325_1_CA173_RS07725	100.0
NZ_CP021325_1_CA173_RS14240	NZ_CP021325_1_CA173_RS14240	100.0
NZ_CP021325_1_CA173_RS11030	NZ_CP021325_1_CA173_RS11030	100.0
NZ_CP021325_1_CA173_RS05765	NZ_CP021325_1_CA173_RS05765	100.0
NZ_CP021325_1_CA173_RS10460	NZ_CP021325_1_CA173_RS10460	100.0
NZ_CP021325_1_CA173_RS03015	NZ_CP021325_1_CA173_RS03015	100.0
NZ_CP021325_1_CA173_RS05070	NZ_CP021325_1_CA173_RS05070	100.0
NZ_CP021325_1_CA173_RS10650	NZ_CP021325_1_CA173_RS10650	100.0
NZ_CP021325_1_CA173_RS03040	NZ_CP021325_1_CA173_RS03040	100.0
NZ_CP021325_1_CA173_RS12500	NZ_CP021325_1_CA173_RS12500	100.0
NZ_CP021325_1_CA173_RS14305	NZ_CP021325_1_CA173_RS14305	100.0
NZ_CP021325_1_CA173_RS10480	NZ_CP021325_1_CA173_RS10480	100.0
NZ_CP021325_1_CA173_RS06165	NZ_CP021325_1_CA173_RS06165	100.0
NZ_CP021325_1_CA173_RS14640	NZ_CP021325_1_CA173_RS14640	100.0
NZ_CP021325_1_CA173_RS09615	NZ_CP021325_1_CA173_RS09615	100.0
NZ_CP021325_1_CA173_RS04970	NZ_CP021325_1_CA173_RS04970	100.0
NZ_CP021325_1_CA173_RS09310	NZ_CP021325_1_CA173_RS09310	100.0
NZ_CP021325_1_CA173_RS06295	NZ_CP021325_1_CA173_RS06295	100.0
NZ_CP021325_1_CA173_RS06225	NZ_CP021325_1_CA173_RS06225	100.0
NZ_CP021325_1_CA173_RS11955	NZ_CP021325_1_CA173_RS11955	100.0
NZ_CP021325_1_CA173_RS11355	NZ_CP021325_1_CA173_RS11355	100.0
NZ_CP021325_1_CA173_RS01310	NZ_CP021325_1_CA173_RS01310	100.0
NZ_CP021325_1_CA173_RS03705	NZ_CP021325_1_CA173_RS03705	100.0
NZ_CP021325_1_CA173_RS11365	NZ_CP021325_1_CA173_RS11365	100.0
NZ_CP021325_1_CA173_RS08395	NZ_CP021325_1_CA173_RS08395	100.0
NZ_CP021325_1_CA173_RS11825	NZ_CP021325_1_CA173_RS11825	100.0
NZ_CP021325_1_CA173_RS13895	NZ_CP021325_1_CA173_RS13895	100.0
NZ_CP021325_1_CA173_RS10275	NZ_CP021325_1_CA173_RS10275	100.0
NZ_CP021325_1_CA173_RS04695	NZ_CP021325_1_CA173_RS04695	100.0
NZ_CP021325_1_CA173_RS14675	NZ_CP021325_1_CA173_RS14675	100.0
NZ_CP021325_1_CA173_RS07935	NZ_CP021325_1_CA173_RS07935	100.0
NZ_CP021325_1_CA173_RS14465	NZ_CP021325_1_CA173_RS14465	100.0
NZ_CP021325_1_CA173_RS04420	NZ_CP021325_1_CA173_RS04420	100.0
NZ_CP021325_1_CA173_RS01850	NZ_CP021325_1_CA173_RS01850	100.0
NZ_CP021325_1_CA173_RS11905	NZ_CP021325_1_CA173_RS11905	100.0
NZ_CP021325_1_CA173_RS09230	NZ_CP021325_1_CA173_RS09230	100.0
NZ_CP021325_1_CA173_RS08960	NZ_CP021325_1_CA173_RS08960	100.0
NZ_CP021325_1_CA173_RS13775	NZ_CP021325_1_CA173_RS13775	100.0
NZ_CP021325_1_CA173_RS02890	NZ_CP021325_1_CA173_RS02890	100.0
NZ_CP021325_1_CA173_RS04765	NZ_CP021325_1_CA173_RS04765	100.0
NZ_CP021325_1_CA173_RS15115	NZ_CP021325_1_CA173_RS15115	100.0
NZ_CP021325_1_CA173_RS12310	NZ_CP021325_1_CA173_RS12310	100.0
NZ_CP021325_1_CA173_RS08500	NZ_CP021325_1_CA173_RS08500	100.0
NZ_CP021325_1_CA173_RS12235	NZ_CP021325_1_CA173_RS12235	100.0
NZ_CP021325_1_CA173_RS12550	NZ_CP021325_1_CA173_RS12550	100.0
NZ_CP021325_1_CA173_RS13910	NZ_CP021325_1_CA173_RS13910	100.0
NZ_CP021325_1_CA173_RS00140	NZ_CP021325_1_CA173_RS00140	100.0
NZ_CP021325_1_CA173_RS09545	NZ_CP021325_1_CA173_RS09545	100.0
NZ_CP021325_1_CA173_RS15380	NZ_CP021325_1_CA173_RS15380	100.0
NZ_CP021325_1_CA173_RS11180	NZ_CP021325_1_CA173_RS11180	100.0
NZ_CP021325_1_CA173_RS02580	NZ_CP021325_1_CA173_RS02580	100.0
NZ_CP021325_1_CA173_RS07865	NZ_CP021325_1_CA173_RS07865	100.0
NZ_CP021325_1_CA173_RS09305	NZ_CP021325_1_CA173_RS09305	100.0
NZ_CP021325_1_CA173_RS04320	NZ_CP021325_1_CA173_RS04320	100.0
NZ_CP021325_1_CA173_RS08285	NZ_CP021325_1_CA173_RS08285	100.0
NZ_CP021325_1_CA173_RS06315	NZ_CP021325_1_CA173_RS06315	100.0
NZ_CP021325_1_CA173_RS01555	NZ_CP021325_1_CA173_RS01555	100.0
NZ_CP021325_1_CA173_RS11285	NZ_CP021325_1_CA173_RS11285	100.0
NZ_CP021325_1_CA173_RS10425	NZ_CP021325_1_CA173_RS10425	100.0
NZ_CP021325_1_CA173_RS06325	NZ_CP021325_1_CA173_RS06325	100.0
NZ_CP021325_1_CA173_RS10620	NZ_CP021325_1_CA173_RS10620	100.0
NZ_CP021325_1_CA173_RS15360	NZ_CP021325_1_CA173_RS15360	100.0
NZ_CP021325_1_CA173_RS03605	NZ_CP021325_1_CA173_RS03605	100.0
NZ_CP021325_1_CA173_RS08460	NZ_CP021325_1_CA173_RS08460	100.0
NZ_CP021325_1_CA173_RS14205	NZ_CP021325_1_CA173_RS14205	100.0
NZ_CP021325_1_CA173_RS08390	NZ_CP021325_1_CA173_RS08390	100.0
NZ_CP021325_1_CA173_RS02310	NZ_CP021325_1_CA173_RS02310	100.0
NZ_CP021325_1_CA173_RS11040	NZ_CP021325_1_CA173_RS11040	100.0
NZ_CP021325_1_CA173_RS12190	NZ_CP021325_1_CA173_RS12190	100.0
NZ_CP021325_1_CA173_RS11265	NZ_CP021325_1_CA173_RS11265	100.0
NZ_CP021325_1_CA173_RS08275	NZ_CP021325_1_CA173_RS08275	100.0
NZ_CP021325_1_CA173_RS08445	NZ_CP021325_1_CA173_RS08445	100.0
NZ_CP021325_1_CA173_RS06960	NZ_CP021325_1_CA173_RS06960	100.0
NZ_CP021325_1_CA173_RS04380	NZ_CP021325_1_CA173_RS04380	100.0
NZ_CP021325_1_CA173_RS09700	NZ_CP021325_1_CA173_RS09700	100.0
NZ_CP021325_1_CA173_RS08355	NZ_CP021325_1_CA173_RS08355	100.0
NZ_CP021325_1_CA173_RS02920	NZ_CP021325_1_CA173_RS02920	100.0
NZ_CP021325_1_CA173_RS08375	NZ_CP021325_1_CA173_RS08375	100.0
NZ_CP021325_1_CA173_RS01625	NZ_CP021325_1_CA173_RS01625	100.0
NZ_CP021325_1_CA173_RS13700	NZ_CP021325_1_CA173_RS13700	100.0
NZ_CP021325_1_CA173_RS07940	NZ_CP021325_1_CA173_RS07940	100.0
NZ_CP021325_1_CA173_RS11100	NZ_CP021325_1_CA173_RS11100	100.0
NZ_CP021325_1_CA173_RS07095	NZ_CP021325_1_CA173_RS07095	100.0
NZ_CP021325_1_CA173_RS05530	NZ_CP021325_1_CA173_RS05530	100.0
NZ_CP021325_1_CA173_RS04175	NZ_CP021325_1_CA173_RS04175	100.0
NZ_CP021325_1_CA173_RS08580	NZ_CP021325_1_CA173_RS08580	100.0
NZ_CP021325_1_CA173_RS03155	NZ_CP021325_1_CA173_RS03155	100.0
NZ_CP021325_1_CA173_RS00100	NZ_CP021325_1_CA173_RS00100	100.0
NZ_CP021325_1_CA173_RS07800	NZ_CP021325_1_CA173_RS07800	100.0
NZ_CP021325_1_CA173_RS07485	NZ_CP021325_1_CA173_RS07485	100.0
NZ_CP021325_1_CA173_RS09415	NZ_CP021325_1_CA173_RS09415	100.0
NZ_CP021325_1_CA173_RS02345	NZ_CP021325_1_CA173_RS02345	100.0
NZ_CP021325_1_CA173_RS11675	NZ_CP021325_1_CA173_RS11675	100.0
NZ_CP021325_1_CA173_RS10635	NZ_CP021325_1_CA173_RS10635	100.0
NZ_CP021325_1_CA173_RS07995	NZ_CP021325_1_CA173_RS07995	100.0
NZ_CP021325_1_CA173_RS10860	NZ_CP021325_1_CA173_RS10860	100.0
NZ_CP021325_1_CA173_RS15110	NZ_CP021325_1_CA173_RS15110	100.0
NZ_CP021325_1_CA173_RS04825	NZ_CP021325_1_CA173_RS04825	100.0
NZ_CP021325_1_CA173_RS10800	NZ_CP021325_1_CA173_RS10800	100.0
NZ_CP021325_1_CA173_RS09635	NZ_CP021325_1_CA173_RS09635	100.0
NZ_CP021325_1_CA173_RS04795	NZ_CP021325_1_CA173_RS04795	100.0
NZ_CP021325_1_CA173_RS02980	NZ_CP021325_1_CA173_RS02980	100.0
NZ_CP021325_1_CA173_RS11245	NZ_CP021325_1_CA173_RS11245	100.0
NZ_CP021325_1_CA173_RS10570	NZ_CP021325_1_CA173_RS10570	100.0
NZ_CP021325_1_CA173_RS10500	NZ_CP021325_1_CA173_RS10500	100.0
NZ_CP021325_1_CA173_RS02100	NZ_CP021325_1_CA173_RS02100	100.0
NZ_CP021325_1_CA173_RS08175	NZ_CP021325_1_CA173_RS08175	100.0
NZ_CP021325_1_CA173_RS13905	NZ_CP021325_1_CA173_RS13905	100.0
NZ_CP021325_1_CA173_RS04580	NZ_CP021325_1_CA173_RS04580	100.0
NZ_CP021325_1_CA173_RS06885	NZ_CP021325_1_CA173_RS06885	100.0
NZ_CP021325_1_CA173_RS03390	NZ_CP021325_1_CA173_RS03390	100.0
NZ_CP021325_1_CA173_RS01970	NZ_CP021325_1_CA173_RS01970	100.0
NZ_CP021325_1_CA173_RS02900	NZ_CP021325_1_CA173_RS02900	100.0
NZ_CP021325_1_CA173_RS02710	NZ_CP021325_1_CA173_RS02710	100.0
NZ_CP021325_1_CA173_RS07625	NZ_CP021325_1_CA173_RS07625	100.0
NZ_CP021325_1_CA173_RS14935	NZ_CP021325_1_CA173_RS14935	100.0
NZ_CP021325_1_CA173_RS01150	NZ_CP021325_1_CA173_RS01150	100.0
NZ_CP021325_1_CA173_RS02765	NZ_CP021325_1_CA173_RS02765	100.0
NZ_CP021325_1_CA173_RS08845	NZ_CP021325_1_CA173_RS08845	100.0
NZ_CP021325_1_CA173_RS03275	NZ_CP021325_1_CA173_RS03275	100.0
NZ_CP021325_1_CA173_RS05465	NZ_CP021325_1_CA173_RS05465	100.0
NZ_CP021325_1_CA173_RS07065	NZ_CP021325_1_CA173_RS07065	100.0
NZ_CP021325_1_CA173_RS02785	NZ_CP021325_1_CA173_RS02785	100.0
NZ_CP021325_1_CA173_RS14075	NZ_CP021325_1_CA173_RS14075	100.0
NZ_CP021325_1_CA173_RS05365	NZ_CP021325_1_CA173_RS05365	100.0
NZ_CP021325_1_CA173_RS01990	NZ_CP021325_1_CA173_RS01990	100.0
NZ_CP021325_1_CA173_RS11860	NZ_CP021325_1_CA173_RS11860	100.0
NZ_CP021325_1_CA173_RS02935	NZ_CP021325_1_CA173_RS02935	100.0
NZ_CP021325_1_CA173_RS12320	NZ_CP021325_1_CA173_RS12320	100.0
NZ_CP021325_1_CA173_RS01365	NZ_CP021325_1_CA173_RS01365	100.0
NZ_CP021325_1_CA173_RS12950	NZ_CP021325_1_CA173_RS12950	100.0
NZ_CP021325_1_CA173_RS04470	NZ_CP021325_1_CA173_RS04470	100.0
NZ_CP021325_1_CA173_RS03545	NZ_CP021325_1_CA173_RS03545	100.0
NZ_CP021325_1_CA173_RS01955	NZ_CP021325_1_CA173_RS01955	100.0
NZ_CP021325_1_CA173_RS08595	NZ_CP021325_1_CA173_RS08595	100.0
NZ_CP021325_1_CA173_RS01815	NZ_CP021325_1_CA173_RS01815	100.0
NZ_CP021325_1_CA173_RS08930	NZ_CP021325_1_CA173_RS08930	100.0
NZ_CP021325_1_CA173_RS08440	NZ_CP021325_1_CA173_RS08440	100.0
NZ_CP021325_1_CA173_RS13110	NZ_CP021325_1_CA173_RS13110	100.0
NZ_CP021325_1_CA173_RS10965	NZ_CP021325_1_CA173_RS10965	100.0
NZ_CP021325_1_CA173_RS01005	NZ_CP021325_1_CA173_RS01005	100.0
NZ_CP021325_1_CA173_RS04910	NZ_CP021325_1_CA173_RS04910	100.0
NZ_CP021325_1_CA173_RS08870	NZ_CP021325_1_CA173_RS08870	100.0
NZ_CP021325_1_CA173_RS10655	NZ_CP021325_1_CA173_RS10655	100.0
NZ_CP021325_1_CA173_RS05470	NZ_CP021325_1_CA173_RS05470	100.0
NZ_CP021325_1_CA173_RS11775	NZ_CP021325_1_CA173_RS11775	100.0
NZ_CP021325_1_CA173_RS06275	NZ_CP021325_1_CA173_RS06275	100.0
NZ_CP021325_1_CA173_RS13025	NZ_CP021325_1_CA173_RS13025	100.0
NZ_CP021325_1_CA173_RS05090	NZ_CP021325_1_CA173_RS05090	100.0
NZ_CP021325_1_CA173_RS00830	NZ_CP021325_1_CA173_RS00830	100.0
NZ_CP021325_1_CA173_RS02545	NZ_CP021325_1_CA173_RS02545	100.0
NZ_CP021325_1_CA173_RS15365	NZ_CP021325_1_CA173_RS15365	100.0
NZ_CP021325_1_CA173_RS09625	NZ_CP021325_1_CA173_RS09625	100.0
NZ_CP021325_1_CA173_RS01765	NZ_CP021325_1_CA173_RS01765	100.0
NZ_CP021325_1_CA173_RS08675	NZ_CP021325_1_CA173_RS08675	100.0
NZ_CP021325_1_CA173_RS07675	NZ_CP021325_1_CA173_RS07675	100.0
NZ_CP021325_1_CA173_RS05100	NZ_CP021325_1_CA173_RS05100	100.0
NZ_CP021325_1_CA173_RS09020	NZ_CP021325_1_CA173_RS09020	100.0
NZ_CP021325_1_CA173_RS07010	NZ_CP021325_1_CA173_RS07010	100.0
NZ_CP021325_1_CA173_RS15170	NZ_CP021325_1_CA173_RS15170	100.0
NZ_CP021325_1_CA173_RS01315	NZ_CP021325_1_CA173_RS01315	100.0
NZ_CP021325_1_CA173_RS09645	NZ_CP021325_1_CA173_RS09645	100.0
NZ_CP021325_1_CA173_RS03945	NZ_CP021325_1_CA173_RS03945	100.0
NZ_CP021325_1_CA173_RS10560	NZ_CP021325_1_CA173_RS10560	100.0
NZ_CP021325_1_CA173_RS14070	NZ_CP021325_1_CA173_RS14070	100.0
NZ_CP021325_1_CA173_RS00185	NZ_CP021325_1_CA173_RS00185	100.0
NZ_CP021325_1_CA173_RS07845	NZ_CP021325_1_CA173_RS07845	100.0
NZ_CP021325_1_CA173_RS11510	NZ_CP021325_1_CA173_RS11510	100.0
NZ_CP021325_1_CA173_RS13230	NZ_CP021325_1_CA173_RS13230	100.0
NZ_CP021325_1_CA173_RS06500	NZ_CP021325_1_CA173_RS06500	100.0
NZ_CP021325_1_CA173_RS06875	NZ_CP021325_1_CA173_RS06875	100.0
NZ_CP021325_1_CA173_RS12080	NZ_CP021325_1_CA173_RS12080	100.0
NZ_CP021325_1_CA173_RS07055	NZ_CP021325_1_CA173_RS07055	100.0
NZ_CP021325_1_CA173_RS11855	NZ_CP021325_1_CA173_RS11855	100.0
NZ_CP021325_1_CA173_RS02305	NZ_CP021325_1_CA173_RS02305	100.0
NZ_CP021325_1_CA173_RS10745	NZ_CP021325_1_CA173_RS10745	100.0
NZ_CP021325_1_CA173_RS15235	NZ_CP021325_1_CA173_RS15235	100.0
NZ_CP021325_1_CA173_RS07580	NZ_CP021325_1_CA173_RS07580	100.0
NZ_CP021325_1_CA173_RS01560	NZ_CP021325_1_CA173_RS01560	100.0
NZ_CP021325_1_CA173_RS11340	NZ_CP021325_1_CA173_RS11340	100.0
NZ_CP021325_1_CA173_RS05180	NZ_CP021325_1_CA173_RS05180	100.0
NZ_CP021325_1_CA173_RS09970	NZ_CP021325_1_CA173_RS09970	100.0
NZ_CP021325_1_CA173_RS12975	NZ_CP021325_1_CA173_RS12975	100.0
NZ_CP021325_1_CA173_RS13695	NZ_CP021325_1_CA173_RS13695	100.0
NZ_CP021325_1_CA173_RS03720	NZ_CP021325_1_CA173_RS03720	100.0
NZ_CP021325_1_CA173_RS07905	NZ_CP021325_1_CA173_RS07905	100.0
NZ_CP021325_1_CA173_RS08255	NZ_CP021325_1_CA173_RS08255	100.0
NZ_CP021325_1_CA173_RS07175	NZ_CP021325_1_CA173_RS07175	100.0
NZ_CP021325_1_CA173_RS07520	NZ_CP021325_1_CA173_RS07520	100.0
NZ_CP021325_1_CA173_RS11970	NZ_CP021325_1_CA173_RS11970	100.0
NZ_CP021325_1_CA173_RS10080	NZ_CP021325_1_CA173_RS10080	100.0
NZ_CP021325_1_CA173_RS10310	NZ_CP021325_1_CA173_RS10310	100.0
NZ_CP021325_1_CA173_RS12530	NZ_CP021325_1_CA173_RS12530	100.0
NZ_CP021325_1_CA173_RS02325	NZ_CP021325_1_CA173_RS02325	100.0
NZ_CP021325_1_CA173_RS14235	NZ_CP021325_1_CA173_RS14235	100.0
NZ_CP021325_1_CA173_RS12020	NZ_CP021325_1_CA173_RS12020	100.0
NZ_CP021325_1_CA173_RS02720	NZ_CP021325_1_CA173_RS02720	100.0
NZ_CP021325_1_CA173_RS15240	NZ_CP021325_1_CA173_RS15240	100.0
NZ_CP021325_1_CA173_RS04120	NZ_CP021325_1_CA173_RS04120	100.0
NZ_CP021325_1_CA173_RS11460	NZ_CP021325_1_CA173_RS11460	100.0
NZ_CP021325_1_CA173_RS09980	NZ_CP021325_1_CA173_RS09980	100.0
NZ_CP021325_1_CA173_RS03080	NZ_CP021325_1_CA173_RS03080	100.0
NZ_CP021325_1_CA173_RS05870	NZ_CP021325_1_CA173_RS05870	100.0
NZ_CP021325_1_CA173_RS11920	NZ_CP021325_1_CA173_RS11920	100.0
NZ_CP021325_1_CA173_RS10740	NZ_CP021325_1_CA173_RS10740	100.0
NZ_CP021325_1_CA173_RS00555	NZ_CP021325_1_CA173_RS00555	100.0
NZ_CP021325_1_CA173_RS06690	NZ_CP021325_1_CA173_RS06690	100.0
NZ_CP021325_1_CA173_RS01465	NZ_CP021325_1_CA173_RS01465	100.0
NZ_CP021325_1_CA173_RS13675	NZ_CP021325_1_CA173_RS13675	100.0
NZ_CP021325_1_CA173_RS13410	NZ_CP021325_1_CA173_RS13410	100.0
NZ_CP021325_1_CA173_RS01425	NZ_CP021325_1_CA173_RS01425	100.0
NZ_CP021325_1_CA173_RS07400	NZ_CP021325_1_CA173_RS07400	100.0
NZ_CP021325_1_CA173_RS00050	NZ_CP021325_1_CA173_RS00050	100.0
NZ_CP021325_1_CA173_RS05860	NZ_CP021325_1_CA173_RS05860	100.0
NZ_CP021325_1_CA173_RS06955	NZ_CP021325_1_CA173_RS06955	100.0
NZ_CP021325_1_CA173_RS13565	NZ_CP021325_1_CA173_RS13565	100.0
NZ_CP021325_1_CA173_RS08745	NZ_CP021325_1_CA173_RS08745	100.0
NZ_CP021325_1_CA173_RS02910	NZ_CP021325_1_CA173_RS02910	100.0
NZ_CP021325_1_CA173_RS05245	NZ_CP021325_1_CA173_RS05245	100.0
NZ_CP021325_1_CA173_RS08660	NZ_CP021325_1_CA173_RS08660	100.0
NZ_CP021325_1_CA173_RS04985	NZ_CP021325_1_CA173_RS04985	100.0
NZ_CP021325_1_CA173_RS05165	NZ_CP021325_1_CA173_RS05165	100.0
NZ_CP021325_1_CA173_RS07985	NZ_CP021325_1_CA173_RS07985	100.0
NZ_CP021325_1_CA173_RS05270	NZ_CP021325_1_CA173_RS05270	100.0
NZ_CP021325_1_CA173_RS05375	NZ_CP021325_1_CA173_RS05375	100.0
NZ_CP021325_1_CA173_RS09565	NZ_CP021325_1_CA173_RS09565	100.0
NZ_CP021325_1_CA173_RS08165	NZ_CP021325_1_CA173_RS08165	100.0
NZ_CP021325_1_CA173_RS08085	NZ_CP021325_1_CA173_RS08085	100.0
NZ_CP021325_1_CA173_RS06780	NZ_CP021325_1_CA173_RS06780	100.0
NZ_CP021325_1_CA173_RS03215	NZ_CP021325_1_CA173_RS03215	100.0
NZ_CP021325_1_CA173_RS07910	NZ_CP021325_1_CA173_RS07910	100.0
NZ_CP021325_1_CA173_RS12005	NZ_CP021325_1_CA173_RS12005	100.0
NZ_CP021325_1_CA173_RS10170	NZ_CP021325_1_CA173_RS10170	100.0
NZ_CP021325_1_CA173_RS13740	NZ_CP021325_1_CA173_RS13740	100.0
NZ_CP021325_1_CA173_RS07150	NZ_CP021325_1_CA173_RS07150	100.0
NZ_CP021325_1_CA173_RS13920	NZ_CP021325_1_CA173_RS13920	100.0
NZ_CP021325_1_CA173_RS05120	NZ_CP021325_1_CA173_RS05120	100.0
NZ_CP021325_1_CA173_RS09600	NZ_CP021325_1_CA173_RS09600	100.0
NZ_CP021325_1_CA173_RS02095	NZ_CP021325_1_CA173_RS02095	100.0
NZ_CP021325_1_CA173_RS08220	NZ_CP021325_1_CA173_RS08220	100.0
NZ_CP021325_1_CA173_RS14445	NZ_CP021325_1_CA173_RS14445	100.0
NZ_CP021325_1_CA173_RS09935	NZ_CP021325_1_CA173_RS09935	100.0
NZ_CP021325_1_CA173_RS13030	NZ_CP021325_1_CA173_RS13030	100.0
NZ_CP021325_1_CA173_RS04645	NZ_CP021325_1_CA173_RS04645	100.0
NZ_CP021325_1_CA173_RS09045	NZ_CP021325_1_CA173_RS09045	100.0
NZ_CP021325_1_CA173_RS06475	NZ_CP021325_1_CA173_RS06475	100.0
NZ_CP021325_1_CA173_RS13195	NZ_CP021325_1_CA173_RS13195	100.0
NZ_CP021325_1_CA173_RS01585	NZ_CP021325_1_CA173_RS01585	100.0
NZ_CP021325_1_CA173_RS08335	NZ_CP021325_1_CA173_RS08335	100.0
NZ_CP021325_1_CA173_RS12325	NZ_CP021325_1_CA173_RS12325	100.0
NZ_CP021325_1_CA173_RS13255	NZ_CP021325_1_CA173_RS13255	100.0
NZ_CP021325_1_CA173_RS03400	NZ_CP021325_1_CA173_RS03400	100.0
NZ_CP021325_1_CA173_RS07790	NZ_CP021325_1_CA173_RS07790	100.0
NZ_CP021325_1_CA173_RS05475	NZ_CP021325_1_CA173_RS05475	100.0
NZ_CP021325_1_CA173_RS11895	NZ_CP021325_1_CA173_RS11895	100.0
NZ_CP021325_1_CA173_RS11240	NZ_CP021325_1_CA173_RS11240	100.0
NZ_CP021325_1_CA173_RS15070	NZ_CP021325_1_CA173_RS15070	100.0
NZ_CP021325_1_CA173_RS01515	NZ_CP021325_1_CA173_RS01515	100.0
NZ_CP021325_1_CA173_RS13485	NZ_CP021325_1_CA173_RS13485	100.0
NZ_CP021325_1_CA173_RS01115	NZ_CP021325_1_CA173_RS01115	100.0
NZ_CP021325_1_CA173_RS06655	NZ_CP021325_1_CA173_RS06655	100.0
NZ_CP021325_1_CA173_RS02315	NZ_CP021325_1_CA173_RS02315	100.0
NZ_CP021325_1_CA173_RS07880	NZ_CP021325_1_CA173_RS07880	100.0
NZ_CP021325_1_CA173_RS11790	NZ_CP021325_1_CA173_RS11790	100.0
NZ_CP021325_1_CA173_RS05610	NZ_CP021325_1_CA173_RS05610	100.0
NZ_CP021325_1_CA173_RS09535	NZ_CP021325_1_CA173_RS09535	100.0
NZ_CP021325_1_CA173_RS07680	NZ_CP021325_1_CA173_RS07680	100.0
NZ_CP021325_1_CA173_RS03660	NZ_CP021325_1_CA173_RS03660	100.0
NZ_CP021325_1_CA173_RS02110	NZ_CP021325_1_CA173_RS02110	100.0
NZ_CP021325_1_CA173_RS04125	NZ_CP021325_1_CA173_RS04125	100.0
NZ_CP021325_1_CA173_RS13765	NZ_CP021325_1_CA173_RS13765	100.0
NZ_CP021325_1_CA173_RS10575	NZ_CP021325_1_CA173_RS10575	100.0
NZ_CP021325_1_CA173_RS04370	NZ_CP021325_1_CA173_RS04370	100.0
NZ_CP021325_1_CA173_RS09920	NZ_CP021325_1_CA173_RS09920	100.0
NZ_CP021325_1_CA173_RS04295	NZ_CP021325_1_CA173_RS04295	100.0
NZ_CP021325_1_CA173_RS13010	NZ_CP021325_1_CA173_RS13010	100.0
NZ_CP021325_1_CA173_RS08535	NZ_CP021325_1_CA173_RS08535	100.0
NZ_CP021325_1_CA173_RS04520	NZ_CP021325_1_CA173_RS04520	100.0
NZ_CP021325_1_CA173_RS07610	NZ_CP021325_1_CA173_RS07610	100.0
NZ_CP021325_1_CA173_RS07220	NZ_CP021325_1_CA173_RS07220	100.0
NZ_CP021325_1_CA173_RS03775	NZ_CP021325_1_CA173_RS03775	100.0
NZ_CP021325_1_CA173_RS09330	NZ_CP021325_1_CA173_RS09330	100.0
NZ_CP021325_1_CA173_RS10920	NZ_CP021325_1_CA173_RS10920	100.0
NZ_CP021325_1_CA173_RS15005	NZ_CP021325_1_CA173_RS15005	100.0
NZ_CP021325_1_CA173_RS08020	NZ_CP021325_1_CA173_RS08020	100.0
NZ_CP021325_1_CA173_RS10090	NZ_CP021325_1_CA173_RS10090	100.0
NZ_CP021325_1_CA173_RS01635	NZ_CP021325_1_CA173_RS01635	100.0
NZ_CP021325_1_CA173_RS14430	NZ_CP021325_1_CA173_RS14430	100.0
NZ_CP021325_1_CA173_RS10010	NZ_CP021325_1_CA173_RS10010	100.0
NZ_CP021325_1_CA173_RS14980	NZ_CP021325_1_CA173_RS14980	100.0
NZ_CP021325_1_CA173_RS13520	NZ_CP021325_1_CA173_RS13520	100.0
NZ_CP021325_1_CA173_RS07560	NZ_CP021325_1_CA173_RS07560	100.0
NZ_CP021325_1_CA173_RS00450	NZ_CP021325_1_CA173_RS00450	100.0
NZ_CP021325_1_CA173_RS02650	NZ_CP021325_1_CA173_RS02650	100.0
NZ_CP021325_1_CA173_RS14490	NZ_CP021325_1_CA173_RS14490	100.0
NZ_CP021325_1_CA173_RS13260	NZ_CP021325_1_CA173_RS13260	100.0
NZ_CP021325_1_CA173_RS03250	NZ_CP021325_1_CA173_RS03250	100.0
NZ_CP021325_1_CA173_RS10120	NZ_CP021325_1_CA173_RS10120	100.0
NZ_CP021325_1_CA173_RS04750	NZ_CP021325_1_CA173_RS04750	100.0
NZ_CP021325_1_CA173_RS11350	NZ_CP021325_1_CA173_RS11350	100.0
NZ_CP021325_1_CA173_RS08015	NZ_CP021325_1_CA173_RS08015	100.0
NZ_CP021325_1_CA173_RS01195	NZ_CP021325_1_CA173_RS01195	100.0
NZ_CP021325_1_CA173_RS08635	NZ_CP021325_1_CA173_RS08635	100.0
NZ_CP021325_1_CA173_RS06505	NZ_CP021325_1_CA173_RS06505	100.0
NZ_CP021325_1_CA173_RS13800	NZ_CP021325_1_CA173_RS13800	100.0
NZ_CP021325_1_CA173_RS05015	NZ_CP021325_1_CA173_RS05015	100.0
NZ_CP021325_1_CA173_RS08705	NZ_CP021325_1_CA173_RS08705	100.0
NZ_CP021325_1_CA173_RS11225	NZ_CP021325_1_CA173_RS11225	100.0
NZ_CP021325_1_CA173_RS02825	NZ_CP021325_1_CA173_RS02825	100.0
NZ_CP021325_1_CA173_RS09905	NZ_CP021325_1_CA173_RS09905	100.0
NZ_CP021325_1_CA173_RS11820	NZ_CP021325_1_CA173_RS11820	100.0
NZ_CP021325_1_CA173_RS10055	NZ_CP021325_1_CA173_RS10055	100.0
NZ_CP021325_1_CA173_RS11110	NZ_CP021325_1_CA173_RS11110	100.0
NZ_CP021325_1_CA173_RS02250	NZ_CP021325_1_CA173_RS02250	100.0
NZ_CP021325_1_CA173_RS05875	NZ_CP021325_1_CA173_RS05875	100.0
NZ_CP021325_1_CA173_RS10420	NZ_CP021325_1_CA173_RS10420	100.0
NZ_CP021325_1_CA173_RS14950	NZ_CP021325_1_CA173_RS14950	100.0
NZ_CP021325_1_CA173_RS09240	NZ_CP021325_1_CA173_RS09240	100.0
NZ_CP021325_1_CA173_RS12565	NZ_CP021325_1_CA173_RS12565	100.0
NZ_CP021325_1_CA173_RS11375	NZ_CP021325_1_CA173_RS11375	100.0
NZ_CP021325_1_CA173_RS08510	NZ_CP021325_1_CA173_RS08510	100.0
NZ_CP021325_1_CA173_RS00130	NZ_CP021325_1_CA173_RS00130	100.0
NZ_CP021325_1_CA173_RS11010	NZ_CP021325_1_CA173_RS11010	100.0
NZ_CP021325_1_CA173_RS09965	NZ_CP021325_1_CA173_RS09965	100.0
NZ_CP021325_1_CA173_RS09800	NZ_CP021325_1_CA173_RS09800	100.0
NZ_CP021325_1_CA173_RS09985	NZ_CP021325_1_CA173_RS09985	100.0
NZ_CP021325_1_CA173_RS12880	NZ_CP021325_1_CA173_RS12880	100.0
NZ_CP021325_1_CA173_RS05705	NZ_CP021325_1_CA173_RS05705	100.0
NZ_CP021325_1_CA173_RS07430	NZ_CP021325_1_CA173_RS07430	100.0
NZ_CP021325_1_CA173_RS03300	NZ_CP021325_1_CA173_RS03300	100.0
NZ_CP021325_1_CA173_RS04980	NZ_CP021325_1_CA173_RS04980	100.0
NZ_CP021325_1_CA173_RS06910	NZ_CP021325_1_CA173_RS06910	100.0
NZ_CP021325_1_CA173_RS10770	NZ_CP021325_1_CA173_RS10770	100.0
NZ_CP021325_1_CA173_RS01415	NZ_CP021325_1_CA173_RS01415	100.0
NZ_CP021325_1_CA173_RS11445	NZ_CP021325_1_CA173_RS11445	100.0
NZ_CP021325_1_CA173_RS13270	NZ_CP021325_1_CA173_RS13270	100.0
NZ_CP021325_1_CA173_RS01975	NZ_CP021325_1_CA173_RS01975	100.0
NZ_CP021325_1_CA173_RS05810	NZ_CP021325_1_CA173_RS05810	100.0
NZ_CP021325_1_CA173_RS03900	NZ_CP021325_1_CA173_RS03900	100.0
NZ_CP021325_1_CA173_RS02875	NZ_CP021325_1_CA173_RS02875	100.0
NZ_CP021325_1_CA173_RS09790	NZ_CP021325_1_CA173_RS09790	100.0
NZ_CP021325_1_CA173_RS06835	NZ_CP021325_1_CA173_RS06835	100.0
NZ_CP021325_1_CA173_RS15200	NZ_CP021325_1_CA173_RS15200	100.0
NZ_CP021325_1_CA173_RS07255	NZ_CP021325_1_CA173_RS07255	100.0
NZ_CP021325_1_CA173_RS11330	NZ_CP021325_1_CA173_RS11330	100.0
NZ_CP021325_1_CA173_RS09865	NZ_CP021325_1_CA173_RS09865	100.0
NZ_CP021325_1_CA173_RS04550	NZ_CP021325_1_CA173_RS04550	100.0
NZ_CP021325_1_CA173_RS08715	NZ_CP021325_1_CA173_RS08715	100.0
NZ_CP021325_1_CA173_RS02740	NZ_CP021325_1_CA173_RS02740	100.0
NZ_CP021325_1_CA173_RS11575	NZ_CP021325_1_CA173_RS11575	100.0
NZ_CP021325_1_CA173_RS09925	NZ_CP021325_1_CA173_RS09925	100.0
NZ_CP021325_1_CA173_RS12300	NZ_CP021325_1_CA173_RS12300	100.0
NZ_CP021325_1_CA173_RS04160	NZ_CP021325_1_CA173_RS04160	100.0
NZ_CP021325_1_CA173_RS07780	NZ_CP021325_1_CA173_RS07780	100.0
NZ_CP021325_1_CA173_RS05580	NZ_CP021325_1_CA173_RS05580	100.0
NZ_CP021325_1_CA173_RS08475	NZ_CP021325_1_CA173_RS08475	100.0
NZ_CP021325_1_CA173_RS00380	NZ_CP021325_1_CA173_RS00380	100.0
NZ_CP021325_1_CA173_RS06130	NZ_CP021325_1_CA173_RS06130	100.0
NZ_CP021325_1_CA173_RS11550	NZ_CP021325_1_CA173_RS11550	100.0
NZ_CP021325_1_CA173_RS05500	NZ_CP021325_1_CA173_RS05500	100.0
NZ_CP021325_1_CA173_RS06685	NZ_CP021325_1_CA173_RS06685	100.0
NZ_CP021325_1_CA173_RS02350	NZ_CP021325_1_CA173_RS02350	100.0
NZ_CP021325_1_CA173_RS03580	NZ_CP021325_1_CA173_RS03580	100.0
NZ_CP021325_1_CA173_RS07765	NZ_CP021325_1_CA173_RS07765	100.0
NZ_CP021325_1_CA173_RS13175	NZ_CP021325_1_CA173_RS13175	100.0
NZ_CP021325_1_CA173_RS05855	NZ_CP021325_1_CA173_RS05855	100.0
NZ_CP021325_1_CA173_RS02525	NZ_CP021325_1_CA173_RS02525	100.0
NZ_CP021325_1_CA173_RS03230	NZ_CP021325_1_CA173_RS03230	100.0
NZ_CP021325_1_CA173_RS06170	NZ_CP021325_1_CA173_RS06170	100.0
NZ_CP021325_1_CA173_RS02805	NZ_CP021325_1_CA173_RS02805	100.0
NZ_CP021325_1_CA173_RS15305	NZ_CP021325_1_CA173_RS15305	100.0
NZ_CP021325_1_CA173_RS11505	NZ_CP021325_1_CA173_RS11505	100.0
NZ_CP021325_1_CA173_RS05170	NZ_CP021325_1_CA173_RS05170	100.0
NZ_CP021325_1_CA173_RS04615	NZ_CP021325_1_CA173_RS04615	100.0
NZ_CP021325_1_CA173_RS14285	NZ_CP021325_1_CA173_RS14285	100.0
NZ_CP021325_1_CA173_RS06155	NZ_CP021325_1_CA173_RS06155	100.0
NZ_CP021325_1_CA173_RS00680	NZ_CP021325_1_CA173_RS00680	100.0
NZ_CP021325_1_CA173_RS12775	NZ_CP021325_1_CA173_RS12775	100.0
NZ_CP021325_1_CA173_RS11095	NZ_CP021325_1_CA173_RS11095	100.0
NZ_CP021325_1_CA173_RS02770	NZ_CP021325_1_CA173_RS02770	100.0
NZ_CP021325_1_CA173_RS15295	NZ_CP021325_1_CA173_RS15295	100.0
NZ_CP021325_1_CA173_RS02385	NZ_CP021325_1_CA173_RS02385	100.0
NZ_CP021325_1_CA173_RS09750	NZ_CP021325_1_CA173_RS09750	100.0
NZ_CP021325_1_CA173_RS08770	NZ_CP021325_1_CA173_RS08770	100.0
NZ_CP021325_1_CA173_RS06045	NZ_CP021325_1_CA173_RS06045	100.0
NZ_CP021325_1_CA173_RS15135	NZ_CP021325_1_CA173_RS15135	100.0
NZ_CP021325_1_CA173_RS01495	NZ_CP021325_1_CA173_RS01495	100.0
NZ_CP021325_1_CA173_RS11840	NZ_CP021325_1_CA173_RS11840	100.0
NZ_CP021325_1_CA173_RS05325	NZ_CP021325_1_CA173_RS05325	100.0
NZ_CP021325_1_CA173_RS09595	NZ_CP021325_1_CA173_RS09595	100.0
NZ_CP021325_1_CA173_RS07295	NZ_CP021325_1_CA173_RS07295	100.0
NZ_CP021325_1_CA173_RS13725	NZ_CP021325_1_CA173_RS13725	100.0
NZ_CP021325_1_CA173_RS05585	NZ_CP021325_1_CA173_RS05585	100.0
NZ_CP021325_1_CA173_RS11885	NZ_CP021325_1_CA173_RS11885	100.0
NZ_CP021325_1_CA173_RS08495	NZ_CP021325_1_CA173_RS08495	100.0
NZ_CP021325_1_CA173_RS08075	NZ_CP021325_1_CA173_RS08075	100.0
NZ_CP021325_1_CA173_RS02410	NZ_CP021325_1_CA173_RS02410	100.0
NZ_CP021325_1_CA173_RS15390	NZ_CP021325_1_CA173_RS15390	100.0
NZ_CP021325_1_CA173_RS00270	NZ_CP021325_1_CA173_RS00270	100.0
NZ_CP021325_1_CA173_RS01210	NZ_CP021325_1_CA173_RS01210	100.0
NZ_CP021325_1_CA173_RS03750	NZ_CP021325_1_CA173_RS03750	100.0
NZ_CP021325_1_CA173_RS06625	NZ_CP021325_1_CA173_RS06625	100.0
NZ_CP021325_1_CA173_RS14750	NZ_CP021325_1_CA173_RS14750	100.0
NZ_CP021325_1_CA173_RS12040	NZ_CP021325_1_CA173_RS12040	100.0
NZ_CP021325_1_CA173_RS02320	NZ_CP021325_1_CA173_RS02320	100.0
NZ_CP021325_1_CA173_RS11150	NZ_CP021325_1_CA173_RS11150	100.0
NZ_CP021325_1_CA173_RS09575	NZ_CP021325_1_CA173_RS09575	100.0
NZ_CP021325_1_CA173_RS10075	NZ_CP021325_1_CA173_RS10075	100.0
NZ_CP021325_1_CA173_RS04085	NZ_CP021325_1_CA173_RS04085	100.0
NZ_CP021325_1_CA173_RS07440	NZ_CP021325_1_CA173_RS07440	100.0
NZ_CP021325_1_CA173_RS10385	NZ_CP021325_1_CA173_RS10385	100.0
NZ_CP021325_1_CA173_RS05430	NZ_CP021325_1_CA173_RS05430	100.0
NZ_CP021325_1_CA173_RS00615	NZ_CP021325_1_CA173_RS00615	100.0
NZ_CP021325_1_CA173_RS09485	NZ_CP021325_1_CA173_RS09485	100.0
NZ_CP021325_1_CA173_RS01615	NZ_CP021325_1_CA173_RS01615	100.0
NZ_CP021325_1_CA173_RS02005	NZ_CP021325_1_CA173_RS02005	100.0
NZ_CP021325_1_CA173_RS03955	NZ_CP021325_1_CA173_RS03955	100.0
NZ_CP021325_1_CA173_RS00060	NZ_CP021325_1_CA173_RS00060	100.0
NZ_CP021325_1_CA173_RS06125	NZ_CP021325_1_CA173_RS06125	100.0
NZ_CP021325_1_CA173_RS01130	NZ_CP021325_1_CA173_RS01130	100.0
NZ_CP021325_1_CA173_RS10880	NZ_CP021325_1_CA173_RS10880	100.0
NZ_CP021325_1_CA173_RS00855	NZ_CP021325_1_CA173_RS00855	100.0
NZ_CP021325_1_CA173_RS13340	NZ_CP021325_1_CA173_RS13340	100.0
NZ_CP021325_1_CA173_RS08425	NZ_CP021325_1_CA173_RS08425	100.0
NZ_CP021325_1_CA173_RS04460	NZ_CP021325_1_CA173_RS04460	100.0
NZ_CP021325_1_CA173_RS13335	NZ_CP021325_1_CA173_RS13335	100.0
NZ_CP021325_1_CA173_RS05185	NZ_CP021325_1_CA173_RS05185	100.0
NZ_CP021325_1_CA173_RS05340	NZ_CP021325_1_CA173_RS05340	100.0
NZ_CP021325_1_CA173_RS00075	NZ_CP021325_1_CA173_RS00075	100.0
NZ_CP021325_1_CA173_RS08030	NZ_CP021325_1_CA173_RS08030	100.0
NZ_CP021325_1_CA173_RS10530	NZ_CP021325_1_CA173_RS10530	100.0
NZ_CP021325_1_CA173_RS11420	NZ_CP021325_1_CA173_RS11420	100.0
NZ_CP021325_1_CA173_RS14700	NZ_CP021325_1_CA173_RS14700	100.0
NZ_CP021325_1_CA173_RS06300	NZ_CP021325_1_CA173_RS06300	100.0
NZ_CP021325_1_CA173_RS10925	NZ_CP021325_1_CA173_RS10925	100.0
NZ_CP021325_1_CA173_RS00235	NZ_CP021325_1_CA173_RS00235	100.0
NZ_CP021325_1_CA173_RS07600	NZ_CP021325_1_CA173_RS07600	100.0
NZ_CP021325_1_CA173_RS05055	NZ_CP021325_1_CA173_RS05055	100.0
NZ_CP021325_1_CA173_RS01860	NZ_CP021325_1_CA173_RS01860	100.0
NZ_CP021325_1_CA173_RS01055	NZ_CP021325_1_CA173_RS01055	100.0
NZ_CP021325_1_CA173_RS07445	NZ_CP021325_1_CA173_RS07445	100.0
NZ_CP021325_1_CA173_RS01820	NZ_CP021325_1_CA173_RS01820	100.0
NZ_CP021325_1_CA173_RS11435	NZ_CP021325_1_CA173_RS11435	100.0
NZ_CP021325_1_CA173_RS06915	NZ_CP021325_1_CA173_RS06915	100.0
