NZ_CP021325_1_CA173_RS08795	OV986001_1_PFLU_5560	45.7
NZ_CP021325_1_CA173_RS08795	OV986001_1_PFLU_1385	46.0
NZ_CP021325_1_CA173_RS08795	OV986001_1_PFLU_1771	40.0
NZ_CP021325_1_CA173_RS03770	OV986001_1_PFLU_4733	30.6
NZ_CP021325_1_CA173_RS03770	OV986001_1_PFLU_5314	30.9
NZ_CP021325_1_CA173_RS03770	OV986001_1_PFLU_0966	29.7
NZ_CP021325_1_CA173_RS03770	OV986001_1_PFLU_1223	27.0
NZ_CP021325_1_CA173_RS03770	OV986001_1_PFLU_5091	30.5
NZ_CP021325_1_CA173_RS03770	OV986001_1_PFLU_5095	26.9
NZ_CP021325_1_CA173_RS03770	OV986001_1_PFLU_3017	23.1
NZ_CP021325_1_CA173_RS03770	OV986001_1_PFLU_2267	22.6
NZ_CP021325_1_CA173_RS03770	OV986001_1_PFLU_3016	29.3
NZ_CP021325_1_CA173_RS03770	OV986001_1_PFLU_1605	24.8
NZ_CP021325_1_CA173_RS06485	OV986001_1_PFLU_5769	41.5
NZ_CP021325_1_CA173_RS14175	OV986001_1_PFLU_5527	49.3
NZ_CP021325_1_CA173_RS11625	OV986001_1_PFLU_4726	36.6
NZ_CP021325_1_CA173_RS01875	OV986001_1_PFLU_2918	39.5
NZ_CP021325_1_CA173_RS01875	OV986001_1_PFLU_2920	29.5
NZ_CP021325_1_CA173_RS01350	OV986001_1_PFLU_4265	25.9
NZ_CP021325_1_CA173_RS13660	OV986001_1_PFLU_0899	52.2
NZ_CP021325_1_CA173_RS14040	OV986001_1_PFLU_5502	49.3
NZ_CP021325_1_CA173_RS01220	OV986001_1_PFLU_3871	44.5
NZ_CP021325_1_CA173_RS11185	OV986001_1_PFLU_5589	41.0
NZ_CP021325_1_CA173_RS08305	OV986001_1_PFLU_5169	44.9
NZ_CP021325_1_CA173_RS00390	OV986001_1_PFLU_0968	39.2
NZ_CP021325_1_CA173_RS00390	OV986001_1_PFLU_2712	40.4
NZ_CP021325_1_CA173_RS00390	OV986001_1_PFLU_3363	34.1
NZ_CP021325_1_CA173_RS00390	OV986001_1_PFLU_3492	29.9
NZ_CP021325_1_CA173_RS00390	OV986001_1_PFLU_2307	30.7
NZ_CP021325_1_CA173_RS00390	OV986001_1_PFLU_0920	30.2
NZ_CP021325_1_CA173_RS00390	OV986001_1_PFLU_1546	26.1
NZ_CP021325_1_CA173_RS00390	OV986001_1_PFLU_3693	29.6
NZ_CP021325_1_CA173_RS06245	OV986001_1_PFLU_4488	30.8
NZ_CP021325_1_CA173_RS08955	OV986001_1_PFLU_4320	28.1
NZ_CP021325_1_CA173_RS08955	OV986001_1_PFLU_2452	27.9
NZ_CP021325_1_CA173_RS08415	OV986001_1_PFLU_4148	41.9
NZ_CP021325_1_CA173_RS02755	OV986001_1_PFLU_3940	35.6
NZ_CP021325_1_CA173_RS02755	OV986001_1_PFLU_3987	34.8
NZ_CP021325_1_CA173_RS00210	OV986001_1_PFLU_5446	46.2
NZ_CP021325_1_CA173_RS09445	OV986001_1_PFLU_0414	40.4
NZ_CP021325_1_CA173_RS15585	OV986001_1_PFLU_5705	44.3
NZ_CP021325_1_CA173_RS13215	OV986001_1_PFLU_3636	27.6
NZ_CP021325_1_CA173_RS07235	OV986001_1_PFLU_5251	40.8
NZ_CP021325_1_CA173_RS15065	OV986001_1_PFLU_6127	50.4
NZ_CP021325_1_CA173_RS15065	OV986001_1_PFLU_4409	31.9
NZ_CP021325_1_CA173_RS13705	OV986001_1_PFLU_5006	39.6
NZ_CP021325_1_CA173_RS13705	OV986001_1_PFLU_2011	39.8
NZ_CP021325_1_CA173_RS12830	OV986001_1_PFLU_3828	32.4
NZ_CP021325_1_CA173_RS03725	OV986001_1_PFLU_4420	30.6
NZ_CP021325_1_CA173_RS09010	OV986001_1_PFLU_2350	23.3
NZ_CP021325_1_CA173_RS08570	OV986001_1_PFLU_5987	38.1
NZ_CP021325_1_CA173_RS15245	OV986001_1_PFLU_1644	51.4
NZ_CP021325_1_CA173_RS09845	OV986001_1_PFLU_4707	37.2
NZ_CP021325_1_CA173_RS03740	OV986001_1_PFLU_4732	31.1
NZ_CP021325_1_CA173_RS03740	OV986001_1_PFLU_5090	30.8
NZ_CP021325_1_CA173_RS03740	OV986001_1_PFLU_3018	28.8
NZ_CP021325_1_CA173_RS03740	OV986001_1_PFLU_1221	28.3
NZ_CP021325_1_CA173_RS08065	OV986001_1_PFLU_5053	30.0
NZ_CP021325_1_CA173_RS01965	OV986001_1_PFLU_2577	49.2
NZ_CP021325_1_CA173_RS01460	OV986001_1_PFLU_0215	43.6
NZ_CP021325_1_CA173_RS08775	OV986001_1_PFLU_0036	62.1
NZ_CP021325_1_CA173_RS07990	OV986001_1_PFLU_5770	32.8
NZ_CP021325_1_CA173_RS07990	OV986001_1_PFLU_4568	22.8
NZ_CP021325_1_CA173_RS07990	OV986001_1_PFLU_5404	29.7
NZ_CP021325_1_CA173_RS07090	OV986001_1_PFLU_0348	39.2
NZ_CP021325_1_CA173_RS10720	OV986001_1_PFLU_5797	47.2
NZ_CP021325_1_CA173_RS10720	OV986001_1_PFLU_2367	33.0
NZ_CP021325_1_CA173_RS10720	OV986001_1_PFLU_4964	32.4
NZ_CP021325_1_CA173_RS01145	OV986001_1_PFLU_0614	38.6
NZ_CP021325_1_CA173_RS01145	OV986001_1_PFLU_1586	28.4
NZ_CP021325_1_CA173_RS10380	OV986001_1_PFLU_0405	28.8
NZ_CP021325_1_CA173_RS13245	OV986001_1_PFLU_4965	49.5
NZ_CP021325_1_CA173_RS13245	OV986001_1_PFLU_5706	36.8
NZ_CP021325_1_CA173_RS13245	OV986001_1_PFLU_1566	35.0
NZ_CP021325_1_CA173_RS08855	OV986001_1_PFLU_1563	39.5
NZ_CP021325_1_CA173_RS07060	OV986001_1_PFLU_1140	31.5
NZ_CP021325_1_CA173_RS07415	OV986001_1_PFLU_5461	42.1
NZ_CP021325_1_CA173_RS07050	OV986001_1_PFLU_4132	32.0
NZ_CP021325_1_CA173_RS07050	OV986001_1_PFLU_5899	30.5
NZ_CP021325_1_CA173_RS03045	OV986001_1_PFLU_5766	40.6
NZ_CP021325_1_CA173_RS12595	OV986001_1_PFLU_0246	32.7
NZ_CP021325_1_CA173_RS12595	OV986001_1_PFLU_4031	26.1
NZ_CP021325_1_CA173_RS06965	OV986001_1_PFLU_1556	38.9
NZ_CP021325_1_CA173_RS10330	OV986001_1_PFLU_5239	33.5
NZ_CP021325_1_CA173_RS10330	OV986001_1_PFLU_5585	32.4
NZ_CP021325_1_CA173_RS10355	OV986001_1_PFLU_4054	24.2
NZ_CP021325_1_CA173_RS10355	OV986001_1_PFLU_2523	24.8
NZ_CP021325_1_CA173_RS10355	OV986001_1_PFLU_3070	22.4
NZ_CP021325_1_CA173_RS14160	OV986001_1_PFLU_5524	58.3
NZ_CP021325_1_CA173_RS07160	OV986001_1_PFLU_1272	48.1
NZ_CP021325_1_CA173_RS00660	OV986001_1_PFLU_3130	33.5
NZ_CP021325_1_CA173_RS00660	OV986001_1_PFLU_4198	34.0
NZ_CP021325_1_CA173_RS00660	OV986001_1_PFLU_1114	32.2
NZ_CP021325_1_CA173_RS00660	OV986001_1_PFLU_5593	33.8
NZ_CP021325_1_CA173_RS00660	OV986001_1_PFLU_4858	31.1
NZ_CP021325_1_CA173_RS00660	OV986001_1_PFLU_6074	33.2
NZ_CP021325_1_CA173_RS00660	OV986001_1_PFLU_0185	29.9
NZ_CP021325_1_CA173_RS00660	OV986001_1_PFLU_1349	33.1
NZ_CP021325_1_CA173_RS00660	OV986001_1_PFLU_1083	32.6
NZ_CP021325_1_CA173_RS00660	OV986001_1_PFLU_3444	31.8
NZ_CP021325_1_CA173_RS00660	OV986001_1_PFLU_1081	32.0
NZ_CP021325_1_CA173_RS00660	OV986001_1_PFLU_2753	29.7
NZ_CP021325_1_CA173_RS00660	OV986001_1_PFLU_5698	28.0
NZ_CP021325_1_CA173_RS04290	OV986001_1_PFLU_1505	42.3
NZ_CP021325_1_CA173_RS15035	OV986001_1_PFLU_5339	50.9
NZ_CP021325_1_CA173_RS15035	OV986001_1_PFLU_5500	43.9
NZ_CP021325_1_CA173_RS15035	OV986001_1_PFLU_0071	45.5
NZ_CP021325_1_CA173_RS11975	OV986001_1_PFLU_4314	54.9
NZ_CP021325_1_CA173_RS11975	OV986001_1_PFLU_0874	41.9
NZ_CP021325_1_CA173_RS11975	OV986001_1_PFLU_6057	39.1
NZ_CP021325_1_CA173_RS14825	OV986001_1_PFLU_3797	54.2
NZ_CP021325_1_CA173_RS00065	OV986001_1_PFLU_0058	25.1
NZ_CP021325_1_CA173_RS15375	OV986001_1_PFLU_4817	22.9
NZ_CP021325_1_CA173_RS10135	OV986001_1_PFLU_0804	27.4
NZ_CP021325_1_CA173_RS10135	OV986001_1_PFLU_5819	25.4
NZ_CP021325_1_CA173_RS10135	OV986001_1_PFLU_5037	25.1
NZ_CP021325_1_CA173_RS12845	OV986001_1_PFLU_3866	27.1
NZ_CP021325_1_CA173_RS08225	OV986001_1_PFLU_0517	26.1
NZ_CP021325_1_CA173_RS08225	OV986001_1_PFLU_6087	29.7
NZ_CP021325_1_CA173_RS08135	OV986001_1_PFLU_4748	43.9
NZ_CP021325_1_CA173_RS05275	OV986001_1_PFLU_1511	31.9
NZ_CP021325_1_CA173_RS05275	OV986001_1_PFLU_4028	27.2
NZ_CP021325_1_CA173_RS05275	OV986001_1_PFLU_5690	27.6
NZ_CP021325_1_CA173_RS05275	OV986001_1_PFLU_3840	25.7
NZ_CP021325_1_CA173_RS01505	OV986001_1_PFLU_4211	23.0
NZ_CP021325_1_CA173_RS09295	OV986001_1_PFLU_4826	34.7
NZ_CP021325_1_CA173_RS13635	OV986001_1_PFLU_6124	28.8
NZ_CP021325_1_CA173_RS07620	OV986001_1_PFLU_1164	38.5
NZ_CP021325_1_CA173_RS12575	OV986001_1_PFLU_0041	38.5
NZ_CP021325_1_CA173_RS10325	OV986001_1_PFLU_5543	29.0
NZ_CP021325_1_CA173_RS08790	OV986001_1_PFLU_5559	37.0
NZ_CP021325_1_CA173_RS08790	OV986001_1_PFLU_3794	22.8
NZ_CP021325_1_CA173_RS10760	OV986001_1_PFLU_5823	39.7
NZ_CP021325_1_CA173_RS05425	OV986001_1_PFLU_4291	24.7
NZ_CP021325_1_CA173_RS05425	OV986001_1_PFLU_2287	29.0
NZ_CP021325_1_CA173_RS05425	OV986001_1_PFLU_1487	25.6
NZ_CP021325_1_CA173_RS05425	OV986001_1_PFLU_5605	24.1
NZ_CP021325_1_CA173_RS05425	OV986001_1_PFLU_1118	24.8
NZ_CP021325_1_CA173_RS05425	OV986001_1_PFLU_3989	25.0
NZ_CP021325_1_CA173_RS05425	OV986001_1_PFLU_6056	19.7
NZ_CP021325_1_CA173_RS05425	OV986001_1_PFLU_4655	27.8
NZ_CP021325_1_CA173_RS13745	OV986001_1_PFLU_5164	28.3
NZ_CP021325_1_CA173_RS14555	OV986001_1_PFLU_4700	41.2
NZ_CP021325_1_CA173_RS08800	OV986001_1_PFLU_5561	43.4
NZ_CP021325_1_CA173_RS08800	OV986001_1_PFLU_1384	33.0
NZ_CP021325_1_CA173_RS08800	OV986001_1_PFLU_4637	33.5
NZ_CP021325_1_CA173_RS14680	OV986001_1_PFLU_5346	36.2
NZ_CP021325_1_CA173_RS14680	OV986001_1_PFLU_1900	35.5
NZ_CP021325_1_CA173_RS09610	OV986001_1_PFLU_4499	50.9
NZ_CP021325_1_CA173_RS07525	OV986001_1_PFLU_4311	34.6
NZ_CP021325_1_CA173_RS09940	OV986001_1_PFLU_5992	31.2
NZ_CP021325_1_CA173_RS07860	OV986001_1_PFLU_0771	34.1
NZ_CP021325_1_CA173_RS07970	OV986001_1_PFLU_5268	46.3
NZ_CP021325_1_CA173_RS07970	OV986001_1_PFLU_0575	34.3
NZ_CP021325_1_CA173_RS09825	OV986001_1_PFLU_1060	33.9
NZ_CP021325_1_CA173_RS13225	OV986001_1_PFLU_1291	66.2
NZ_CP021325_1_CA173_RS13225	OV986001_1_PFLU_1903	56.0
NZ_CP021325_1_CA173_RS11910	OV986001_1_PFLU_0416	40.3
NZ_CP021325_1_CA173_RS09570	OV986001_1_PFLU_6075	38.5
NZ_CP021325_1_CA173_RS09570	OV986001_1_PFLU_5961	40.7
NZ_CP021325_1_CA173_RS06240	OV986001_1_PFLU_4490	35.5
NZ_CP021325_1_CA173_RS13475	OV986001_1_PFLU_5545	45.5
NZ_CP021325_1_CA173_RS12610	OV986001_1_PFLU_5605	29.3
NZ_CP021325_1_CA173_RS12610	OV986001_1_PFLU_6002	23.6
NZ_CP021325_1_CA173_RS12610	OV986001_1_PFLU_5192A	29.2
NZ_CP021325_1_CA173_RS12610	OV986001_1_PFLU_4516	29.1
NZ_CP021325_1_CA173_RS12610	OV986001_1_PFLU_4211	24.4
NZ_CP021325_1_CA173_RS12610	OV986001_1_PFLU_0280	23.7
NZ_CP021325_1_CA173_RS12610	OV986001_1_PFLU_3330	28.9
NZ_CP021325_1_CA173_RS07405	OV986001_1_PFLU_5048	44.0
NZ_CP021325_1_CA173_RS07205	OV986001_1_PFLU_5254	37.6
NZ_CP021325_1_CA173_RS11260	OV986001_1_PFLU_3182	33.8
NZ_CP021325_1_CA173_RS11260	OV986001_1_PFLU_1715	36.3
NZ_CP021325_1_CA173_RS11260	OV986001_1_PFLU_5301	39.4
NZ_CP021325_1_CA173_RS10485	OV986001_1_PFLU_1840	38.3
NZ_CP021325_1_CA173_RS07895	OV986001_1_PFLU_0010	32.1
NZ_CP021325_1_CA173_RS10750	OV986001_1_PFLU_4196	55.7
NZ_CP021325_1_CA173_RS10750	OV986001_1_PFLU_2049	47.3
NZ_CP021325_1_CA173_RS09465	OV986001_1_PFLU_0376	22.1
NZ_CP021325_1_CA173_RS10695	OV986001_1_PFLU_2692	39.9
NZ_CP021325_1_CA173_RS10695	OV986001_1_PFLU_4838	38.0
NZ_CP021325_1_CA173_RS07875	OV986001_1_PFLU_5592	64.2
NZ_CP021325_1_CA173_RS07875	OV986001_1_PFLU_5592	35.4
NZ_CP021325_1_CA173_RS07875	OV986001_1_PFLU_1302	45.6
NZ_CP021325_1_CA173_RS07875	OV986001_1_PFLU_5777	28.9
NZ_CP021325_1_CA173_RS01270	OV986001_1_PFLU_5537	49.3
NZ_CP021325_1_CA173_RS10430	OV986001_1_PFLU_1646	40.7
NZ_CP021325_1_CA173_RS10430	OV986001_1_PFLU_5135	26.4
NZ_CP021325_1_CA173_RS08455	OV986001_1_PFLU_3808	59.5
NZ_CP021325_1_CA173_RS00985	OV986001_1_PFLU_6116	40.0
NZ_CP021325_1_CA173_RS05455	OV986001_1_PFLU_1812	48.3
NZ_CP021325_1_CA173_RS08785	OV986001_1_PFLU_5558	41.5
NZ_CP021325_1_CA173_RS15580	OV986001_1_PFLU_5257	41.6
NZ_CP021325_1_CA173_RS10980	OV986001_1_PFLU_0947	34.7
NZ_CP021325_1_CA173_RS07340	OV986001_1_PFLU_5874	40.2
NZ_CP021325_1_CA173_RS07340	OV986001_1_PFLU_4899	40.2
NZ_CP021325_1_CA173_RS07340	OV986001_1_PFLU_2330	31.6
NZ_CP021325_1_CA173_RS07340	OV986001_1_PFLU_2333	29.4
NZ_CP021325_1_CA173_RS09360	OV986001_1_PFLU_2888	43.0
NZ_CP021325_1_CA173_RS15040	OV986001_1_PFLU_4692	32.4
NZ_CP021325_1_CA173_RS05780	OV986001_1_PFLU_0290	65.3
NZ_CP021325_1_CA173_RS00005	OV986001_1_PFLU_0001	39.2
NZ_CP021325_1_CA173_RS00275	OV986001_1_PFLU_0525	49.3
NZ_CP021325_1_CA173_RS08860	OV986001_1_PFLU_3513	21.9
NZ_CP021325_1_CA173_RS13610	OV986001_1_PFLU_6119	36.7
NZ_CP021325_1_CA173_RS07870	OV986001_1_PFLU_4258	40.8
NZ_CP021325_1_CA173_RS15595	OV986001_1_PFLU_0249	38.8
NZ_CP021325_1_CA173_RS15595	OV986001_1_PFLU_5683	35.3
NZ_CP021325_1_CA173_RS15595	OV986001_1_PFLU_2021	28.6
NZ_CP021325_1_CA173_RS08160	OV986001_1_PFLU_5212	35.6
NZ_CP021325_1_CA173_RS07640	OV986001_1_PFLU_3250	25.1
NZ_CP021325_1_CA173_RS08585	OV986001_1_PFLU_0349	24.7
NZ_CP021325_1_CA173_RS10505	OV986001_1_PFLU_4161	25.9
NZ_CP021325_1_CA173_RS09425	OV986001_1_PFLU_2473	24.5
NZ_CP021325_1_CA173_RS09425	OV986001_1_PFLU_2745	24.4
NZ_CP021325_1_CA173_RS02505	OV986001_1_PFLU_2346	37.5
NZ_CP021325_1_CA173_RS00945	OV986001_1_PFLU_0733	38.5
NZ_CP021325_1_CA173_RS07595	OV986001_1_PFLU_1189	57.7
NZ_CP021325_1_CA173_RS06020	OV986001_1_PFLU_4481	29.2
NZ_CP021325_1_CA173_RS04600	OV986001_1_PFLU_0706	39.2
NZ_CP021325_1_CA173_RS04600	OV986001_1_PFLU_0949	31.1
NZ_CP021325_1_CA173_RS05990	OV986001_1_PFLU_3822	25.5
NZ_CP021325_1_CA173_RS08610	OV986001_1_PFLU_5503	45.2
NZ_CP021325_1_CA173_RS09960	OV986001_1_PFLU_1851	43.4
NZ_CP021325_1_CA173_RS05790	OV986001_1_PFLU_0291	46.4
NZ_CP021325_1_CA173_RS05790	OV986001_1_PFLU_0483	32.7
NZ_CP021325_1_CA173_RS02895	OV986001_1_PFLU_0330	43.0
NZ_CP021325_1_CA173_RS14870	OV986001_1_PFLU_2157	34.8
NZ_CP021325_1_CA173_RS14870	OV986001_1_PFLU_1972	32.2
NZ_CP021325_1_CA173_RS01320	OV986001_1_PFLU_5533	46.6
NZ_CP021325_1_CA173_RS01215	OV986001_1_PFLU_5070	52.1
NZ_CP021325_1_CA173_RS01215	OV986001_1_PFLU_0248	38.8
NZ_CP021325_1_CA173_RS09000	OV986001_1_PFLU_3888	26.8
NZ_CP021325_1_CA173_RS09000	OV986001_1_PFLU_4830	29.8
NZ_CP021325_1_CA173_RS09000	OV986001_1_PFLU_3525	27.9
NZ_CP021325_1_CA173_RS09000	OV986001_1_PFLU_4829	28.6
NZ_CP021325_1_CA173_RS09000	OV986001_1_PFLU_2552	23.3
NZ_CP021325_1_CA173_RS09000	OV986001_1_PFLU_1843	24.6
NZ_CP021325_1_CA173_RS09000	OV986001_1_PFLU_3224	23.3
NZ_CP021325_1_CA173_RS09000	OV986001_1_PFLU_2543	22.3
NZ_CP021325_1_CA173_RS09000	OV986001_1_PFLU_5244	20.9
NZ_CP021325_1_CA173_RS09000	OV986001_1_PFLU_3223	20.7
NZ_CP021325_1_CA173_RS09000	OV986001_1_PFLU_2553	22.2
NZ_CP021325_1_CA173_RS09000	OV986001_1_PFLU_4007	20.6
NZ_CP021325_1_CA173_RS09000	OV986001_1_PFLU_4387	22.3
NZ_CP021325_1_CA173_RS09000	OV986001_1_PFLU_4766	23.0
NZ_CP021325_1_CA173_RS09000	OV986001_1_PFLU_3225	21.5
NZ_CP021325_1_CA173_RS09000	OV986001_1_PFLU_2544	20.2
NZ_CP021325_1_CA173_RS09000	OV986001_1_PFLU_0119	22.0
NZ_CP021325_1_CA173_RS10825	OV986001_1_PFLU_5024	23.4
NZ_CP021325_1_CA173_RS08575	OV986001_1_PFLU_4932	37.8
NZ_CP021325_1_CA173_RS09030	OV986001_1_PFLU_2662	27.1
NZ_CP021325_1_CA173_RS03755	OV986001_1_PFLU_4410	26.6
NZ_CP021325_1_CA173_RS03755	OV986001_1_PFLU_6014	37.6
NZ_CP021325_1_CA173_RS03895	OV986001_1_PFLU_4438	26.3
NZ_CP021325_1_CA173_RS09550	OV986001_1_PFLU_0861	52.2
NZ_CP021325_1_CA173_RS09550	OV986001_1_PFLU_3208	34.2
NZ_CP021325_1_CA173_RS09550	OV986001_1_PFLU_4778	30.3
NZ_CP021325_1_CA173_RS09550	OV986001_1_PFLU_1072	27.1
NZ_CP021325_1_CA173_RS09550	OV986001_1_PFLU_1992	28.0
NZ_CP021325_1_CA173_RS14880	OV986001_1_PFLU_5044	55.0
NZ_CP021325_1_CA173_RS13325	OV986001_1_PFLU_0879	36.3
NZ_CP021325_1_CA173_RS08400	OV986001_1_PFLU_5934	46.7
NZ_CP021325_1_CA173_RS06880	OV986001_1_PFLU_5427	49.0
NZ_CP021325_1_CA173_RS01490	OV986001_1_PFLU_1479	36.6
NZ_CP021325_1_CA173_RS09440	OV986001_1_PFLU_0415	35.4
NZ_CP021325_1_CA173_RS09440	OV986001_1_PFLU_3943	26.2
NZ_CP021325_1_CA173_RS11315	OV986001_1_PFLU_5973	24.5
NZ_CP021325_1_CA173_RS03765	OV986001_1_PFLU_3669	25.0
NZ_CP021325_1_CA173_RS04375	OV986001_1_PFLU_5844	37.4
NZ_CP021325_1_CA173_RS04375	OV986001_1_PFLU_5845	35.8
NZ_CP021325_1_CA173_RS04375	OV986001_1_PFLU_6062	33.3
NZ_CP021325_1_CA173_RS04375	OV986001_1_PFLU_3309	30.7
NZ_CP021325_1_CA173_RS14170	OV986001_1_PFLU_5526	43.3
NZ_CP021325_1_CA173_RS00690	OV986001_1_PFLU_2281	36.1
NZ_CP021325_1_CA173_RS00690	OV986001_1_PFLU_1633	33.0
NZ_CP021325_1_CA173_RS00690	OV986001_1_PFLU_0821	31.6
NZ_CP021325_1_CA173_RS00690	OV986001_1_PFLU_2222	41.8
NZ_CP021325_1_CA173_RS00690	OV986001_1_PFLU_2945	34.3
NZ_CP021325_1_CA173_RS00690	OV986001_1_PFLU_4045	27.5
NZ_CP021325_1_CA173_RS00665	OV986001_1_PFLU_5044	35.1
NZ_CP021325_1_CA173_RS01190	OV986001_1_PFLU_5337	47.1
NZ_CP021325_1_CA173_RS08060	OV986001_1_PFLU_5365	29.5
NZ_CP021325_1_CA173_RS02695	OV986001_1_PFLU_3015	29.1
NZ_CP021325_1_CA173_RS13665	OV986001_1_PFLU_5330	58.9
NZ_CP021325_1_CA173_RS13665	OV986001_1_PFLU_5652	58.7
NZ_CP021325_1_CA173_RS08245	OV986001_1_PFLU_4999	36.1
NZ_CP021325_1_CA173_RS07185	OV986001_1_PFLU_1277	27.1
NZ_CP021325_1_CA173_RS09620	OV986001_1_PFLU_5034	24.7
NZ_CP021325_1_CA173_RS00070	OV986001_1_PFLU_5139	47.6
NZ_CP021325_1_CA173_RS00070	OV986001_1_PFLU_0059	44.0
NZ_CP021325_1_CA173_RS07190	OV986001_1_PFLU_4994	50.9
NZ_CP021325_1_CA173_RS05400	OV986001_1_PFLU_1801	37.1
NZ_CP021325_1_CA173_RS05260	OV986001_1_PFLU_3968	73.9
NZ_CP021325_1_CA173_RS07330	OV986001_1_PFLU_3231	35.8
NZ_CP021325_1_CA173_RS07330	OV986001_1_PFLU_5867	36.2
NZ_CP021325_1_CA173_RS07330	OV986001_1_PFLU_2424	37.0
NZ_CP021325_1_CA173_RS07330	OV986001_1_PFLU_4080	37.0
NZ_CP021325_1_CA173_RS07330	OV986001_1_PFLU_5762	34.1
NZ_CP021325_1_CA173_RS06395	OV986001_1_PFLU_4144	53.8
NZ_CP021325_1_CA173_RS10445	OV986001_1_PFLU_4338	34.9
NZ_CP021325_1_CA173_RS14610	OV986001_1_PFLU_4578	44.1
NZ_CP021325_1_CA173_RS08200	OV986001_1_PFLU_5952	47.4
NZ_CP021325_1_CA173_RS08200	OV986001_1_PFLU_2327	42.4
NZ_CP021325_1_CA173_RS08200	OV986001_1_PFLU_1747	29.6
NZ_CP021325_1_CA173_RS08270	OV986001_1_PFLU_5077	53.7
NZ_CP021325_1_CA173_RS08490	OV986001_1_PFLU_4187	46.6
NZ_CP021325_1_CA173_RS08110	OV986001_1_PFLU_4701	29.3
NZ_CP021325_1_CA173_RS03935	OV986001_1_PFLU_2653	33.9
NZ_CP021325_1_CA173_RS05230	OV986001_1_PFLU_0982	29.3
NZ_CP021325_1_CA173_RS05230	OV986001_1_PFLU_0307	28.1
NZ_CP021325_1_CA173_RS13845	OV986001_1_PFLU_0696	38.6
NZ_CP021325_1_CA173_RS07180	OV986001_1_PFLU_1276	39.3
NZ_CP021325_1_CA173_RS10680	OV986001_1_PFLU_4996	41.8
NZ_CP021325_1_CA173_RS10735	OV986001_1_PFLU_5218	55.2
NZ_CP021325_1_CA173_RS02475	OV986001_1_PFLU_5060	36.6
NZ_CP021325_1_CA173_RS14020	OV986001_1_PFLU_2759	44.8
NZ_CP021325_1_CA173_RS14020	OV986001_1_PFLU_2179	40.5
NZ_CP021325_1_CA173_RS08780	OV986001_1_PFLU_4188	42.9
NZ_CP021325_1_CA173_RS13060	OV986001_1_PFLU_5391	27.6
NZ_CP021325_1_CA173_RS05840	OV986001_1_PFLU_0546	48.5
NZ_CP021325_1_CA173_RS05840	OV986001_1_PFLU_2521	47.6
NZ_CP021325_1_CA173_RS07965	OV986001_1_PFLU_0616	33.3
NZ_CP021325_1_CA173_RS05390	OV986001_1_PFLU_5037	38.2
NZ_CP021325_1_CA173_RS05390	OV986001_1_PFLU_0804	39.7
NZ_CP021325_1_CA173_RS05390	OV986001_1_PFLU_5027	34.8
NZ_CP021325_1_CA173_RS05390	OV986001_1_PFLU_5819	34.1
NZ_CP021325_1_CA173_RS02915	OV986001_1_PFLU_0895	46.4
NZ_CP021325_1_CA173_RS11270	OV986001_1_PFLU_5936	51.9
NZ_CP021325_1_CA173_RS06250	OV986001_1_PFLU_0605	30.5
NZ_CP021325_1_CA173_RS09860	OV986001_1_PFLU_5679	36.7
NZ_CP021325_1_CA173_RS09860	OV986001_1_PFLU_1035	34.5
NZ_CP021325_1_CA173_RS09860	OV986001_1_PFLU_4898	36.6
NZ_CP021325_1_CA173_RS06920	OV986001_1_PFLU_3930	24.8
NZ_CP021325_1_CA173_RS06160	OV986001_1_PFLU_5443	53.1
NZ_CP021325_1_CA173_RS06480	OV986001_1_PFLU_5991	53.6
NZ_CP021325_1_CA173_RS00840	OV986001_1_PFLU_0937	43.0
NZ_CP021325_1_CA173_RS05030	OV986001_1_PFLU_0514	27.0
NZ_CP021325_1_CA173_RS07960	OV986001_1_PFLU_5728	28.4
NZ_CP021325_1_CA173_RS03785	OV986001_1_PFLU_5093	32.9
NZ_CP021325_1_CA173_RS03785	OV986001_1_PFLU_4414	32.5
NZ_CP021325_1_CA173_RS03785	OV986001_1_PFLU_5748	28.3
NZ_CP021325_1_CA173_RS03785	OV986001_1_PFLU_1223	28.1
NZ_CP021325_1_CA173_RS00935	OV986001_1_PFLU_5578	34.6
NZ_CP021325_1_CA173_RS07900	OV986001_1_PFLU_0011	62.6
NZ_CP021325_1_CA173_RS15590	OV986001_1_PFLU_5683	36.7
NZ_CP021325_1_CA173_RS15590	OV986001_1_PFLU_2021	30.2
NZ_CP021325_1_CA173_RS09820	OV986001_1_PFLU_4590	27.9
NZ_CP021325_1_CA173_RS07170	OV986001_1_PFLU_1274	44.7
NZ_CP021325_1_CA173_RS05620	OV986001_1_PFLU_0740	32.2
NZ_CP021325_1_CA173_RS08485	OV986001_1_PFLU_1286	51.6
NZ_CP021325_1_CA173_RS00195	OV986001_1_PFLU_4893	44.4
NZ_CP021325_1_CA173_RS05440	OV986001_1_PFLU_4375	33.6
NZ_CP021325_1_CA173_RS05440	OV986001_1_PFLU_5486	29.6
NZ_CP021325_1_CA173_RS10440	OV986001_1_PFLU_0412	39.2
NZ_CP021325_1_CA173_RS09205	OV986001_1_PFLU_0323	35.6
NZ_CP021325_1_CA173_RS09840	OV986001_1_PFLU_4706	42.3
NZ_CP021325_1_CA173_RS10565	OV986001_1_PFLU_5945	33.9
NZ_CP021325_1_CA173_RS10565	OV986001_1_PFLU_0811	27.3
NZ_CP021325_1_CA173_RS04570	OV986001_1_PFLU_4778	34.4
NZ_CP021325_1_CA173_RS07810	OV986001_1_PFLU_5057	51.7
NZ_CP021325_1_CA173_RS00920	OV986001_1_PFLU_4698	38.7
NZ_CP021325_1_CA173_RS00920	OV986001_1_PFLU_1688	30.9
NZ_CP021325_1_CA173_RS10375	OV986001_1_PFLU_4198	28.7
NZ_CP021325_1_CA173_RS10375	OV986001_1_PFLU_1114	25.5
NZ_CP021325_1_CA173_RS10375	OV986001_1_PFLU_3540	26.3
NZ_CP021325_1_CA173_RS13400	OV986001_1_PFLU_4208	57.9
NZ_CP021325_1_CA173_RS07975	OV986001_1_PFLU_5269	58.1
NZ_CP021325_1_CA173_RS07975	OV986001_1_PFLU_5064	40.3
NZ_CP021325_1_CA173_RS07975	OV986001_1_PFLU_1377	37.5
NZ_CP021325_1_CA173_RS06850	OV986001_1_PFLU_5041	36.1
NZ_CP021325_1_CA173_RS05105	OV986001_1_PFLU_1006	37.7
NZ_CP021325_1_CA173_RS05105	OV986001_1_PFLU_2240	42.3
NZ_CP021325_1_CA173_RS05105	OV986001_1_PFLU_2347	23.2
NZ_CP021325_1_CA173_RS12790	OV986001_1_PFLU_2793	29.9
NZ_CP021325_1_CA173_RS14840	OV986001_1_PFLU_4637	38.4
NZ_CP021325_1_CA173_RS14840	OV986001_1_PFLU_1771	34.5
NZ_CP021325_1_CA173_RS07105	OV986001_1_PFLU_3605	37.1
NZ_CP021325_1_CA173_RS10315	OV986001_1_PFLU_5241	49.0
NZ_CP021325_1_CA173_RS08405	OV986001_1_PFLU_0737	32.3
NZ_CP021325_1_CA173_RS05540	OV986001_1_PFLU_3724	43.6
NZ_CP021325_1_CA173_RS05480	OV986001_1_PFLU_5570	29.6
NZ_CP021325_1_CA173_RS00685	OV986001_1_PFLU_2221	38.6
NZ_CP021325_1_CA173_RS00685	OV986001_1_PFLU_1632	35.9
NZ_CP021325_1_CA173_RS00685	OV986001_1_PFLU_0822	37.4
NZ_CP021325_1_CA173_RS00685	OV986001_1_PFLU_2946	34.9
NZ_CP021325_1_CA173_RS00685	OV986001_1_PFLU_4046	31.5
NZ_CP021325_1_CA173_RS11105	OV986001_1_PFLU_1797	27.2
NZ_CP021325_1_CA173_RS11105	OV986001_1_PFLU_5082A	43.5
NZ_CP021325_1_CA173_RS09990	OV986001_1_PFLU_5758	37.7
NZ_CP021325_1_CA173_RS08925	OV986001_1_PFLU_1271	46.3
NZ_CP021325_1_CA173_RS14785	OV986001_1_PFLU_2155	26.8
NZ_CP021325_1_CA173_RS09895	OV986001_1_PFLU_0511	30.8
NZ_CP021325_1_CA173_RS14145	OV986001_1_PFLU_5521	58.8
NZ_CP021325_1_CA173_RS07425	OV986001_1_PFLU_5462	45.9
NZ_CP021325_1_CA173_RS00215	OV986001_1_PFLU_4891	33.2
NZ_CP021325_1_CA173_RS09760	OV986001_1_PFLU_5010	46.9
NZ_CP021325_1_CA173_RS04515	OV986001_1_PFLU_5893	29.8
NZ_CP021325_1_CA173_RS14000	OV986001_1_PFLU_4189	32.6
NZ_CP021325_1_CA173_RS06280	OV986001_1_PFLU_0607	37.9
NZ_CP021325_1_CA173_RS10235	OV986001_1_PFLU_4601	30.3
NZ_CP021325_1_CA173_RS07725	OV986001_1_PFLU_2457	50.2
NZ_CP021325_1_CA173_RS05765	OV986001_1_PFLU_2985	48.7
NZ_CP021325_1_CA173_RS10460	OV986001_1_PFLU_4194	29.1
NZ_CP021325_1_CA173_RS03015	OV986001_1_PFLU_0750	34.7
NZ_CP021325_1_CA173_RS14305	OV986001_1_PFLU_1742	31.6
NZ_CP021325_1_CA173_RS06165	OV986001_1_PFLU_5444	31.8
NZ_CP021325_1_CA173_RS09615	OV986001_1_PFLU_4183	38.7
NZ_CP021325_1_CA173_RS09310	OV986001_1_PFLU_2733	41.7
NZ_CP021325_1_CA173_RS03705	OV986001_1_PFLU_4425	35.4
NZ_CP021325_1_CA173_RS03705	OV986001_1_PFLU_0715	31.7
NZ_CP021325_1_CA173_RS11825	OV986001_1_PFLU_0822	33.5
NZ_CP021325_1_CA173_RS11825	OV986001_1_PFLU_1632	29.8
NZ_CP021325_1_CA173_RS11825	OV986001_1_PFLU_2221	26.8
NZ_CP021325_1_CA173_RS11825	OV986001_1_PFLU_2638	26.7
NZ_CP021325_1_CA173_RS11825	OV986001_1_PFLU_2633	25.9
NZ_CP021325_1_CA173_RS10275	OV986001_1_PFLU_1159	48.1
NZ_CP021325_1_CA173_RS04695	OV986001_1_PFLU_1388	40.4
NZ_CP021325_1_CA173_RS04695	OV986001_1_PFLU_1602	33.5
NZ_CP021325_1_CA173_RS04695	OV986001_1_PFLU_2140	29.2
NZ_CP021325_1_CA173_RS04695	OV986001_1_PFLU_1483	30.6
NZ_CP021325_1_CA173_RS04695	OV986001_1_PFLU_2381	26.5
NZ_CP021325_1_CA173_RS14675	OV986001_1_PFLU_5345	29.5
NZ_CP021325_1_CA173_RS08960	OV986001_1_PFLU_5709	53.8
NZ_CP021325_1_CA173_RS02890	OV986001_1_PFLU_0331	57.9
NZ_CP021325_1_CA173_RS09545	OV986001_1_PFLU_0860	46.6
NZ_CP021325_1_CA173_RS02580	OV986001_1_PFLU_0887	37.1
NZ_CP021325_1_CA173_RS07865	OV986001_1_PFLU_5033	33.3
NZ_CP021325_1_CA173_RS04320	OV986001_1_PFLU_5153	35.8
NZ_CP021325_1_CA173_RS10425	OV986001_1_PFLU_1647	32.9
NZ_CP021325_1_CA173_RS06325	OV986001_1_PFLU_4486	42.5
NZ_CP021325_1_CA173_RS08460	OV986001_1_PFLU_4631	40.3
NZ_CP021325_1_CA173_RS08460	OV986001_1_PFLU_1815	32.8
NZ_CP021325_1_CA173_RS08390	OV986001_1_PFLU_2147	51.1
NZ_CP021325_1_CA173_RS08390	OV986001_1_PFLU_5913	48.0
NZ_CP021325_1_CA173_RS12190	OV986001_1_PFLU_6075	24.1
NZ_CP021325_1_CA173_RS12190	OV986001_1_PFLU_5961	22.6
NZ_CP021325_1_CA173_RS12190	OV986001_1_PFLU_5213	22.9
NZ_CP021325_1_CA173_RS11265	OV986001_1_PFLU_1156	44.8
NZ_CP021325_1_CA173_RS08275	OV986001_1_PFLU_5078	46.6
NZ_CP021325_1_CA173_RS06960	OV986001_1_PFLU_0020	40.9
NZ_CP021325_1_CA173_RS08375	OV986001_1_PFLU_4186	26.5
NZ_CP021325_1_CA173_RS07940	OV986001_1_PFLU_5405	49.2
NZ_CP021325_1_CA173_RS07095	OV986001_1_PFLU_2961	54.8
NZ_CP021325_1_CA173_RS08580	OV986001_1_PFLU_5548	38.0
NZ_CP021325_1_CA173_RS07800	OV986001_1_PFLU_0876	60.4
NZ_CP021325_1_CA173_RS07485	OV986001_1_PFLU_2691	32.8
NZ_CP021325_1_CA173_RS07995	OV986001_1_PFLU_0483	25.8
NZ_CP021325_1_CA173_RS04825	OV986001_1_PFLU_0258	45.4
NZ_CP021325_1_CA173_RS04825	OV986001_1_PFLU_1649	41.1
NZ_CP021325_1_CA173_RS09635	OV986001_1_PFLU_1480	44.1
NZ_CP021325_1_CA173_RS02980	OV986001_1_PFLU_5246	24.9
NZ_CP021325_1_CA173_RS10500	OV986001_1_PFLU_1648	42.3
NZ_CP021325_1_CA173_RS08175	OV986001_1_PFLU_3811	56.5
NZ_CP021325_1_CA173_RS13905	OV986001_1_PFLU_3426	29.2
NZ_CP021325_1_CA173_RS06885	OV986001_1_PFLU_5168	35.2
NZ_CP021325_1_CA173_RS01970	OV986001_1_PFLU_2575	32.2
NZ_CP021325_1_CA173_RS02900	OV986001_1_PFLU_0328	39.2
NZ_CP021325_1_CA173_RS07625	OV986001_1_PFLU_0518	32.3
NZ_CP021325_1_CA173_RS01150	OV986001_1_PFLU_1228	51.2
NZ_CP021325_1_CA173_RS01150	OV986001_1_PFLU_4917	23.5
NZ_CP021325_1_CA173_RS14075	OV986001_1_PFLU_5507	40.4
NZ_CP021325_1_CA173_RS11860	OV986001_1_PFLU_3201	34.0
NZ_CP021325_1_CA173_RS11860	OV986001_1_PFLU_4449	33.0
NZ_CP021325_1_CA173_RS01815	OV986001_1_PFLU_1465	26.2
NZ_CP021325_1_CA173_RS01815	OV986001_1_PFLU_1818	26.5
NZ_CP021325_1_CA173_RS08930	OV986001_1_PFLU_1270	53.9
NZ_CP021325_1_CA173_RS08440	OV986001_1_PFLU_0789	33.5
NZ_CP021325_1_CA173_RS10965	OV986001_1_PFLU_0952	48.0
NZ_CP021325_1_CA173_RS05470	OV986001_1_PFLU_4520	31.5
NZ_CP021325_1_CA173_RS07675	OV986001_1_PFLU_2150	49.4
NZ_CP021325_1_CA173_RS07675	OV986001_1_PFLU_3028	42.3
NZ_CP021325_1_CA173_RS07675	OV986001_1_PFLU_1365	41.1
NZ_CP021325_1_CA173_RS07675	OV986001_1_PFLU_1554	40.7
NZ_CP021325_1_CA173_RS07675	OV986001_1_PFLU_4316	36.0
NZ_CP021325_1_CA173_RS07675	OV986001_1_PFLU_4662	35.8
NZ_CP021325_1_CA173_RS07675	OV986001_1_PFLU_3297	32.8
NZ_CP021325_1_CA173_RS05100	OV986001_1_PFLU_1007	38.5
NZ_CP021325_1_CA173_RS09020	OV986001_1_PFLU_5561	30.8
NZ_CP021325_1_CA173_RS15170	OV986001_1_PFLU_6129	49.3
NZ_CP021325_1_CA173_RS01315	OV986001_1_PFLU_5534	44.8
NZ_CP021325_1_CA173_RS09645	OV986001_1_PFLU_6054	38.1
NZ_CP021325_1_CA173_RS10560	OV986001_1_PFLU_4878	42.8
NZ_CP021325_1_CA173_RS14070	OV986001_1_PFLU_1240	49.3
NZ_CP021325_1_CA173_RS00185	OV986001_1_PFLU_3323	23.1
NZ_CP021325_1_CA173_RS13230	OV986001_1_PFLU_0337	52.5
NZ_CP021325_1_CA173_RS11855	OV986001_1_PFLU_4703	50.2
NZ_CP021325_1_CA173_RS11855	OV986001_1_PFLU_3108	45.8
NZ_CP021325_1_CA173_RS11855	OV986001_1_PFLU_3199	44.1
NZ_CP021325_1_CA173_RS11855	OV986001_1_PFLU_1835	40.9
NZ_CP021325_1_CA173_RS11855	OV986001_1_PFLU_0420	37.5
NZ_CP021325_1_CA173_RS11855	OV986001_1_PFLU_0423	31.1
NZ_CP021325_1_CA173_RS10745	OV986001_1_PFLU_4193	51.6
NZ_CP021325_1_CA173_RS10745	OV986001_1_PFLU_4038	33.7
NZ_CP021325_1_CA173_RS01560	OV986001_1_PFLU_4749	27.5
NZ_CP021325_1_CA173_RS03720	OV986001_1_PFLU_4422	32.6
NZ_CP021325_1_CA173_RS08255	OV986001_1_PFLU_5075	32.3
NZ_CP021325_1_CA173_RS08255	OV986001_1_PFLU_5074	30.2
NZ_CP021325_1_CA173_RS07175	OV986001_1_PFLU_6110	30.8
NZ_CP021325_1_CA173_RS07175	OV986001_1_PFLU_1275	32.3
NZ_CP021325_1_CA173_RS10310	OV986001_1_PFLU_5242	42.3
NZ_CP021325_1_CA173_RS15240	OV986001_1_PFLU_2307	29.1
NZ_CP021325_1_CA173_RS15240	OV986001_1_PFLU_0968	30.7
NZ_CP021325_1_CA173_RS15240	OV986001_1_PFLU_3778	27.4
NZ_CP021325_1_CA173_RS15240	OV986001_1_PFLU_3363	30.9
NZ_CP021325_1_CA173_RS09980	OV986001_1_PFLU_5266	44.5
NZ_CP021325_1_CA173_RS09980	OV986001_1_PFLU_1385	32.8
NZ_CP021325_1_CA173_RS09980	OV986001_1_PFLU_5560	32.4
NZ_CP021325_1_CA173_RS00555	OV986001_1_PFLU_3182	32.0
NZ_CP021325_1_CA173_RS01465	OV986001_1_PFLU_4809	37.9
NZ_CP021325_1_CA173_RS13675	OV986001_1_PFLU_4879	24.1
NZ_CP021325_1_CA173_RS07400	OV986001_1_PFLU_2320	48.0
NZ_CP021325_1_CA173_RS07400	OV986001_1_PFLU_3931	47.3
NZ_CP021325_1_CA173_RS07400	OV986001_1_PFLU_2328	45.8
NZ_CP021325_1_CA173_RS06955	OV986001_1_PFLU_1284	45.5
NZ_CP021325_1_CA173_RS08745	OV986001_1_PFLU_0515	31.4
NZ_CP021325_1_CA173_RS02910	OV986001_1_PFLU_0896	48.9
NZ_CP021325_1_CA173_RS02910	OV986001_1_PFLU_1949	36.3
NZ_CP021325_1_CA173_RS08660	OV986001_1_PFLU_0948	30.5
NZ_CP021325_1_CA173_RS05375	OV986001_1_PFLU_3915	47.4
NZ_CP021325_1_CA173_RS09565	OV986001_1_PFLU_4588	42.8
NZ_CP021325_1_CA173_RS09565	OV986001_1_PFLU_5711	24.0
NZ_CP021325_1_CA173_RS10170	OV986001_1_PFLU_5815	41.6
NZ_CP021325_1_CA173_RS13920	OV986001_1_PFLU_5295	31.7
NZ_CP021325_1_CA173_RS13920	OV986001_1_PFLU_3308	33.3
NZ_CP021325_1_CA173_RS09600	OV986001_1_PFLU_0612	51.0
NZ_CP021325_1_CA173_RS02095	OV986001_1_PFLU_4620	35.3
NZ_CP021325_1_CA173_RS02095	OV986001_1_PFLU_4620	45.3
NZ_CP021325_1_CA173_RS08220	OV986001_1_PFLU_5056	44.0
NZ_CP021325_1_CA173_RS09935	OV986001_1_PFLU_5993	40.5
NZ_CP021325_1_CA173_RS13030	OV986001_1_PFLU_0215	45.1
NZ_CP021325_1_CA173_RS13030	OV986001_1_PFLU_0068	42.5
NZ_CP021325_1_CA173_RS09045	OV986001_1_PFLU_3570	46.1
NZ_CP021325_1_CA173_RS06475	OV986001_1_PFLU_0741	36.5
NZ_CP021325_1_CA173_RS13195	OV986001_1_PFLU_0530	38.0
NZ_CP021325_1_CA173_RS08335	OV986001_1_PFLU_0867	24.8
NZ_CP021325_1_CA173_RS08335	OV986001_1_PFLU_4714	28.7
NZ_CP021325_1_CA173_RS13255	OV986001_1_PFLU_0882	31.5
NZ_CP021325_1_CA173_RS07790	OV986001_1_PFLU_4191	32.4
NZ_CP021325_1_CA173_RS13485	OV986001_1_PFLU_5778	27.7
NZ_CP021325_1_CA173_RS01115	OV986001_1_PFLU_1540	50.8
NZ_CP021325_1_CA173_RS01115	OV986001_1_PFLU_4625	43.7
NZ_CP021325_1_CA173_RS01115	OV986001_1_PFLU_4507	40.7
NZ_CP021325_1_CA173_RS01115	OV986001_1_PFLU_3406	40.2
NZ_CP021325_1_CA173_RS07880	OV986001_1_PFLU_5591	40.2
NZ_CP021325_1_CA173_RS05610	OV986001_1_PFLU_4696	34.2
NZ_CP021325_1_CA173_RS03660	OV986001_1_PFLU_3045	48.3
NZ_CP021325_1_CA173_RS03660	OV986001_1_PFLU_3049	38.4
NZ_CP021325_1_CA173_RS03660	OV986001_1_PFLU_3332	30.9
NZ_CP021325_1_CA173_RS03660	OV986001_1_PFLU_3729	29.0
NZ_CP021325_1_CA173_RS03660	OV986001_1_PFLU_0654	31.5
NZ_CP021325_1_CA173_RS03660	OV986001_1_PFLU_1988	39.0
NZ_CP021325_1_CA173_RS03660	OV986001_1_PFLU_1491	26.9
NZ_CP021325_1_CA173_RS02110	OV986001_1_PFLU_0877	36.1
NZ_CP021325_1_CA173_RS13765	OV986001_1_PFLU_1289	53.2
NZ_CP021325_1_CA173_RS09920	OV986001_1_PFLU_0402	33.5
NZ_CP021325_1_CA173_RS04295	OV986001_1_PFLU_5621	40.8
NZ_CP021325_1_CA173_RS13010	OV986001_1_PFLU_1263	42.9
NZ_CP021325_1_CA173_RS07220	OV986001_1_PFLU_5253	48.9
NZ_CP021325_1_CA173_RS07220	OV986001_1_PFLU_1058	29.0
NZ_CP021325_1_CA173_RS07220	OV986001_1_PFLU_0350	34.7
NZ_CP021325_1_CA173_RS10920	OV986001_1_PFLU_1465	33.7
NZ_CP021325_1_CA173_RS15005	OV986001_1_PFLU_0729	56.4
NZ_CP021325_1_CA173_RS08020	OV986001_1_PFLU_3775	25.1
NZ_CP021325_1_CA173_RS14490	OV986001_1_PFLU_1676	51.6
NZ_CP021325_1_CA173_RS10120	OV986001_1_PFLU_5733	42.9
NZ_CP021325_1_CA173_RS09905	OV986001_1_PFLU_6011	33.2
NZ_CP021325_1_CA173_RS09905	OV986001_1_PFLU_3543	29.5
NZ_CP021325_1_CA173_RS11820	OV986001_1_PFLU_1633	35.8
NZ_CP021325_1_CA173_RS11820	OV986001_1_PFLU_0821	27.2
NZ_CP021325_1_CA173_RS11820	OV986001_1_PFLU_2222	32.1
NZ_CP021325_1_CA173_RS11820	OV986001_1_PFLU_2945	32.1
NZ_CP021325_1_CA173_RS10055	OV986001_1_PFLU_0335	38.3
NZ_CP021325_1_CA173_RS10055	OV986001_1_PFLU_2032	28.2
NZ_CP021325_1_CA173_RS02250	OV986001_1_PFLU_2064	26.9
NZ_CP021325_1_CA173_RS02250	OV986001_1_PFLU_5423	24.7
NZ_CP021325_1_CA173_RS10420	OV986001_1_PFLU_1647	44.4
NZ_CP021325_1_CA173_RS14950	OV986001_1_PFLU_0256	31.4
NZ_CP021325_1_CA173_RS14950	OV986001_1_PFLU_4321	28.1
NZ_CP021325_1_CA173_RS12565	OV986001_1_PFLU_3690	55.7
NZ_CP021325_1_CA173_RS12565	OV986001_1_PFLU_4060	50.3
NZ_CP021325_1_CA173_RS12565	OV986001_1_PFLU_2215	45.9
NZ_CP021325_1_CA173_RS12565	OV986001_1_PFLU_4086	43.1
NZ_CP021325_1_CA173_RS12565	OV986001_1_PFLU_3720	37.5
NZ_CP021325_1_CA173_RS12565	OV986001_1_PFLU_3858	35.8
NZ_CP021325_1_CA173_RS12565	OV986001_1_PFLU_0240	32.4
NZ_CP021325_1_CA173_RS12565	OV986001_1_PFLU_4033	31.3
NZ_CP021325_1_CA173_RS11010	OV986001_1_PFLU_0939	42.9
NZ_CP021325_1_CA173_RS09965	OV986001_1_PFLU_3944	28.1
NZ_CP021325_1_CA173_RS09965	OV986001_1_PFLU_4603	27.0
NZ_CP021325_1_CA173_RS09985	OV986001_1_PFLU_5759	33.9
NZ_CP021325_1_CA173_RS09985	OV986001_1_PFLU_5178	41.5
NZ_CP021325_1_CA173_RS05705	OV986001_1_PFLU_5072	30.8
NZ_CP021325_1_CA173_RS05705	OV986001_1_PFLU_0284	27.4
NZ_CP021325_1_CA173_RS01975	OV986001_1_PFLU_2579	52.0
NZ_CP021325_1_CA173_RS02875	OV986001_1_PFLU_5326	59.1
NZ_CP021325_1_CA173_RS07255	OV986001_1_PFLU_0511	33.5
NZ_CP021325_1_CA173_RS11330	OV986001_1_PFLU_0763	43.9
NZ_CP021325_1_CA173_RS09925	OV986001_1_PFLU_5983	43.9
NZ_CP021325_1_CA173_RS07780	OV986001_1_PFLU_1477	41.7
NZ_CP021325_1_CA173_RS07780	OV986001_1_PFLU_3405	31.9
NZ_CP021325_1_CA173_RS08475	OV986001_1_PFLU_1799	39.0
NZ_CP021325_1_CA173_RS08475	OV986001_1_PFLU_4949	38.8
NZ_CP021325_1_CA173_RS00380	OV986001_1_PFLU_2488	48.3
NZ_CP021325_1_CA173_RS05855	OV986001_1_PFLU_5043	51.4
NZ_CP021325_1_CA173_RS05170	OV986001_1_PFLU_2126	32.4
NZ_CP021325_1_CA173_RS05170	OV986001_1_PFLU_3110	36.3
NZ_CP021325_1_CA173_RS04615	OV986001_1_PFLU_3116	23.0
NZ_CP021325_1_CA173_RS14285	OV986001_1_PFLU_5529	70.7
NZ_CP021325_1_CA173_RS00680	OV986001_1_PFLU_4047	23.6
NZ_CP021325_1_CA173_RS11095	OV986001_1_PFLU_5136	40.0
NZ_CP021325_1_CA173_RS11095	OV986001_1_PFLU_0066	37.4
NZ_CP021325_1_CA173_RS08770	OV986001_1_PFLU_0035	35.1
NZ_CP021325_1_CA173_RS01495	OV986001_1_PFLU_1471	37.6
NZ_CP021325_1_CA173_RS01495	OV986001_1_PFLU_0758	34.7
NZ_CP021325_1_CA173_RS11840	OV986001_1_PFLU_0834	32.6
NZ_CP021325_1_CA173_RS09595	OV986001_1_PFLU_0611	46.8
NZ_CP021325_1_CA173_RS13725	OV986001_1_PFLU_5900	55.9
NZ_CP021325_1_CA173_RS13725	OV986001_1_PFLU_4436	29.9
NZ_CP021325_1_CA173_RS05585	OV986001_1_PFLU_1755	31.6
NZ_CP021325_1_CA173_RS08495	OV986001_1_PFLU_1285	34.1
NZ_CP021325_1_CA173_RS00270	OV986001_1_PFLU_0537	46.5
NZ_CP021325_1_CA173_RS01210	OV986001_1_PFLU_4207	37.4
NZ_CP021325_1_CA173_RS03750	OV986001_1_PFLU_4411	34.5
NZ_CP021325_1_CA173_RS02320	OV986001_1_PFLU_4945	42.4
NZ_CP021325_1_CA173_RS02320	OV986001_1_PFLU_3506	42.5
NZ_CP021325_1_CA173_RS11150	OV986001_1_PFLU_4987	59.2
NZ_CP021325_1_CA173_RS07440	OV986001_1_PFLU_5271	30.3
NZ_CP021325_1_CA173_RS03955	OV986001_1_PFLU_6114	40.2
NZ_CP021325_1_CA173_RS01130	OV986001_1_PFLU_5259	41.9
NZ_CP021325_1_CA173_RS00075	OV986001_1_PFLU_5138	42.6
NZ_CP021325_1_CA173_RS10925	OV986001_1_PFLU_0796	35.0
NZ_CP021325_1_CA173_RS01820	OV986001_1_PFLU_2581	23.4
