NZ_CP082327_1_K6983_RS12545	AL645882_2_SCO1391	30.1
NZ_CP082327_1_K6983_RS05530	AL645882_2_SCO3012	28.5
NZ_CP082327_1_K6983_RS05530	AL645882_2_SCO4021	29.6
NZ_CP082327_1_K6983_RS06580	AL645882_2_SCO5361	34.8
NZ_CP082327_1_K6983_RS03295	AL645882_2_SCO6187	35.8
NZ_CP082327_1_K6983_RS20705	AL645882_2_SCO6110	32.7
NZ_CP082327_1_K6983_RS20705	AL645882_2_SCO4285	26.4
NZ_CP082327_1_K6983_RS20705	AL645882_2_SCO1060	33.6
NZ_CP082327_1_K6983_RS13270	AL645882_2_SCO5515	26.1
NZ_CP082327_1_K6983_RS13270	AL645882_2_SCO0348	35.7
NZ_CP082327_1_K6983_RS15040	AL645882_2_SCO5281	47.2
NZ_CP082327_1_K6983_RS03350	AL645882_2_SCO1441	51.0
NZ_CP082327_1_K6983_RS19000	AL645882_2_SCO5064	26.3
NZ_CP082327_1_K6983_RS01080	AL645882_2_SCO4919	25.7
NZ_CP082327_1_K6983_RS04985	AL645882_2_SCO5769	66.9
NZ_CP082327_1_K6983_RS05525	AL645882_2_SCO4079	25.8
NZ_CP082327_1_K6983_RS17315	AL645882_2_SCO0816	39.5
NZ_CP082327_1_K6983_RS01740	AL645882_2_SCO1553	31.5
NZ_CP082327_1_K6983_RS01740	AL645882_2_SCO3317	29.4
NZ_CP082327_1_K6983_RS01740	AL645882_2_SCO1853	26.9
NZ_CP082327_1_K6983_RS00430	AL645882_2_SCO2988	22.6
NZ_CP082327_1_K6983_RS22480	AL645882_2_SCO5373	62.1
NZ_CP082327_1_K6983_RS19855	AL645882_2_SCO1487	34.0
NZ_CP082327_1_K6983_RS18360	AL645882_2_SCO2445	36.7
NZ_CP082327_1_K6983_RS12160	AL645882_2_SCO1768	37.4
NZ_CP082327_1_K6983_RS22120	AL645882_2_SCO7343	42.1
NZ_CP082327_1_K6983_RS22120	AL645882_2_SCO3318	39.6
NZ_CP082327_1_K6983_RS04130	AL645882_2_SCO0691	28.9
NZ_CP082327_1_K6983_RS04130	AL645882_2_SCO1132	27.3
NZ_CP082327_1_K6983_RS11150	AL645882_2_SCO0808	33.5
NZ_CP082327_1_K6983_RS11150	AL645882_2_SCO0449	33.1
NZ_CP082327_1_K6983_RS16715	AL645882_2_SCO7234	44.5
NZ_CP082327_1_K6983_RS16715	AL645882_2_SCO2155	42.7
NZ_CP082327_1_K6983_RS01435	AL645882_2_SCO7338	46.6
NZ_CP082327_1_K6983_RS01435	AL645882_2_SCO5456	46.9
NZ_CP082327_1_K6983_RS01435	AL645882_2_SCO6082	45.5
NZ_CP082327_1_K6983_RS10430	AL645882_2_SCO3569	38.9
NZ_CP082327_1_K6983_RS06965	AL645882_2_SCO4658	35.5
NZ_CP082327_1_K6983_RS06965	AL645882_2_SCO4875	29.8
NZ_CP082327_1_K6983_RS06965	AL645882_2_SCO6374	29.6
NZ_CP082327_1_K6983_RS07725	AL645882_2_SCO5563	42.0
NZ_CP082327_1_K6983_RS01640	AL645882_2_SCO1494	37.5
NZ_CP082327_1_K6983_RS18310	AL645882_2_SCO5699	42.1
NZ_CP082327_1_K6983_RS18845	AL645882_2_SCO2086	34.8
NZ_CP082327_1_K6983_RS03235	AL645882_2_SCO4752	45.4
NZ_CP082327_1_K6983_RS12440	AL645882_2_SCO1962	34.9
NZ_CP082327_1_K6983_RS15025	AL645882_2_SCO4809	53.4
NZ_CP082327_1_K6983_RS15025	AL645882_2_SCO6586	53.3
NZ_CP082327_1_K6983_RS17165	AL645882_2_SCO4634	24.4
NZ_CP082327_1_K6983_RS21330	AL645882_2_SCO0884	25.5
NZ_CP082327_1_K6983_RS08085	AL645882_2_SCO2048	47.1
NZ_CP082327_1_K6983_RS10895	AL645882_2_SCO7281	29.4
NZ_CP082327_1_K6983_RS10895	AL645882_2_SCO2619	27.5
NZ_CP082327_1_K6983_RS21505	AL645882_2_SCO4057	39.4
NZ_CP082327_1_K6983_RS21505	AL645882_2_SCO1659	35.9
NZ_CP082327_1_K6983_RS10485	AL645882_2_SCO7268	32.2
NZ_CP082327_1_K6983_RS10485	AL645882_2_SCO4901	31.2
NZ_CP082327_1_K6983_RS10485	AL645882_2_SCO5662	31.1
NZ_CP082327_1_K6983_RS10485	AL645882_2_SCO2546	28.3
NZ_CP082327_1_K6983_RS20045	AL645882_2_SCO2750	40.0
NZ_CP082327_1_K6983_RS15520	AL645882_2_SCO2194	42.1
NZ_CP082327_1_K6983_RS10490	AL645882_2_SCO0435	58.3
NZ_CP082327_1_K6983_RS08405	AL645882_2_SCO0925	28.7
NZ_CP082327_1_K6983_RS21155	AL645882_2_SCO6031	42.3
NZ_CP082327_1_K6983_RS07000	AL645882_2_SCO7415	24.3
NZ_CP082327_1_K6983_RS07000	AL645882_2_SCO2542	30.5
NZ_CP082327_1_K6983_RS16500	AL645882_2_SCO4723	50.0
NZ_CP082327_1_K6983_RS06650	AL645882_2_SCO4926	30.7
NZ_CP082327_1_K6983_RS15310	AL645882_2_SCO2843	43.0
NZ_CP082327_1_K6983_RS11485	AL645882_2_SCO6294	29.7
NZ_CP082327_1_K6983_RS11485	AL645882_2_SCO3810	32.6
NZ_CP082327_1_K6983_RS11485	AL645882_2_SCO3623	25.4
NZ_CP082327_1_K6983_RS11485	AL645882_2_SCO7498	31.0
NZ_CP082327_1_K6983_RS10535	AL645882_2_SCO3025	40.9
NZ_CP082327_1_K6983_RS01065	AL645882_2_SCO7367	25.6
NZ_CP082327_1_K6983_RS11920	AL645882_2_SCO3484	28.6
NZ_CP082327_1_K6983_RS11920	AL645882_2_SCO5430	27.4
NZ_CP082327_1_K6983_RS05555	AL645882_2_SCO5470	56.1
NZ_CP082327_1_K6983_RS05555	AL645882_2_SCO5364	47.3
NZ_CP082327_1_K6983_RS05555	AL645882_2_SCO4837	43.9
NZ_CP082327_1_K6983_RS22415	AL645882_2_SCO7581	28.5
NZ_CP082327_1_K6983_RS14310	AL645882_2_SCO0841	31.9
NZ_CP082327_1_K6983_RS14310	AL645882_2_SCO5893	27.3
NZ_CP082327_1_K6983_RS14310	AL645882_2_SCO4593	27.1
NZ_CP082327_1_K6983_RS03290	AL645882_2_SCO2234	27.5
NZ_CP082327_1_K6983_RS13330	AL645882_2_SCO2276	40.1
NZ_CP082327_1_K6983_RS15575	AL645882_2_SCO6471	31.3
NZ_CP082327_1_K6983_RS17020	AL645882_2_SCO3311	48.1
NZ_CP082327_1_K6983_RS22410	AL645882_2_SCO7582	32.1
NZ_CP082327_1_K6983_RS06920	AL645882_2_SCO5459	28.0
NZ_CP082327_1_K6983_RS06920	AL645882_2_SCO5144	29.8
NZ_CP082327_1_K6983_RS17170	AL645882_2_SCO0572	26.5
NZ_CP082327_1_K6983_RS21995	AL645882_2_SCO0985	49.9
NZ_CP082327_1_K6983_RS07670	AL645882_2_SCO3792	27.5
NZ_CP082327_1_K6983_RS02635	AL645882_2_SCO2595	41.2
NZ_CP082327_1_K6983_RS02635	AL645882_2_SCO5061	30.4
NZ_CP082327_1_K6983_RS21035	AL645882_2_SCO0575	43.6
NZ_CP082327_1_K6983_RS21660	AL645882_2_SCO6558	33.2
NZ_CP082327_1_K6983_RS01360	AL645882_2_SCO6407	34.9
NZ_CP082327_1_K6983_RS01360	AL645882_2_SCO5945	25.1
NZ_CP082327_1_K6983_RS01360	AL645882_2_SCO6444	23.2
NZ_CP082327_1_K6983_RS03115	AL645882_2_SCO0892	37.0
NZ_CP082327_1_K6983_RS03115	AL645882_2_SCO1963	37.7
NZ_CP082327_1_K6983_RS22215	AL645882_2_SCO5050	35.0
NZ_CP082327_1_K6983_RS22215	AL645882_2_SCO3052	29.8
NZ_CP082327_1_K6983_RS06300	AL645882_2_SCO5547	37.0
NZ_CP082327_1_K6983_RS21965	AL645882_2_SCO1278	27.9
NZ_CP082327_1_K6983_RS08390	AL645882_2_SCO1554	37.9
NZ_CP082327_1_K6983_RS08390	AL645882_2_SCO2175	29.8
NZ_CP082327_1_K6983_RS21725	AL645882_2_SCO3494	25.5
NZ_CP082327_1_K6983_RS15105	AL645882_2_SCO0441	41.7
NZ_CP082327_1_K6983_RS19160	AL645882_2_SCO5058	51.9
NZ_CP082327_1_K6983_RS14905	AL645882_2_SCO6751	42.4
NZ_CP082327_1_K6983_RS21340	AL645882_2_SCO1570	42.7
NZ_CP082327_1_K6983_RS21065	AL645882_2_SCO0982	63.4
NZ_CP082327_1_K6983_RS04660	AL645882_2_SCO6100	32.6
NZ_CP082327_1_K6983_RS17320	AL645882_2_SCO0815	38.4
NZ_CP082327_1_K6983_RS08080	AL645882_2_SCO2044	47.8
NZ_CP082327_1_K6983_RS14520	AL645882_2_SCO3181	34.6
NZ_CP082327_1_K6983_RS14520	AL645882_2_SCO3827	33.5
NZ_CP082327_1_K6983_RS06135	AL645882_2_SCO7193	34.0
NZ_CP082327_1_K6983_RS03775	AL645882_2_SCO2080	33.9
NZ_CP082327_1_K6983_RS20160	AL645882_2_SCO1112	45.5
NZ_CP082327_1_K6983_RS20160	AL645882_2_SCO6106	45.5
NZ_CP082327_1_K6983_RS03890	AL645882_2_SCO1946	41.6
NZ_CP082327_1_K6983_RS22320	AL645882_2_SCO5603	37.1
NZ_CP082327_1_K6983_RS22280	AL645882_2_SCO2964	32.8
NZ_CP082327_1_K6983_RS21420	AL645882_2_SCO1359	24.6
NZ_CP082327_1_K6983_RS11055	AL645882_2_SCO2756	37.4
NZ_CP082327_1_K6983_RS16845	AL645882_2_SCO1804	27.9
NZ_CP082327_1_K6983_RS21560	AL645882_2_SCO5426	39.3
NZ_CP082327_1_K6983_RS21560	AL645882_2_SCO1214	39.8
NZ_CP082327_1_K6983_RS21560	AL645882_2_SCO2119	40.9
NZ_CP082327_1_K6983_RS18410	AL645882_2_SCO5628	34.0
NZ_CP082327_1_K6983_RS14400	AL645882_2_SCO7784	31.0
NZ_CP082327_1_K6983_RS13175	AL645882_2_SCO7435	21.0
NZ_CP082327_1_K6983_RS02315	AL645882_2_SCO3978	27.1
NZ_CP082327_1_K6983_RS02315	AL645882_2_SCO6473	31.2
NZ_CP082327_1_K6983_RS08825	AL645882_2_SCO4290	29.5
NZ_CP082327_1_K6983_RS00495	AL645882_2_SCO0763	37.4
NZ_CP082327_1_K6983_RS00495	AL645882_2_SCO3228	34.6
NZ_CP082327_1_K6983_RS14890	AL645882_2_SCO4209	51.2
NZ_CP082327_1_K6983_RS14890	AL645882_2_SCO2806	30.6
NZ_CP082327_1_K6983_RS14790	AL645882_2_SCO1244	36.6
NZ_CP082327_1_K6983_RS05825	AL645882_2_SCO4087	48.7
NZ_CP082327_1_K6983_RS15485	AL645882_2_SCO1875	25.7
NZ_CP082327_1_K6983_RS15485	AL645882_2_SCO5301	29.0
NZ_CP082327_1_K6983_RS15680	AL645882_2_SCO4464	31.1
NZ_CP082327_1_K6983_RS21795	AL645882_2_SCO2198	53.3
NZ_CP082327_1_K6983_RS21795	AL645882_2_SCO2241	32.9
NZ_CP082327_1_K6983_RS09050	AL645882_2_SCO3345	31.1
NZ_CP082327_1_K6983_RS03935	AL645882_2_SCO4869	50.4
NZ_CP082327_1_K6983_RS03935	AL645882_2_SCO6832	51.0
NZ_CP082327_1_K6983_RS03935	AL645882_2_SCO5415	42.3
NZ_CP082327_1_K6983_RS03935	AL645882_2_SCO6472	37.4
NZ_CP082327_1_K6983_RS03935	AL645882_2_SCO4800	45.5
NZ_CP082327_1_K6983_RS03935	AL645882_2_SCO6833	41.0
NZ_CP082327_1_K6983_RS06585	AL645882_2_SCO1496	36.4
NZ_CP082327_1_K6983_RS18440	AL645882_2_SCO5624	50.7
NZ_CP082327_1_K6983_RS12200	AL645882_2_SCO2037	57.9
NZ_CP082327_1_K6983_RS14880	AL645882_2_SCO3136	38.0
NZ_CP082327_1_K6983_RS15380	AL645882_2_SCO1014	24.9
NZ_CP082327_1_K6983_RS08065	AL645882_2_SCO0975	53.6
NZ_CP082327_1_K6983_RS08065	AL645882_2_SCO3877	35.2
NZ_CP082327_1_K6983_RS08065	AL645882_2_SCO6658	34.5
NZ_CP082327_1_K6983_RS10405	AL645882_2_SCO4387	49.1
NZ_CP082327_1_K6983_RS05265	AL645882_2_SCO5594	41.2
NZ_CP082327_1_K6983_RS07090	AL645882_2_SCO0190	27.1
NZ_CP082327_1_K6983_RS02305	AL645882_2_SCO2777	49.2
NZ_CP082327_1_K6983_RS02305	AL645882_2_SCO0546	46.2
NZ_CP082327_1_K6983_RS02305	AL645882_2_SCO4921	45.7
NZ_CP082327_1_K6983_RS02305	AL645882_2_SCO6271	45.7
NZ_CP082327_1_K6983_RS02305	AL645882_2_SCO4381	42.9
NZ_CP082327_1_K6983_RS18620	AL645882_2_SCO2256	44.3
NZ_CP082327_1_K6983_RS18875	AL645882_2_SCO2092	41.6
NZ_CP082327_1_K6983_RS04545	AL645882_2_SCO0995	43.1
NZ_CP082327_1_K6983_RS04945	AL645882_2_SCO3198	31.5
NZ_CP082327_1_K6983_RS05840	AL645882_2_SCO3879	27.1
NZ_CP082327_1_K6983_RS12540	AL645882_2_SCO7072	44.5
NZ_CP082327_1_K6983_RS16770	AL645882_2_SCO6013	39.2
NZ_CP082327_1_K6983_RS16770	AL645882_2_SCO6768	38.8
NZ_CP082327_1_K6983_RS11885	AL645882_2_SCO1656	28.8
NZ_CP082327_1_K6983_RS11885	AL645882_2_SCO0790	25.0
NZ_CP082327_1_K6983_RS19215	AL645882_2_SCO3564	41.4
NZ_CP082327_1_K6983_RS19215	AL645882_2_SCO0015	38.4
NZ_CP082327_1_K6983_RS19215	AL645882_2_SCO7832	38.4
NZ_CP082327_1_K6983_RS19215	AL645882_2_SCO0285	32.1
NZ_CP082327_1_K6983_RS19370	AL645882_2_SCO3351	41.5
NZ_CP082327_1_K6983_RS19370	AL645882_2_SCO5603	25.8
NZ_CP082327_1_K6983_RS06670	AL645882_2_SCO4086	36.9
NZ_CP082327_1_K6983_RS02525	AL645882_2_SCO1952	38.7
NZ_CP082327_1_K6983_RS01310	AL645882_2_SCO2009	41.5
NZ_CP082327_1_K6983_RS01310	AL645882_2_SCO7183	33.9
NZ_CP082327_1_K6983_RS01310	AL645882_2_SCO0708	28.4
NZ_CP082327_1_K6983_RS01310	AL645882_2_SCO2406	24.6
NZ_CP082327_1_K6983_RS02445	AL645882_2_SCO3932	40.0
NZ_CP082327_1_K6983_RS02445	AL645882_2_SCO4215	33.9
NZ_CP082327_1_K6983_RS14455	AL645882_2_SCO1026	27.3
NZ_CP082327_1_K6983_RS07615	AL645882_2_SCO1217	31.9
NZ_CP082327_1_K6983_RS17300	AL645882_2_SCO4829	30.8
NZ_CP082327_1_K6983_RS04040	AL645882_2_SCO4181	32.7
NZ_CP082327_1_K6983_RS16295	AL645882_2_SCO3072	33.3
NZ_CP082327_1_K6983_RS02160	AL645882_2_SCO5604	40.7
NZ_CP082327_1_K6983_RS09515	AL645882_2_SCO4683	58.3
NZ_CP082327_1_K6983_RS00715	AL645882_2_SCO4413	26.2
NZ_CP082327_1_K6983_RS19465	AL645882_2_SCO1041	29.8
NZ_CP082327_1_K6983_RS20795	AL645882_2_SCO1822	44.5
NZ_CP082327_1_K6983_RS20795	AL645882_2_SCO5827	43.6
NZ_CP082327_1_K6983_RS20795	AL645882_2_SCO1218	35.9
NZ_CP082327_1_K6983_RS09620	AL645882_2_SCO0506	53.5
NZ_CP082327_1_K6983_RS20195	AL645882_2_SCO4236	38.4
NZ_CP082327_1_K6983_RS10570	AL645882_2_SCO1815	24.1
NZ_CP082327_1_K6983_RS10570	AL645882_2_SCO2476	22.3
NZ_CP082327_1_K6983_RS10570	AL645882_2_SCO7147	29.4
NZ_CP082327_1_K6983_RS00480	AL645882_2_SCO5559	42.1
NZ_CP082327_1_K6983_RS20035	AL645882_2_SCO7441	25.9
NZ_CP082327_1_K6983_RS00185	AL645882_2_SCO5784	34.5
NZ_CP082327_1_K6983_RS00185	AL645882_2_SCO6163	29.5
NZ_CP082327_1_K6983_RS00185	AL645882_2_SCO6421	28.9
NZ_CP082327_1_K6983_RS00185	AL645882_2_SCO7089	30.1
NZ_CP082327_1_K6983_RS00185	AL645882_2_SCO3119	27.3
NZ_CP082327_1_K6983_RS00185	AL645882_2_SCO4073	27.4
NZ_CP082327_1_K6983_RS00185	AL645882_2_SCO2166	26.6
NZ_CP082327_1_K6983_RS00185	AL645882_2_SCO2307	27.9
NZ_CP082327_1_K6983_RS16505	AL645882_2_SCO7516	46.1
NZ_CP082327_1_K6983_RS16505	AL645882_2_SCO1405	24.2
NZ_CP082327_1_K6983_RS12135	AL645882_2_SCO3543	45.5
NZ_CP082327_1_K6983_RS07990	AL645882_2_SCO0381	28.6
NZ_CP082327_1_K6983_RS04955	AL645882_2_SCO0256	31.6
NZ_CP082327_1_K6983_RS04610	AL645882_2_SCO0668	30.4
NZ_CP082327_1_K6983_RS05935	AL645882_2_SCO5744	33.9
NZ_CP082327_1_K6983_RS21305	AL645882_2_SCO1018	35.5
NZ_CP082327_1_K6983_RS03905	AL645882_2_SCO7308	38.5
NZ_CP082327_1_K6983_RS13340	AL645882_2_SCO2277	41.9
NZ_CP082327_1_K6983_RS00005	AL645882_2_SCO3879	46.0
NZ_CP082327_1_K6983_RS11905	AL645882_2_SCO0387	25.9
NZ_CP082327_1_K6983_RS11905	AL645882_2_SCO5073	31.8
NZ_CP082327_1_K6983_RS21345	AL645882_2_SCO1578	34.0
NZ_CP082327_1_K6983_RS06150	AL645882_2_SCO4307	53.4
NZ_CP082327_1_K6983_RS06395	AL645882_2_SCO1217	30.6
NZ_CP082327_1_K6983_RS21910	AL645882_2_SCO1302	41.4
NZ_CP082327_1_K6983_RS18060	AL645882_2_SCO5693	22.9
NZ_CP082327_1_K6983_RS18060	AL645882_2_SCO6469	23.5
NZ_CP082327_1_K6983_RS18060	AL645882_2_SCO5984	25.7
NZ_CP082327_1_K6983_RS18060	AL645882_2_SCO1750	30.5
NZ_CP082327_1_K6983_RS04005	AL645882_2_SCO5472	38.4
NZ_CP082327_1_K6983_RS02110	AL645882_2_SCO4729	43.2
NZ_CP082327_1_K6983_RS20875	AL645882_2_SCO3911	39.1
NZ_CP082327_1_K6983_RS20875	AL645882_2_SCO6843	29.3
NZ_CP082327_1_K6983_RS14885	AL645882_2_SCO2393	39.0
NZ_CP082327_1_K6983_RS05330	AL645882_2_SCO2081	39.8
NZ_CP082327_1_K6983_RS05300	AL645882_2_SCO2019	38.5
NZ_CP082327_1_K6983_RS14300	AL645882_2_SCO6155	53.1
NZ_CP082327_1_K6983_RS14300	AL645882_2_SCO7412	34.1
NZ_CP082327_1_K6983_RS14300	AL645882_2_SCO6584	25.4
NZ_CP082327_1_K6983_RS13360	AL645882_2_SCO0800	31.1
NZ_CP082327_1_K6983_RS13360	AL645882_2_SCO4499	40.0
NZ_CP082327_1_K6983_RS08270	AL645882_2_SCO6393	31.6
NZ_CP082327_1_K6983_RS18860	AL645882_2_SCO2089	37.1
NZ_CP082327_1_K6983_RS18860	AL645882_2_SCO2088	27.2
NZ_CP082327_1_K6983_RS18860	AL645882_2_SCO2086	37.3
NZ_CP082327_1_K6983_RS03895	AL645882_2_SCO3649	40.5
NZ_CP082327_1_K6983_RS15555	AL645882_2_SCO5828	32.6
NZ_CP082327_1_K6983_RS15555	AL645882_2_SCO5434	34.1
NZ_CP082327_1_K6983_RS15555	AL645882_2_SCO1136	33.0
NZ_CP082327_1_K6983_RS09295	AL645882_2_SCO6678	36.9
NZ_CP082327_1_K6983_RS06245	AL645882_2_SCO6556	48.3
NZ_CP082327_1_K6983_RS16610	AL645882_2_SCO2773	48.6
NZ_CP082327_1_K6983_RS16610	AL645882_2_SCO1153	43.6
NZ_CP082327_1_K6983_RS21205	AL645882_2_SCO4655	44.1
NZ_CP082327_1_K6983_RS18855	AL645882_2_SCO2088	36.0
NZ_CP082327_1_K6983_RS11965	AL645882_2_SCO5671	31.8
NZ_CP082327_1_K6983_RS14785	AL645882_2_SCO5890	33.2
NZ_CP082327_1_K6983_RS14785	AL645882_2_SCO6800	33.2
NZ_CP082327_1_K6983_RS14785	AL645882_2_SCO1243	33.9
NZ_CP082327_1_K6983_RS02000	AL645882_2_SCO4705	55.7
NZ_CP082327_1_K6983_RS22490	AL645882_2_SCO3122	37.7
NZ_CP082327_1_K6983_RS05550	AL645882_2_SCO7428	39.1
NZ_CP082327_1_K6983_RS05550	AL645882_2_SCO7094	37.5
NZ_CP082327_1_K6983_RS20295	AL645882_2_SCO6149	32.0
NZ_CP082327_1_K6983_RS20295	AL645882_2_SCO5211	33.1
NZ_CP082327_1_K6983_RS22060	AL645882_2_SCO5157	23.6
NZ_CP082327_1_K6983_RS21430	AL645882_2_SCO2103	38.2
NZ_CP082327_1_K6983_RS15620	AL645882_2_SCO6834	29.4
NZ_CP082327_1_K6983_RS15620	AL645882_2_SCO3890	29.8
NZ_CP082327_1_K6983_RS15620	AL645882_2_SCO3697	28.5
NZ_CP082327_1_K6983_RS15620	AL645882_2_SCO6291	28.8
NZ_CP082327_1_K6983_RS15620	AL645882_2_SCO2025	24.4
NZ_CP082327_1_K6983_RS01430	AL645882_2_SCO5440	50.7
NZ_CP082327_1_K6983_RS01430	AL645882_2_SCO7332	48.3
NZ_CP082327_1_K6983_RS06820	AL645882_2_SCO4602	37.9
NZ_CP082327_1_K6983_RS13885	AL645882_2_SCO1760	36.7
NZ_CP082327_1_K6983_RS06710	AL645882_2_SCO2190	40.7
NZ_CP082327_1_K6983_RS06710	AL645882_2_SCO4946	36.4
NZ_CP082327_1_K6983_RS14765	AL645882_2_SCO1951	29.4
NZ_CP082327_1_K6983_RS14295	AL645882_2_SCO7475	26.0
NZ_CP082327_1_K6983_RS14295	AL645882_2_SCO7428	30.8
NZ_CP082327_1_K6983_RS14295	AL645882_2_SCO7059	26.6
NZ_CP082327_1_K6983_RS17430	AL645882_2_SCO0690	53.7
NZ_CP082327_1_K6983_RS17430	AL645882_2_SCO1133	51.9
NZ_CP082327_1_K6983_RS00360	AL645882_2_SCO5573	36.1
NZ_CP082327_1_K6983_RS22045	AL645882_2_SCO4592	41.7
NZ_CP082327_1_K6983_RS01125	AL645882_2_SCO4138	26.3
NZ_CP082327_1_K6983_RS01125	AL645882_2_SCO1845	32.8
NZ_CP082327_1_K6983_RS09000	AL645882_2_SCO1519	36.6
NZ_CP082327_1_K6983_RS18470	AL645882_2_SCO5518	46.6
NZ_CP082327_1_K6983_RS18470	AL645882_2_SCO2386	27.3
NZ_CP082327_1_K6983_RS20005	AL645882_2_SCO4593	46.6
NZ_CP082327_1_K6983_RS20005	AL645882_2_SCO1445	25.6
NZ_CP082327_1_K6983_RS14770	AL645882_2_SCO1966	55.1
NZ_CP082327_1_K6983_RS14595	AL645882_2_SCO4374	40.6
NZ_CP082327_1_K6983_RS12260	AL645882_2_SCO5963	29.7
NZ_CP082327_1_K6983_RS12260	AL645882_2_SCO7660	34.0
NZ_CP082327_1_K6983_RS21210	AL645882_2_SCO4654	46.1
NZ_CP082327_1_K6983_RS04280	AL645882_2_SCO6438	64.5
NZ_CP082327_1_K6983_RS15250	AL645882_2_SCO6697	23.3
NZ_CP082327_1_K6983_RS15315	AL645882_2_SCO0386	32.2
NZ_CP082327_1_K6983_RS03225	AL645882_2_SCO2468	31.9
NZ_CP082327_1_K6983_RS10410	AL645882_2_SCO1818	48.1
NZ_CP082327_1_K6983_RS02755	AL645882_2_SCO2816	43.2
NZ_CP082327_1_K6983_RS02755	AL645882_2_SCO0917	35.2
NZ_CP082327_1_K6983_RS02755	AL645882_2_SCO6786	32.1
NZ_CP082327_1_K6983_RS01540	AL645882_2_SCO5061	42.0
NZ_CP082327_1_K6983_RS05400	AL645882_2_SCO1343	53.0
NZ_CP082327_1_K6983_RS05400	AL645882_2_SCO1114	40.4
NZ_CP082327_1_K6983_RS01505	AL645882_2_SCO2649	33.2
NZ_CP082327_1_K6983_RS04755	AL645882_2_SCO2670	37.8
NZ_CP082327_1_K6983_RS04755	AL645882_2_SCO2872	32.9
NZ_CP082327_1_K6983_RS05470	AL645882_2_SCO5572	40.9
NZ_CP082327_1_K6983_RS20230	AL645882_2_SCO5796	39.5
NZ_CP082327_1_K6983_RS07480	AL645882_2_SCO3403	39.4
NZ_CP082327_1_K6983_RS06800	AL645882_2_SCO4565	40.5
NZ_CP082327_1_K6983_RS06800	AL645882_2_SCO3392	33.5
NZ_CP082327_1_K6983_RS06800	AL645882_2_SCO4564	42.7
NZ_CP082327_1_K6983_RS14780	AL645882_2_SCO2814	26.4
NZ_CP082327_1_K6983_RS21425	AL645882_2_SCO0560	61.9
NZ_CP082327_1_K6983_RS16245	AL645882_2_SCO4235	43.5
NZ_CP082327_1_K6983_RS08090	AL645882_2_SCO2050	34.4
NZ_CP082327_1_K6983_RS08090	AL645882_2_SCO2048	29.7
NZ_CP082327_1_K6983_RS16675	AL645882_2_SCO5285	40.8
NZ_CP082327_1_K6983_RS18345	AL645882_2_SCO3406	34.1
NZ_CP082327_1_K6983_RS14875	AL645882_2_SCO3138	30.4
NZ_CP082327_1_K6983_RS06780	AL645882_2_SCO6222	64.7
NZ_CP082327_1_K6983_RS06780	AL645882_2_SCO4984	62.7
NZ_CP082327_1_K6983_RS06780	AL645882_2_SCO4645	29.7
NZ_CP082327_1_K6983_RS21170	AL645882_2_SCO3928	62.1
NZ_CP082327_1_K6983_RS10280	AL645882_2_SCO1443	38.1
NZ_CP082327_1_K6983_RS05730	AL645882_2_SCO5645	37.6
NZ_CP082327_1_K6983_RS09370	AL645882_2_SCO7351	33.2
NZ_CP082327_1_K6983_RS03840	AL645882_2_SCO2770	41.2
NZ_CP082327_1_K6983_RS18935	AL645882_2_SCO5554	52.3
NZ_CP082327_1_K6983_RS18720	AL645882_2_SCO2371	48.9
NZ_CP082327_1_K6983_RS18720	AL645882_2_SCO7124	48.4
NZ_CP082327_1_K6983_RS18720	AL645882_2_SCO2183	47.5
NZ_CP082327_1_K6983_RS15030	AL645882_2_SCO4808	40.6
NZ_CP082327_1_K6983_RS15030	AL645882_2_SCO6585	40.9
NZ_CP082327_1_K6983_RS18415	AL645882_2_SCO2509	43.1
NZ_CP082327_1_K6983_RS18415	AL645882_2_SCO3858	34.8
NZ_CP082327_1_K6983_RS08100	AL645882_2_SCO2052	46.2
NZ_CP082327_1_K6983_RS22565	AL645882_2_SCO6324	26.9
NZ_CP082327_1_K6983_RS17155	AL645882_2_SCO6055	40.4
NZ_CP082327_1_K6983_RS22520	AL645882_2_SCO4228	25.1
NZ_CP082327_1_K6983_RS06890	AL645882_2_SCO2547	33.3
NZ_CP082327_1_K6983_RS13800	AL645882_2_SCO1509	31.6
NZ_CP082327_1_K6983_RS10100	AL645882_2_SCO3051	33.4
NZ_CP082327_1_K6983_RS10100	AL645882_2_SCO2774	33.2
NZ_CP082327_1_K6983_RS10100	AL645882_2_SCO1428	31.2
NZ_CP082327_1_K6983_RS10100	AL645882_2_SCO6787	29.8
NZ_CP082327_1_K6983_RS10100	AL645882_2_SCO1209	32.3
NZ_CP082327_1_K6983_RS06995	AL645882_2_SCO2440	31.1
NZ_CP082327_1_K6983_RS20970	AL645882_2_SCO6603	35.0
NZ_CP082327_1_K6983_RS20970	AL645882_2_SCO7011	29.6
NZ_CP082327_1_K6983_RS20970	AL645882_2_SCO3503	24.2
NZ_CP082327_1_K6983_RS20970	AL645882_2_SCO7488	32.1
NZ_CP082327_1_K6983_RS16885	AL645882_2_SCO1300	22.7
NZ_CP082327_1_K6983_RS05815	AL645882_2_SCO4145	34.3
NZ_CP082327_1_K6983_RS15560	AL645882_2_SCO5435	28.8
NZ_CP082327_1_K6983_RS15560	AL645882_2_SCO1137	28.9
NZ_CP082327_1_K6983_RS15560	AL645882_2_SCO4229	26.0
NZ_CP082327_1_K6983_RS15560	AL645882_2_SCO3062	28.9
NZ_CP082327_1_K6983_RS20805	AL645882_2_SCO2071	28.6
NZ_CP082327_1_K6983_RS06785	AL645882_2_SCO0262	37.2
NZ_CP082327_1_K6983_RS10360	AL645882_2_SCO7655	34.0
NZ_CP082327_1_K6983_RS10360	AL645882_2_SCO5509	28.3
NZ_CP082327_1_K6983_RS20965	AL645882_2_SCO2230	33.9
NZ_CP082327_1_K6983_RS20965	AL645882_2_SCO5233	30.6
NZ_CP082327_1_K6983_RS20965	AL645882_2_SCO2945	28.6
NZ_CP082327_1_K6983_RS20965	AL645882_2_SCO1064	27.3
NZ_CP082327_1_K6983_RS20965	AL645882_2_SCO7029	29.5
NZ_CP082327_1_K6983_RS20965	AL645882_2_SCO2796	27.2
NZ_CP082327_1_K6983_RS20965	AL645882_2_SCO6087	31.6
NZ_CP082327_1_K6983_RS10345	AL645882_2_SCO7586	40.4
NZ_CP082327_1_K6983_RS10345	AL645882_2_SCO1109	31.4
NZ_CP082327_1_K6983_RS10345	AL645882_2_SCO4297	37.1
NZ_CP082327_1_K6983_RS10345	AL645882_2_SCO5980	30.8
NZ_CP082327_1_K6983_RS10345	AL645882_2_SCO7066	29.2
NZ_CP082327_1_K6983_RS00320	AL645882_2_SCO2904	62.8
NZ_CP082327_1_K6983_RS22495	AL645882_2_SCO4740	44.5
NZ_CP082327_1_K6983_RS22495	AL645882_2_SCO2789	44.1
NZ_CP082327_1_K6983_RS12195	AL645882_2_SCO2039	36.7
NZ_CP082327_1_K6983_RS17755	AL645882_2_SCO2587	37.9
NZ_CP082327_1_K6983_RS15690	AL645882_2_SCO3214	31.7
NZ_CP082327_1_K6983_RS15690	AL645882_2_SCO2043	30.8
NZ_CP082327_1_K6983_RS05465	AL645882_2_SCO5596	38.1
NZ_CP082327_1_K6983_RS15230	AL645882_2_SCO0101	38.6
NZ_CP082327_1_K6983_RS08980	AL645882_2_SCO1521	45.7
NZ_CP082327_1_K6983_RS21045	AL645882_2_SCO1657	32.0
NZ_CP082327_1_K6983_RS21045	AL645882_2_SCO6137	28.0
NZ_CP082327_1_K6983_RS07640	AL645882_2_SCO4805	36.4
NZ_CP082327_1_K6983_RS13335	AL645882_2_SCO2275	39.0
NZ_CP082327_1_K6983_RS08110	AL645882_2_SCO2054	36.1
NZ_CP082327_1_K6983_RS18715	AL645882_2_SCO2181	30.3
NZ_CP082327_1_K6983_RS18715	AL645882_2_SCO7123	31.2
NZ_CP082327_1_K6983_RS14605	AL645882_2_SCO5776	28.5
NZ_CP082327_1_K6983_RS14180	AL645882_2_SCO3961	39.7
NZ_CP082327_1_K6983_RS20710	AL645882_2_SCO0314	42.5
NZ_CP082327_1_K6983_RS21360	AL645882_2_SCO3127	34.8
NZ_CP082327_1_K6983_RS12205	AL645882_2_SCO2036	31.3
NZ_CP082327_1_K6983_RS04015	AL645882_2_SCO1378	56.5
NZ_CP082327_1_K6983_RS16490	AL645882_2_SCO7131	28.5
NZ_CP082327_1_K6983_RS05225	AL645882_2_SCO1780	31.0
NZ_CP082327_1_K6983_RS12985	AL645882_2_SCO2387	35.9
NZ_CP082327_1_K6983_RS12985	AL645882_2_SCO0126	37.3
NZ_CP082327_1_K6983_RS16685	AL645882_2_SCO2619	58.2
NZ_CP082327_1_K6983_RS16685	AL645882_2_SCO2618	51.6
NZ_CP082327_1_K6983_RS16685	AL645882_2_SCO7280	46.1
NZ_CP082327_1_K6983_RS16685	AL645882_2_SCO1238	46.6
NZ_CP082327_1_K6983_RS16685	AL645882_2_SCO7281	47.7
NZ_CP082327_1_K6983_RS12580	AL645882_2_SCO3603	37.9
NZ_CP082327_1_K6983_RS12580	AL645882_2_SCO3185	34.9
NZ_CP082327_1_K6983_RS17810	AL645882_2_SCO1380	35.1
NZ_CP082327_1_K6983_RS04200	AL645882_2_SCO1133	25.9
NZ_CP082327_1_K6983_RS18660	AL645882_2_SCO6055	32.8
NZ_CP082327_1_K6983_RS18660	AL645882_2_SCO3562	40.0
NZ_CP082327_1_K6983_RS07745	AL645882_2_SCO0086	25.9
NZ_CP082327_1_K6983_RS15295	AL645882_2_SCO5236	45.8
NZ_CP082327_1_K6983_RS14870	AL645882_2_SCO3137	44.0
NZ_CP082327_1_K6983_RS14870	AL645882_2_SCO2988	36.8
NZ_CP082327_1_K6983_RS19340	AL645882_2_SCO6218	28.1
NZ_CP082327_1_K6983_RS21110	AL645882_2_SCO4814	44.3
NZ_CP082327_1_K6983_RS22475	AL645882_2_SCO5372	37.4
NZ_CP082327_1_K6983_RS00835	AL645882_2_SCO6581	25.1
NZ_CP082327_1_K6983_RS13115	AL645882_2_SCO6646	29.5
NZ_CP082327_1_K6983_RS01440	AL645882_2_SCO0961	41.3
NZ_CP082327_1_K6983_RS01440	AL645882_2_SCO3039	22.3
NZ_CP082327_1_K6983_RS16470	AL645882_2_SCO2015	23.9
NZ_CP082327_1_K6983_RS19405	AL645882_2_SCO4890	41.6
NZ_CP082327_1_K6983_RS22000	AL645882_2_SCO4671	28.2
NZ_CP082327_1_K6983_RS12520	AL645882_2_SCO5061	51.5
NZ_CP082327_1_K6983_RS05740	AL645882_2_SCO5696	45.4
NZ_CP082327_1_K6983_RS05740	AL645882_2_SCO6767	45.4
NZ_CP082327_1_K6983_RS12890	AL645882_2_SCO4303	35.5
NZ_CP082327_1_K6983_RS12890	AL645882_2_SCO1094	31.4
NZ_CP082327_1_K6983_RS12890	AL645882_2_SCO7809	37.7
NZ_CP082327_1_K6983_RS12890	AL645882_2_SCO6312	42.2
NZ_CP082327_1_K6983_RS01350	AL645882_2_SCO7550	28.0
NZ_CP082327_1_K6983_RS01350	AL645882_2_SCO1968	26.8
NZ_CP082327_1_K6983_RS01350	AL645882_2_SCO1090	32.3
NZ_CP082327_1_K6983_RS21610	AL645882_2_SCO6746	30.3
NZ_CP082327_1_K6983_RS21610	AL645882_2_SCO5416	33.3
NZ_CP082327_1_K6983_RS15070	AL645882_2_SCO2736	51.3
NZ_CP082327_1_K6983_RS15070	AL645882_2_SCO5832	32.3
NZ_CP082327_1_K6983_RS19815	AL645882_2_SCO5976	63.0
NZ_CP082327_1_K6983_RS10165	AL645882_2_SCO1925	40.9
NZ_CP082327_1_K6983_RS12910	AL645882_2_SCO6300	33.6
NZ_CP082327_1_K6983_RS12910	AL645882_2_SCO2758	33.0
NZ_CP082327_1_K6983_RS12910	AL645882_2_SCO6032	31.4
NZ_CP082327_1_K6983_RS19975	AL645882_2_SCO3764	22.1
NZ_CP082327_1_K6983_RS04445	AL645882_2_SCO0282	24.0
NZ_CP082327_1_K6983_RS01725	AL645882_2_SCO2789	21.3
NZ_CP082327_1_K6983_RS01485	AL645882_2_SCO3299	46.8
NZ_CP082327_1_K6983_RS16440	AL645882_2_SCO4612	26.3
NZ_CP082327_1_K6983_RS16440	AL645882_2_SCO0938	23.5
NZ_CP082327_1_K6983_RS14760	AL645882_2_SCO1821	35.3
NZ_CP082327_1_K6983_RS14195	AL645882_2_SCO5750	42.8
NZ_CP082327_1_K6983_RS14195	AL645882_2_SCO4508	26.2
NZ_CP082327_1_K6983_RS09155	AL645882_2_SCO2967	26.8
NZ_CP082327_1_K6983_RS16420	AL645882_2_SCO1796	47.1
NZ_CP082327_1_K6983_RS16420	AL645882_2_SCO7227	46.4
NZ_CP082327_1_K6983_RS22030	AL645882_2_SCO4577	43.0
NZ_CP082327_1_K6983_RS22030	AL645882_2_SCO5815	35.1
NZ_CP082327_1_K6983_RS22030	AL645882_2_SCO6640	24.1
NZ_CP082327_1_K6983_RS21015	AL645882_2_SCO1942	52.2
NZ_CP082327_1_K6983_RS21015	AL645882_2_SCO6659	51.4
NZ_CP082327_1_K6983_RS06635	AL645882_2_SCO2640	33.0
NZ_CP082327_1_K6983_RS06635	AL645882_2_SCO3614	32.4
NZ_CP082327_1_K6983_RS08070	AL645882_2_SCO3052	28.0
NZ_CP082327_1_K6983_RS00505	AL645882_2_SCO3029	39.5
NZ_CP082327_1_K6983_RS00460	AL645882_2_SCO6818	34.8
NZ_CP082327_1_K6983_RS13855	AL645882_2_SCO3007	30.4
NZ_CP082327_1_K6983_RS21270	AL645882_2_SCO4738	52.4
NZ_CP082327_1_K6983_RS05100	AL645882_2_SCO5805	24.5
NZ_CP082327_1_K6983_RS15185	AL645882_2_SCO3718	48.5
NZ_CP082327_1_K6983_RS12110	AL645882_2_SCO5999	59.7
NZ_CP082327_1_K6983_RS12110	AL645882_2_SCO5926	49.3
NZ_CP082327_1_K6983_RS02640	AL645882_2_SCO6131	34.3
NZ_CP082327_1_K6983_RS14490	AL645882_2_SCO0928	33.2
NZ_CP082327_1_K6983_RS14490	AL645882_2_SCO5495	32.5
NZ_CP082327_1_K6983_RS14490	AL645882_2_SCO5511	22.7
NZ_CP082327_1_K6983_RS15650	AL645882_2_SCO3658	41.2
NZ_CP082327_1_K6983_RS15650	AL645882_2_SCO4645	29.0
NZ_CP082327_1_K6983_RS15650	AL645882_2_SCO3944	25.8
NZ_CP082327_1_K6983_RS16830	AL645882_2_SCO6160	34.6
NZ_CP082327_1_K6983_RS16230	AL645882_2_SCO4824	44.3
NZ_CP082327_1_K6983_RS08275	AL645882_2_SCO6394	43.6
NZ_CP082327_1_K6983_RS20530	AL645882_2_SCO0541	42.8
NZ_CP082327_1_K6983_RS12990	AL645882_2_SCO5888	40.4
NZ_CP082327_1_K6983_RS12990	AL645882_2_SCO3246	40.4
NZ_CP082327_1_K6983_RS12990	AL645882_2_SCO6564	40.4
NZ_CP082327_1_K6983_RS12990	AL645882_2_SCO2388	37.3
NZ_CP082327_1_K6983_RS12990	AL645882_2_SCO1271	30.4
NZ_CP082327_1_K6983_RS00945	AL645882_2_SCO2748	41.0
NZ_CP082327_1_K6983_RS04995	AL645882_2_SCO1501	41.4
NZ_CP082327_1_K6983_RS04995	AL645882_2_SCO7600	33.8
NZ_CP082327_1_K6983_RS18835	AL645882_2_SCO2084	35.8
NZ_CP082327_1_K6983_RS17750	AL645882_2_SCO2585	50.0
NZ_CP082327_1_K6983_RS14160	AL645882_2_SCO7726	42.7
NZ_CP082327_1_K6983_RS05710	AL645882_2_SCO5854	37.1
NZ_CP082327_1_K6983_RS16765	AL645882_2_SCO5250	35.2
NZ_CP082327_1_K6983_RS16765	AL645882_2_SCO6763	35.8
NZ_CP082327_1_K6983_RS09755	AL645882_2_SCO1594	35.9
NZ_CP082327_1_K6983_RS20395	AL645882_2_SCO4296	60.3
NZ_CP082327_1_K6983_RS20395	AL645882_2_SCO4762	60.3
NZ_CP082327_1_K6983_RS18685	AL645882_2_SCO5284	32.2
NZ_CP082327_1_K6983_RS18815	AL645882_2_SCO2611	24.9
NZ_CP082327_1_K6983_RS01985	AL645882_2_SCO4702	51.9
NZ_CP082327_1_K6983_RS13710	AL645882_2_SCO1482	43.2
NZ_CP082327_1_K6983_RS12845	AL645882_2_SCO6464	33.3
NZ_CP082327_1_K6983_RS12845	AL645882_2_SCO0452	27.0
NZ_CP082327_1_K6983_RS07930	AL645882_2_SCO2589	36.3
NZ_CP082327_1_K6983_RS05830	AL645882_2_SCO4041	45.1
NZ_CP082327_1_K6983_RS15510	AL645882_2_SCO2193	27.7
NZ_CP082327_1_K6983_RS19410	AL645882_2_SCO4914	46.9
NZ_CP082327_1_K6983_RS04375	AL645882_2_SCO2737	28.9
NZ_CP082327_1_K6983_RS18810	AL645882_2_SCO2082	54.7
NZ_CP082327_1_K6983_RS03805	AL645882_2_SCO2552	29.4
NZ_CP082327_1_K6983_RS05770	AL645882_2_SCO5056	36.6
NZ_CP082327_1_K6983_RS05770	AL645882_2_SCO5056	40.5
NZ_CP082327_1_K6983_RS05230	AL645882_2_SCO1781	26.6
NZ_CP082327_1_K6983_RS05230	AL645882_2_SCO0410	29.3
NZ_CP082327_1_K6983_RS21935	AL645882_2_SCO4490	39.4
NZ_CP082327_1_K6983_RS15465	AL645882_2_SCO2579	30.3
NZ_CP082327_1_K6983_RS02875	AL645882_2_SCO5849	45.5
NZ_CP082327_1_K6983_RS16510	AL645882_2_SCO3618	48.2
NZ_CP082327_1_K6983_RS12780	AL645882_2_SCO5488	36.7
NZ_CP082327_1_K6983_RS07450	AL645882_2_SCO2111	32.3
NZ_CP082327_1_K6983_RS20210	AL645882_2_SCO3629	50.5
NZ_CP082327_1_K6983_RS07005	AL645882_2_SCO2541	38.1
NZ_CP082327_1_K6983_RS16520	AL645882_2_SCO4067	37.6
NZ_CP082327_1_K6983_RS04710	AL645882_2_SCO6098	47.7
NZ_CP082327_1_K6983_RS18420	AL645882_2_SCO5694	39.4
NZ_CP082327_1_K6983_RS02140	AL645882_2_SCO5876	29.9
NZ_CP082327_1_K6983_RS20050	AL645882_2_SCO5459	32.3
NZ_CP082327_1_K6983_RS20050	AL645882_2_SCO0364	31.3
NZ_CP082327_1_K6983_RS01330	AL645882_2_SCO0952	25.2
NZ_CP082327_1_K6983_RS01330	AL645882_2_SCO7013	31.0
NZ_CP082327_1_K6983_RS18435	AL645882_2_SCO5625	38.4
NZ_CP082327_1_K6983_RS21730	AL645882_2_SCO6205	34.4
NZ_CP082327_1_K6983_RS22440	AL645882_2_SCO3885	34.4
NZ_CP082327_1_K6983_RS01715	AL645882_2_SCO0851	24.0
NZ_CP082327_1_K6983_RS01715	AL645882_2_SCO3494	28.6
NZ_CP082327_1_K6983_RS00700	AL645882_2_SCO3658	22.8
NZ_CP082327_1_K6983_RS12505	AL645882_2_SCO3276	28.8
NZ_CP082327_1_K6983_RS12505	AL645882_2_SCO3562	27.5
NZ_CP082327_1_K6983_RS04570	AL645882_2_SCO1776	52.0
NZ_CP082327_1_K6983_RS04575	AL645882_2_SCO3096	60.2
NZ_CP082327_1_K6983_RS04575	AL645882_2_SCO7638	57.5
NZ_CP082327_1_K6983_RS08385	AL645882_2_SCO2177	31.6
NZ_CP082327_1_K6983_RS21975	AL645882_2_SCO4556	43.2
NZ_CP082327_1_K6983_RS21975	AL645882_2_SCO1973	32.8
NZ_CP082327_1_K6983_RS21975	AL645882_2_SCO1731	33.3
NZ_CP082327_1_K6983_RS22505	AL645882_2_SCO4141	39.3
NZ_CP082327_1_K6983_RS22505	AL645882_2_SCO6815	37.8
NZ_CP082327_1_K6983_RS07375	AL645882_2_SCO5835	31.2
NZ_CP082327_1_K6983_RS08740	AL645882_2_SCO1953	34.6
NZ_CP082327_1_K6983_RS22205	AL645882_2_SCO1388	26.8
NZ_CP082327_1_K6983_RS22205	AL645882_2_SCO3039	26.7
NZ_CP082327_1_K6983_RS03930	AL645882_2_SCO5400	35.1
NZ_CP082327_1_K6983_RS21615	AL645882_2_SCO0814	40.7
NZ_CP082327_1_K6983_RS02015	AL645882_2_SCO4708	44.6
NZ_CP082327_1_K6983_RS16615	AL645882_2_SCO5583	42.7
NZ_CP082327_1_K6983_RS12485	AL645882_2_SCO3319	32.2
NZ_CP082327_1_K6983_RS11135	AL645882_2_SCO3132	43.1
NZ_CP082327_1_K6983_RS09750	AL645882_2_SCO1595	41.8
NZ_CP082327_1_K6983_RS21070	AL645882_2_SCO6243	48.9
NZ_CP082327_1_K6983_RS21070	AL645882_2_SCO0983	44.1
NZ_CP082327_1_K6983_RS15045	AL645882_2_SCO4855	44.6
NZ_CP082327_1_K6983_RS17025	AL645882_2_SCO7507	44.2
NZ_CP082327_1_K6983_RS17025	AL645882_2_SCO7357	35.0
NZ_CP082327_1_K6983_RS16825	AL645882_2_SCO6160	37.3
NZ_CP082327_1_K6983_RS16825	AL645882_2_SCO1515	31.1
NZ_CP082327_1_K6983_RS19795	AL645882_2_SCO2615	42.3
NZ_CP082327_1_K6983_RS19795	AL645882_2_SCO2076	21.1
NZ_CP082327_1_K6983_RS07135	AL645882_2_SCO6702	52.4
NZ_CP082327_1_K6983_RS12500	AL645882_2_SCO3123	44.4
NZ_CP082327_1_K6983_RS12500	AL645882_2_SCO0782	36.8
NZ_CP082327_1_K6983_RS06815	AL645882_2_SCO4568	27.5
NZ_CP082327_1_K6983_RS15130	AL645882_2_SCO0842	34.7
NZ_CP082327_1_K6983_RS15130	AL645882_2_SCO0183	48.5
NZ_CP082327_1_K6983_RS09550	AL645882_2_SCO3456	37.1
NZ_CP082327_1_K6983_RS08920	AL645882_2_SCO3304	43.6
NZ_CP082327_1_K6983_RS10145	AL645882_2_SCO5966	25.8
NZ_CP082327_1_K6983_RS10145	AL645882_2_SCO4367	25.3
NZ_CP082327_1_K6983_RS07140	AL645882_2_SCO6703	39.4
NZ_CP082327_1_K6983_RS07580	AL645882_2_SCO0458	31.8
NZ_CP082327_1_K6983_RS07580	AL645882_2_SCO0293	29.4
NZ_CP082327_1_K6983_RS18865	AL645882_2_SCO2090	30.2
NZ_CP082327_1_K6983_RS11890	AL645882_2_SCO0721	28.3
NZ_CP082327_1_K6983_RS11890	AL645882_2_SCO0616	26.4
NZ_CP082327_1_K6983_RS13100	AL645882_2_SCO1337	33.9
NZ_CP082327_1_K6983_RS08040	AL645882_2_SCO0749	26.9
NZ_CP082327_1_K6983_RS10585	AL645882_2_SCO7623	57.4
NZ_CP082327_1_K6983_RS10585	AL645882_2_SCO1773	33.6
NZ_CP082327_1_K6983_RS11900	AL645882_2_SCO7491	36.5
NZ_CP082327_1_K6983_RS13365	AL645882_2_SCO1669	31.5
NZ_CP082327_1_K6983_RS08125	AL645882_2_SCO5050	30.4
NZ_CP082327_1_K6983_RS02690	AL645882_2_SCO7036	66.4
NZ_CP082327_1_K6983_RS16800	AL645882_2_SCO2688	35.5
NZ_CP082327_1_K6983_RS13895	AL645882_2_SCO6819	41.1
NZ_CP082327_1_K6983_RS13895	AL645882_2_SCO5212	34.2
NZ_CP082327_1_K6983_RS02490	AL645882_2_SCO2026	43.3
NZ_CP082327_1_K6983_RS15035	AL645882_2_SCO2181	31.8
NZ_CP082327_1_K6983_RS15035	AL645882_2_SCO3815	29.8
NZ_CP082327_1_K6983_RS15035	AL645882_2_SCO3829	32.9
NZ_CP082327_1_K6983_RS22235	AL645882_2_SCO5357	57.3
NZ_CP082327_1_K6983_RS22235	AL645882_2_SCO7051	49.6
NZ_CP082327_1_K6983_RS18930	AL645882_2_SCO5553	63.0
NZ_CP082327_1_K6983_RS09480	AL645882_2_SCO2918	37.4
NZ_CP082327_1_K6983_RS06810	AL645882_2_SCO4567	47.9
NZ_CP082327_1_K6983_RS06810	AL645882_2_SCO6560	45.8
NZ_CP082327_1_K6983_RS19140	AL645882_2_SCO1483	54.9
NZ_CP082327_1_K6983_RS19140	AL645882_2_SCO2777	26.6
NZ_CP082327_1_K6983_RS09045	AL645882_2_SCO6661	43.1
NZ_CP082327_1_K6983_RS09045	AL645882_2_SCO1937	42.3
NZ_CP082327_1_K6983_RS09530	AL645882_2_SCO3457	36.9
NZ_CP082327_1_K6983_RS21465	AL645882_2_SCO3109	26.9
NZ_CP082327_1_K6983_RS00380	AL645882_2_SCO6185	24.8
NZ_CP082327_1_K6983_RS00380	AL645882_2_SCO1525	31.9
NZ_CP082327_1_K6983_RS13345	AL645882_2_SCO5229	23.1
NZ_CP082327_1_K6983_RS05780	AL645882_2_SCO4785	50.9
NZ_CP082327_1_K6983_RS05780	AL645882_2_SCO3851	26.7
NZ_CP082327_1_K6983_RS16265	AL645882_2_SCO3060	37.3
NZ_CP082327_1_K6983_RS21545	AL645882_2_SCO1945	43.0
NZ_CP082327_1_K6983_RS12035	AL645882_2_SCO2476	25.7
NZ_CP082327_1_K6983_RS12035	AL645882_2_SCO4304	24.5
NZ_CP082327_1_K6983_RS07650	AL645882_2_SCO1183	45.4
NZ_CP082327_1_K6983_RS07650	AL645882_2_SCO4803	38.5
NZ_CP082327_1_K6983_RS02105	AL645882_2_SCO1505	37.0
NZ_CP082327_1_K6983_RS01710	AL645882_2_SCO5847	24.9
NZ_CP082327_1_K6983_RS01710	AL645882_2_SCO3259	22.6
NZ_CP082327_1_K6983_RS01710	AL645882_2_SCO5636	22.6
NZ_CP082327_1_K6983_RS16320	AL645882_2_SCO6417	32.1
NZ_CP082327_1_K6983_RS16320	AL645882_2_SCO7500	29.8
NZ_CP082327_1_K6983_RS03135	AL645882_2_SCO1041	44.0
NZ_CP082327_1_K6983_RS00435	AL645882_2_SCO6800	64.2
NZ_CP082327_1_K6983_RS00435	AL645882_2_SCO5892	33.2
NZ_CP082327_1_K6983_RS00435	AL645882_2_SCO1243	33.7
NZ_CP082327_1_K6983_RS16940	AL645882_2_SCO3337	35.2
NZ_CP082327_1_K6983_RS05745	AL645882_2_SCO1508	42.3
NZ_CP082327_1_K6983_RS22290	AL645882_2_SCO3345	67.4
NZ_CP082327_1_K6983_RS22290	AL645882_2_SCO1176	32.5
NZ_CP082327_1_K6983_RS22290	AL645882_2_SCO1888	31.8
NZ_CP082327_1_K6983_RS18625	AL645882_2_SCO3383	48.9
NZ_CP082327_1_K6983_RS06765	AL645882_2_SCO1560	36.3
NZ_CP082327_1_K6983_RS21225	AL645882_2_SCO4649	52.9
NZ_CP082327_1_K6983_RS05175	AL645882_2_SCO4113	45.0
NZ_CP082327_1_K6983_RS09725	AL645882_2_SCO1531	38.7
NZ_CP082327_1_K6983_RS09725	AL645882_2_SCO3778	36.2
NZ_CP082327_1_K6983_RS22510	AL645882_2_SCO4140	36.5
NZ_CP082327_1_K6983_RS22510	AL645882_2_SCO6815	30.2
NZ_CP082327_1_K6983_RS18495	AL645882_2_SCO5481	36.7
NZ_CP082327_1_K6983_RS18495	AL645882_2_SCO4104	30.1
NZ_CP082327_1_K6983_RS13095	AL645882_2_SCO2709	28.6
NZ_CP082327_1_K6983_RS07045	AL645882_2_SCO1565	32.9
NZ_CP082327_1_K6983_RS17190	AL645882_2_SCO4833	29.4
NZ_CP082327_1_K6983_RS03730	AL645882_2_SCO4111	44.8
NZ_CP082327_1_K6983_RS20260	AL645882_2_SCO4742	31.9
NZ_CP082327_1_K6983_RS18365	AL645882_2_SCO2064	35.6
NZ_CP082327_1_K6983_RS18365	AL645882_2_SCO1739	28.6
NZ_CP082327_1_K6983_RS03825	AL645882_2_SCO1476	59.2
NZ_CP082327_1_K6983_RS02085	AL645882_2_SCO4722	44.3
NZ_CP082327_1_K6983_RS00340	AL645882_2_SCO1477	41.1
NZ_CP082327_1_K6983_RS01400	AL645882_2_SCO0360	35.8
NZ_CP082327_1_K6983_RS01400	AL645882_2_SCO2753	28.2
NZ_CP082327_1_K6983_RS01400	AL645882_2_SCO3485	24.8
NZ_CP082327_1_K6983_RS06140	AL645882_2_SCO7243	33.5
NZ_CP082327_1_K6983_RS06140	AL645882_2_SCO7561	31.5
NZ_CP082327_1_K6983_RS06140	AL645882_2_SCO2283	33.5
NZ_CP082327_1_K6983_RS06140	AL645882_2_SCO7521	30.0
NZ_CP082327_1_K6983_RS06140	AL645882_2_SCO5660	25.0
NZ_CP082327_1_K6983_RS06140	AL645882_2_SCO7607	24.3
NZ_CP082327_1_K6983_RS19375	AL645882_2_SCO1808	49.3
NZ_CP082327_1_K6983_RS14430	AL645882_2_SCO4462	55.4
NZ_CP082327_1_K6983_RS01315	AL645882_2_SCO2010	36.2
NZ_CP082327_1_K6983_RS00295	AL645882_2_SCO1479	44.9
NZ_CP082327_1_K6983_RS03900	AL645882_2_SCO7001	27.3
NZ_CP082327_1_K6983_RS11490	AL645882_2_SCO2397	43.3
NZ_CP082327_1_K6983_RS18745	AL645882_2_SCO3381	42.9
NZ_CP082327_1_K6983_RS19180	AL645882_2_SCO5711	34.3
NZ_CP082327_1_K6983_RS03865	AL645882_2_SCO0741	33.0
NZ_CP082327_1_K6983_RS21115	AL645882_2_SCO4068	46.0
NZ_CP082327_1_K6983_RS03040	AL645882_2_SCO0777	42.4
NZ_CP082327_1_K6983_RS14315	AL645882_2_SCO0749	23.1
NZ_CP082327_1_K6983_RS01665	AL645882_2_SCO4839	53.8
NZ_CP082327_1_K6983_RS01665	AL645882_2_SCO3334	46.7
NZ_CP082327_1_K6983_RS05600	AL645882_2_SCO2106	31.4
NZ_CP082327_1_K6983_RS05600	AL645882_2_SCO3443	29.3
NZ_CP082327_1_K6983_RS09660	AL645882_2_SCO0666	48.8
NZ_CP082327_1_K6983_RS09660	AL645882_2_SCO0379	49.5
NZ_CP082327_1_K6983_RS09660	AL645882_2_SCO6204	48.0
NZ_CP082327_1_K6983_RS09660	AL645882_2_SCO7590	42.2
NZ_CP082327_1_K6983_RS18850	AL645882_2_SCO2087	41.3
NZ_CP082327_1_K6983_RS11275	AL645882_2_SCO1590	39.3
NZ_CP082327_1_K6983_RS03755	AL645882_2_SCO2559	33.4
NZ_CP082327_1_K6983_RS02665	AL645882_2_SCO3398	39.9
NZ_CP082327_1_K6983_RS01990	AL645882_2_SCO4703	40.5
NZ_CP082327_1_K6983_RS21190	AL645882_2_SCO2109	49.4
NZ_CP082327_1_K6983_RS17115	AL645882_2_SCO7626	32.4
NZ_CP082327_1_K6983_RS17115	AL645882_2_SCO5773	29.9
NZ_CP082327_1_K6983_RS17115	AL645882_2_SCO5321	27.1
NZ_CP082327_1_K6983_RS03365	AL645882_2_SCO3204	38.5
NZ_CP082327_1_K6983_RS09025	AL645882_2_SCO3368	48.9
NZ_CP082327_1_K6983_RS09025	AL645882_2_SCO4798	36.7
NZ_CP082327_1_K6983_RS06260	AL645882_2_SCO4917	36.0
NZ_CP082327_1_K6983_RS19265	AL645882_2_SCO7197	30.8
NZ_CP082327_1_K6983_RS11980	AL645882_2_SCO1615	32.0
NZ_CP082327_1_K6983_RS18450	AL645882_2_SCO5585	25.3
NZ_CP082327_1_K6983_RS16400	AL645882_2_SCO1815	30.3
NZ_CP082327_1_K6983_RS16400	AL645882_2_SCO5086	29.1
NZ_CP082327_1_K6983_RS03270	AL645882_2_SCO7047	35.6
NZ_CP082327_1_K6983_RS03270	AL645882_2_SCO1326	33.2
NZ_CP082327_1_K6983_RS09675	AL645882_2_SCO4498	31.4
NZ_CP082327_1_K6983_RS09675	AL645882_2_SCO5436	21.5
NZ_CP082327_1_K6983_RS01895	AL645882_2_SCO6012	31.6
NZ_CP082327_1_K6983_RS04715	AL645882_2_SCO6097	46.8
NZ_CP082327_1_K6983_RS12635	AL645882_2_SCO5546	45.6
NZ_CP082327_1_K6983_RS12635	AL645882_2_SCO2850	35.9
NZ_CP082327_1_K6983_RS12635	AL645882_2_SCO0346	36.4
NZ_CP082327_1_K6983_RS00740	AL645882_2_SCO1170	32.7
NZ_CP082327_1_K6983_RS12170	AL645882_2_SCO7360	47.7
NZ_CP082327_1_K6983_RS07185	AL645882_2_SCO1040	37.4
NZ_CP082327_1_K6983_RS10590	AL645882_2_SCO7622	68.5
NZ_CP082327_1_K6983_RS22615	AL645882_2_SCO3883	29.6
NZ_CP082327_1_K6983_RS20880	AL645882_2_SCO5073	31.4
NZ_CP082327_1_K6983_RS20880	AL645882_2_SCO3823	31.3
NZ_CP082327_1_K6983_RS20880	AL645882_2_SCO0780	32.5
NZ_CP082327_1_K6983_RS20880	AL645882_2_SCO5069	26.1
NZ_CP082327_1_K6983_RS20880	AL645882_2_SCO3314	27.1
NZ_CP082327_1_K6983_RS20880	AL645882_2_SCO0179	24.8
NZ_CP082327_1_K6983_RS06655	AL645882_2_SCO2614	32.7
NZ_CP082327_1_K6983_RS02705	AL645882_2_SCO5704	34.8
NZ_CP082327_1_K6983_RS02705	AL645882_2_SCO1998	27.1
NZ_CP082327_1_K6983_RS07985	AL645882_2_SCO3028	38.2
NZ_CP082327_1_K6983_RS07985	AL645882_2_SCO4736	29.0
NZ_CP082327_1_K6983_RS11525	AL645882_2_SCO5670	35.3
NZ_CP082327_1_K6983_RS11525	AL645882_2_SCO3705	27.5
NZ_CP082327_1_K6983_RS19145	AL645882_2_SCO1484	45.4
NZ_CP082327_1_K6983_RS19145	AL645882_2_SCO3213	32.2
NZ_CP082327_1_K6983_RS05970	AL645882_2_SCO0571	30.5
NZ_CP082327_1_K6983_RS05970	AL645882_2_SCO6487	37.2
NZ_CP082327_1_K6983_RS15735	AL645882_2_SCO0490	30.1
NZ_CP082327_1_K6983_RS21950	AL645882_2_SCO1632	27.1
NZ_CP082327_1_K6983_RS12535	AL645882_2_SCO7073	46.5
NZ_CP082327_1_K6983_RS16730	AL645882_2_SCO1934	32.7
NZ_CP082327_1_K6983_RS04470	AL645882_2_SCO1844	40.3
NZ_CP082327_1_K6983_RS18430	AL645882_2_SCO5626	46.1
NZ_CP082327_1_K6983_RS10285	AL645882_2_SCO3091	38.3
NZ_CP082327_1_K6983_RS16880	AL645882_2_SCO1301	32.7
NZ_CP082327_1_K6983_RS10395	AL645882_2_SCO7595	42.0
NZ_CP082327_1_K6983_RS15110	AL645882_2_SCO0443	37.7
