AP018499.1_LLCC_1613	AP018499.1_LLCC_1613	100.0
AP018499.1_LLCC_2377	AP018499.1_LLCC_2377	100.0
AP018499.1_LLCC_0413	AP018499.1_LLCC_0413	100.0
AP018499.1_LLCC_1308	AP018499.1_LLCC_1308	100.0
AP018499.1_LLCC_1820	AP018499.1_LLCC_1820	100.0
AP018499.1_LLCC_1363	AP018499.1_LLCC_1363	100.0
AP018499.1_LLCC_0343	AP018499.1_LLCC_0343	100.0
AP018499.1_LLCC_1294	AP018499.1_LLCC_1294	100.0
AP018499.1_LLCC_2298	AP018499.1_LLCC_2298	100.0
AP018499.1_LLCC_0594	AP018499.1_LLCC_0594	100.0
AP018499.1_LLCC_0196	AP018499.1_LLCC_0196	100.0
AP018499.1_LLCC_0488	AP018499.1_LLCC_0488	100.0
AP018499.1_LLCC_0961	AP018499.1_LLCC_0961	100.0
AP018499.1_LLCC_2608	AP018499.1_LLCC_2608	100.0
AP018499.1_LLCC_2303	AP018499.1_LLCC_2303	100.0
AP018499.1_LLCC_0466	AP018499.1_LLCC_0466	100.0
AP018499.1_LLCC_0377	AP018499.1_LLCC_0377	100.0
AP018499.1_LLCC_0395	AP018499.1_LLCC_0395	100.0
AP018499.1_LLCC_0254	AP018499.1_LLCC_0254	100.0
AP018499.1_LLCC_2485	AP018499.1_LLCC_2485	100.0
AP018499.1_LLCC_0317	AP018499.1_LLCC_0317	100.0
AP018499.1_LLCC_0865	AP018499.1_LLCC_0865	100.0
AP018499.1_LLCC_1430	AP018499.1_LLCC_1430	100.0
AP018499.1_LLCC_0689	AP018499.1_LLCC_0689	100.0
AP018499.1_LLCC_2479	AP018499.1_LLCC_2479	100.0
AP018499.1_LLCC_1011	AP018499.1_LLCC_1011	100.0
AP018499.1_LLCC_1779	AP018499.1_LLCC_1779	100.0
AP018499.1_LLCC_0143	AP018499.1_LLCC_0143	100.0
AP018499.1_LLCC_1474	AP018499.1_LLCC_1474	100.0
AP018499.1_LLCC_0574	AP018499.1_LLCC_0574	100.0
AP018499.1_LLCC_0962	AP018499.1_LLCC_0962	100.0
AP018499.1_LLCC_2188	AP018499.1_LLCC_2188	100.0
AP018499.1_LLCC_1811	AP018499.1_LLCC_1811	100.0
AP018499.1_LLCC_2504	AP018499.1_LLCC_2504	100.0
AP018499.1_LLCC_0936	AP018499.1_LLCC_0936	100.0
AP018499.1_LLCC_1003	AP018499.1_LLCC_1003	100.0
AP018499.1_LLCC_1974	AP018499.1_LLCC_1974	100.0
AP018499.1_LLCC_0487	AP018499.1_LLCC_0487	100.0
AP018499.1_LLCC_1576	AP018499.1_LLCC_1576	100.0
AP018499.1_LLCC_1196	AP018499.1_LLCC_1196	100.0
AP018499.1_LLCC_0663	AP018499.1_LLCC_0663	100.0
AP018499.1_LLCC_2492	AP018499.1_LLCC_2492	100.0
AP018499.1_LLCC_1252	AP018499.1_LLCC_1252	100.0
AP018499.1_LLCC_2046	AP018499.1_LLCC_2046	100.0
AP018499.1_LLCC_2291	AP018499.1_LLCC_2291	100.0
AP018499.1_LLCC_0548	AP018499.1_LLCC_0548	100.0
AP018499.1_LLCC_1053	AP018499.1_LLCC_1053	100.0
AP018499.1_LLCC_1464	AP018499.1_LLCC_1464	100.0
AP018499.1_LLCC_0029	AP018499.1_LLCC_0029	100.0
AP018499.1_LLCC_0818	AP018499.1_LLCC_0818	100.0
AP018499.1_LLCC_1623	AP018499.1_LLCC_1623	100.0
AP018499.1_LLCC_1087	AP018499.1_LLCC_1087	100.0
AP018499.1_LLCC_1897	AP018499.1_LLCC_1897	100.0
AP018499.1_LLCC_0378	AP018499.1_LLCC_0378	100.0
AP018499.1_LLCC_1589	AP018499.1_LLCC_1589	100.0
AP018499.1_LLCC_1817	AP018499.1_LLCC_1817	100.0
AP018499.1_LLCC_0496	AP018499.1_LLCC_0496	100.0
AP018499.1_LLCC_1134	AP018499.1_LLCC_1134	100.0
AP018499.1_LLCC_2211	AP018499.1_LLCC_2211	100.0
AP018499.1_LLCC_0002	AP018499.1_LLCC_0002	100.0
AP018499.1_LLCC_2461	AP018499.1_LLCC_2461	100.0
AP018499.1_LLCC_0638	AP018499.1_LLCC_0638	100.0
AP018499.1_LLCC_1483	AP018499.1_LLCC_1483	100.0
AP018499.1_LLCC_0642	AP018499.1_LLCC_0642	100.0
AP018499.1_LLCC_1807	AP018499.1_LLCC_1807	100.0
AP018499.1_LLCC_0414	AP018499.1_LLCC_0414	100.0
AP018499.1_LLCC_1950	AP018499.1_LLCC_1950	100.0
AP018499.1_LLCC_0274	AP018499.1_LLCC_0274	100.0
AP018499.1_LLCC_2019	AP018499.1_LLCC_2019	100.0
AP018499.1_LLCC_0911	AP018499.1_LLCC_0911	100.0
AP018499.1_LLCC_1357	AP018499.1_LLCC_1357	100.0
AP018499.1_LLCC_1669	AP018499.1_LLCC_1669	100.0
AP018499.1_LLCC_0138	AP018499.1_LLCC_0138	100.0
AP018499.1_LLCC_1927	AP018499.1_LLCC_1927	100.0
AP018499.1_LLCC_1586	AP018499.1_LLCC_1586	100.0
AP018499.1_LLCC_1111	AP018499.1_LLCC_1111	100.0
AP018499.1_LLCC_1289	AP018499.1_LLCC_1289	100.0
AP018499.1_LLCC_0931	AP018499.1_LLCC_0931	100.0
AP018499.1_LLCC_1540	AP018499.1_LLCC_1540	100.0
AP018499.1_LLCC_2540	AP018499.1_LLCC_2540	100.0
AP018499.1_LLCC_1925	AP018499.1_LLCC_1925	100.0
AP018499.1_LLCC_1431	AP018499.1_LLCC_1431	100.0
AP018499.1_LLCC_1067	AP018499.1_LLCC_1067	100.0
AP018499.1_LLCC_0692	AP018499.1_LLCC_0692	100.0
AP018499.1_LLCC_0182	AP018499.1_LLCC_0182	100.0
AP018499.1_LLCC_1896	AP018499.1_LLCC_1896	100.0
AP018499.1_LLCC_1210	AP018499.1_LLCC_1210	100.0
AP018499.1_LLCC_0451	AP018499.1_LLCC_0451	100.0
AP018499.1_LLCC_1444	AP018499.1_LLCC_1444	100.0
AP018499.1_LLCC_1199	AP018499.1_LLCC_1199	100.0
AP018499.1_LLCC_0658	AP018499.1_LLCC_0658	100.0
AP018499.1_LLCC_1766	AP018499.1_LLCC_1766	100.0
AP018499.1_LLCC_0341	AP018499.1_LLCC_0341	100.0
AP018499.1_LLCC_1593	AP018499.1_LLCC_1593	100.0
AP018499.1_LLCC_0622	AP018499.1_LLCC_0622	100.0
AP018499.1_LLCC_1418	AP018499.1_LLCC_1418	100.0
AP018499.1_LLCC_1646	AP018499.1_LLCC_1646	100.0
AP018499.1_LLCC_0364	AP018499.1_LLCC_0364	100.0
AP018499.1_LLCC_1156	AP018499.1_LLCC_1156	100.0
AP018499.1_LLCC_0716	AP018499.1_LLCC_0716	100.0
AP018499.1_LLCC_0626	AP018499.1_LLCC_0626	100.0
AP018499.1_LLCC_1584	AP018499.1_LLCC_1584	100.0
AP018499.1_LLCC_0503	AP018499.1_LLCC_0503	100.0
AP018499.1_LLCC_0925	AP018499.1_LLCC_0925	100.0
AP018499.1_LLCC_2247	AP018499.1_LLCC_2247	100.0
AP018499.1_LLCC_2219	AP018499.1_LLCC_2219	100.0
AP018499.1_LLCC_1955	AP018499.1_LLCC_1955	100.0
AP018499.1_LLCC_2045	AP018499.1_LLCC_2045	100.0
AP018499.1_LLCC_2505	AP018499.1_LLCC_2505	100.0
AP018499.1_LLCC_2344	AP018499.1_LLCC_2344	100.0
AP018499.1_LLCC_1098	AP018499.1_LLCC_1098	100.0
AP018499.1_LLCC_2238	AP018499.1_LLCC_2238	100.0
AP018499.1_LLCC_2496	AP018499.1_LLCC_2496	100.0
AP018499.1_LLCC_1889	AP018499.1_LLCC_1889	100.0
AP018499.1_LLCC_1878	AP018499.1_LLCC_1878	100.0
AP018499.1_LLCC_0992	AP018499.1_LLCC_0992	100.0
AP018499.1_LLCC_1741	AP018499.1_LLCC_1741	100.0
AP018499.1_LLCC_1738	AP018499.1_LLCC_1738	100.0
AP018499.1_LLCC_0744	AP018499.1_LLCC_0744	100.0
AP018499.1_LLCC_1179	AP018499.1_LLCC_1179	100.0
AP018499.1_LLCC_1077	AP018499.1_LLCC_1077	100.0
AP018499.1_LLCC_2223	AP018499.1_LLCC_2223	100.0
AP018499.1_LLCC_1231	AP018499.1_LLCC_1231	100.0
AP018499.1_LLCC_2115	AP018499.1_LLCC_2115	100.0
AP018499.1_LLCC_1953	AP018499.1_LLCC_1953	100.0
AP018499.1_LLCC_0116	AP018499.1_LLCC_0116	100.0
AP018499.1_LLCC_0319	AP018499.1_LLCC_0319	100.0
AP018499.1_LLCC_2109	AP018499.1_LLCC_2109	100.0
AP018499.1_LLCC_1558	AP018499.1_LLCC_1558	100.0
AP018499.1_LLCC_1222	AP018499.1_LLCC_1222	100.0
AP018499.1_LLCC_0099	AP018499.1_LLCC_0099	100.0
AP018499.1_LLCC_0996	AP018499.1_LLCC_0996	100.0
AP018499.1_LLCC_1428	AP018499.1_LLCC_1428	100.0
AP018499.1_LLCC_1916	AP018499.1_LLCC_1916	100.0
AP018499.1_LLCC_0093	AP018499.1_LLCC_0093	100.0
AP018499.1_LLCC_2174	AP018499.1_LLCC_2174	100.0
AP018499.1_LLCC_1799	AP018499.1_LLCC_1799	100.0
AP018499.1_LLCC_2452	AP018499.1_LLCC_2452	100.0
AP018499.1_LLCC_0766	AP018499.1_LLCC_0766	100.0
AP018499.1_LLCC_2294	AP018499.1_LLCC_2294	100.0
AP018499.1_LLCC_1046	AP018499.1_LLCC_1046	100.0
AP018499.1_LLCC_0362	AP018499.1_LLCC_0362	100.0
AP018499.1_LLCC_1764	AP018499.1_LLCC_1764	100.0
AP018499.1_LLCC_0858	AP018499.1_LLCC_0858	100.0
AP018499.1_LLCC_1242	AP018499.1_LLCC_1242	100.0
AP018499.1_LLCC_1192	AP018499.1_LLCC_1192	100.0
AP018499.1_LLCC_0800	AP018499.1_LLCC_0800	100.0
AP018499.1_LLCC_1183	AP018499.1_LLCC_1183	100.0
AP018499.1_LLCC_2128	AP018499.1_LLCC_2128	100.0
AP018499.1_LLCC_0849	AP018499.1_LLCC_0849	100.0
AP018499.1_LLCC_1455	AP018499.1_LLCC_1455	100.0
AP018499.1_LLCC_0342	AP018499.1_LLCC_0342	100.0
AP018499.1_LLCC_0086	AP018499.1_LLCC_0086	100.0
AP018499.1_LLCC_1981	AP018499.1_LLCC_1981	100.0
AP018499.1_LLCC_0975	AP018499.1_LLCC_0975	100.0
AP018499.1_LLCC_1528	AP018499.1_LLCC_1528	100.0
AP018499.1_LLCC_2034	AP018499.1_LLCC_2034	100.0
AP018499.1_LLCC_0636	AP018499.1_LLCC_0636	100.0
AP018499.1_LLCC_1969	AP018499.1_LLCC_1969	100.0
AP018499.1_LLCC_1977	AP018499.1_LLCC_1977	100.0
AP018499.1_LLCC_2349	AP018499.1_LLCC_2349	100.0
AP018499.1_LLCC_2107	AP018499.1_LLCC_2107	100.0
AP018499.1_LLCC_0973	AP018499.1_LLCC_0973	100.0
AP018499.1_LLCC_1615	AP018499.1_LLCC_1615	100.0
AP018499.1_LLCC_0201	AP018499.1_LLCC_0201	100.0
AP018499.1_LLCC_2244	AP018499.1_LLCC_2244	100.0
AP018499.1_LLCC_2126	AP018499.1_LLCC_2126	100.0
AP018499.1_LLCC_1520	AP018499.1_LLCC_1520	100.0
AP018499.1_LLCC_0043	AP018499.1_LLCC_0043	100.0
AP018499.1_LLCC_2237	AP018499.1_LLCC_2237	100.0
AP018499.1_LLCC_0974	AP018499.1_LLCC_0974	100.0
AP018499.1_LLCC_0036	AP018499.1_LLCC_0036	100.0
AP018499.1_LLCC_0959	AP018499.1_LLCC_0959	100.0
AP018499.1_LLCC_1526	AP018499.1_LLCC_1526	100.0
AP018499.1_LLCC_1587	AP018499.1_LLCC_1587	100.0
AP018499.1_LLCC_2048	AP018499.1_LLCC_2048	100.0
AP018499.1_LLCC_2013	AP018499.1_LLCC_2013	100.0
AP018499.1_LLCC_1184	AP018499.1_LLCC_1184	100.0
AP018499.1_LLCC_0854	AP018499.1_LLCC_0854	100.0
AP018499.1_LLCC_1283	AP018499.1_LLCC_1283	100.0
AP018499.1_LLCC_1171	AP018499.1_LLCC_1171	100.0
AP018499.1_LLCC_1102	AP018499.1_LLCC_1102	100.0
AP018499.1_LLCC_1218	AP018499.1_LLCC_1218	100.0
AP018499.1_LLCC_0129	AP018499.1_LLCC_0129	100.0
AP018499.1_LLCC_1512	AP018499.1_LLCC_1512	100.0
AP018499.1_LLCC_0666	AP018499.1_LLCC_0666	100.0
AP018499.1_LLCC_2335	AP018499.1_LLCC_2335	100.0
AP018499.1_LLCC_1803	AP018499.1_LLCC_1803	100.0
AP018499.1_LLCC_0656	AP018499.1_LLCC_0656	100.0
AP018499.1_LLCC_2575	AP018499.1_LLCC_2575	100.0
AP018499.1_LLCC_1316	AP018499.1_LLCC_1316	100.0
AP018499.1_LLCC_2426	AP018499.1_LLCC_2426	100.0
AP018499.1_LLCC_1355	AP018499.1_LLCC_1355	100.0
AP018499.1_LLCC_2446	AP018499.1_LLCC_2446	100.0
AP018499.1_LLCC_0285	AP018499.1_LLCC_0285	100.0
AP018499.1_LLCC_1821	AP018499.1_LLCC_1821	100.0
AP018499.1_LLCC_1773	AP018499.1_LLCC_1773	100.0
AP018499.1_LLCC_1088	AP018499.1_LLCC_1088	100.0
AP018499.1_LLCC_1899	AP018499.1_LLCC_1899	100.0
AP018499.1_LLCC_0701	AP018499.1_LLCC_0701	100.0
AP018499.1_LLCC_2133	AP018499.1_LLCC_2133	100.0
AP018499.1_LLCC_2424	AP018499.1_LLCC_2424	100.0
AP018499.1_LLCC_0169	AP018499.1_LLCC_0169	100.0
AP018499.1_LLCC_1814	AP018499.1_LLCC_1814	100.0
AP018499.1_LLCC_0123	AP018499.1_LLCC_0123	100.0
AP018499.1_LLCC_0741	AP018499.1_LLCC_0741	100.0
AP018499.1_LLCC_0551	AP018499.1_LLCC_0551	100.0
AP018499.1_LLCC_1769	AP018499.1_LLCC_1769	100.0
AP018499.1_LLCC_0725	AP018499.1_LLCC_0725	100.0
AP018499.1_LLCC_2574	AP018499.1_LLCC_2574	100.0
AP018499.1_LLCC_1292	AP018499.1_LLCC_1292	100.0
AP018499.1_LLCC_0472	AP018499.1_LLCC_0472	100.0
AP018499.1_LLCC_2439	AP018499.1_LLCC_2439	100.0
AP018499.1_LLCC_0097	AP018499.1_LLCC_0097	100.0
AP018499.1_LLCC_1872	AP018499.1_LLCC_1872	100.0
AP018499.1_LLCC_0978	AP018499.1_LLCC_0978	100.0
AP018499.1_LLCC_1000	AP018499.1_LLCC_1000	100.0
AP018499.1_LLCC_0532	AP018499.1_LLCC_0532	100.0
AP018499.1_LLCC_0522	AP018499.1_LLCC_0522	100.0
AP018499.1_LLCC_2268	AP018499.1_LLCC_2268	100.0
AP018499.1_LLCC_2441	AP018499.1_LLCC_2441	100.0
AP018499.1_LLCC_0654	AP018499.1_LLCC_0654	100.0
AP018499.1_LLCC_0442	AP018499.1_LLCC_0442	100.0
AP018499.1_LLCC_1461	AP018499.1_LLCC_1461	100.0
AP018499.1_LLCC_2136	AP018499.1_LLCC_2136	100.0
AP018499.1_LLCC_1155	AP018499.1_LLCC_1155	100.0
AP018499.1_LLCC_1859	AP018499.1_LLCC_1859	100.0
AP018499.1_LLCC_1964	AP018499.1_LLCC_1964	100.0
AP018499.1_LLCC_1114	AP018499.1_LLCC_1114	100.0
AP018499.1_LLCC_1761	AP018499.1_LLCC_1761	100.0
AP018499.1_LLCC_1449	AP018499.1_LLCC_1449	100.0
AP018499.1_LLCC_1351	AP018499.1_LLCC_1351	100.0
AP018499.1_LLCC_1594	AP018499.1_LLCC_1594	100.0
AP018499.1_LLCC_1089	AP018499.1_LLCC_1089	100.0
AP018499.1_LLCC_2617	AP018499.1_LLCC_2617	100.0
AP018499.1_LLCC_1852	AP018499.1_LLCC_1852	100.0
AP018499.1_LLCC_1825	AP018499.1_LLCC_1825	100.0
AP018499.1_LLCC_1203	AP018499.1_LLCC_1203	100.0
AP018499.1_LLCC_0586	AP018499.1_LLCC_0586	100.0
AP018499.1_LLCC_0404	AP018499.1_LLCC_0404	100.0
AP018499.1_LLCC_1580	AP018499.1_LLCC_1580	100.0
AP018499.1_LLCC_2509	AP018499.1_LLCC_2509	100.0
AP018499.1_LLCC_0982	AP018499.1_LLCC_0982	100.0
AP018499.1_LLCC_2144	AP018499.1_LLCC_2144	100.0
AP018499.1_LLCC_1228	AP018499.1_LLCC_1228	100.0
AP018499.1_LLCC_2022	AP018499.1_LLCC_2022	100.0
AP018499.1_LLCC_2564	AP018499.1_LLCC_2564	100.0
AP018499.1_LLCC_2629	AP018499.1_LLCC_2629	100.0
AP018499.1_LLCC_2241	AP018499.1_LLCC_2241	100.0
AP018499.1_LLCC_1069	AP018499.1_LLCC_1069	100.0
AP018499.1_LLCC_1297	AP018499.1_LLCC_1297	100.0
AP018499.1_LLCC_1951	AP018499.1_LLCC_1951	100.0
AP018499.1_LLCC_0779	AP018499.1_LLCC_0779	100.0
AP018499.1_LLCC_1479	AP018499.1_LLCC_1479	100.0
AP018499.1_LLCC_1561	AP018499.1_LLCC_1561	100.0
AP018499.1_LLCC_1876	AP018499.1_LLCC_1876	100.0
AP018499.1_LLCC_0995	AP018499.1_LLCC_0995	100.0
AP018499.1_LLCC_1036	AP018499.1_LLCC_1036	100.0
AP018499.1_LLCC_1890	AP018499.1_LLCC_1890	100.0
AP018499.1_LLCC_1521	AP018499.1_LLCC_1521	100.0
AP018499.1_LLCC_0080	AP018499.1_LLCC_0080	100.0
AP018499.1_LLCC_0628	AP018499.1_LLCC_0628	100.0
AP018499.1_LLCC_1048	AP018499.1_LLCC_1048	100.0
AP018499.1_LLCC_0963	AP018499.1_LLCC_0963	100.0
AP018499.1_LLCC_0584	AP018499.1_LLCC_0584	100.0
AP018499.1_LLCC_1212	AP018499.1_LLCC_1212	100.0
AP018499.1_LLCC_1585	AP018499.1_LLCC_1585	100.0
AP018499.1_LLCC_1729	AP018499.1_LLCC_1729	100.0
AP018499.1_LLCC_0115	AP018499.1_LLCC_0115	100.0
AP018499.1_LLCC_1737	AP018499.1_LLCC_1737	100.0
AP018499.1_LLCC_0534	AP018499.1_LLCC_0534	100.0
AP018499.1_LLCC_0850	AP018499.1_LLCC_0850	100.0
AP018499.1_LLCC_2164	AP018499.1_LLCC_2164	100.0
AP018499.1_LLCC_1559	AP018499.1_LLCC_1559	100.0
AP018499.1_LLCC_0696	AP018499.1_LLCC_0696	100.0
AP018499.1_LLCC_1105	AP018499.1_LLCC_1105	100.0
AP018499.1_LLCC_2255	AP018499.1_LLCC_2255	100.0
AP018499.1_LLCC_2003	AP018499.1_LLCC_2003	100.0
AP018499.1_LLCC_0742	AP018499.1_LLCC_0742	100.0
AP018499.1_LLCC_1257	AP018499.1_LLCC_1257	100.0
AP018499.1_LLCC_0397	AP018499.1_LLCC_0397	100.0
AP018499.1_LLCC_1538	AP018499.1_LLCC_1538	100.0
AP018499.1_LLCC_2127	AP018499.1_LLCC_2127	100.0
AP018499.1_LLCC_1619	AP018499.1_LLCC_1619	100.0
AP018499.1_LLCC_0641	AP018499.1_LLCC_0641	100.0
AP018499.1_LLCC_0292	AP018499.1_LLCC_0292	100.0
AP018499.1_LLCC_1940	AP018499.1_LLCC_1940	100.0
AP018499.1_LLCC_0987	AP018499.1_LLCC_0987	100.0
AP018499.1_LLCC_1523	AP018499.1_LLCC_1523	100.0
AP018499.1_LLCC_2372	AP018499.1_LLCC_2372	100.0
AP018499.1_LLCC_1275	AP018499.1_LLCC_1275	100.0
AP018499.1_LLCC_1824	AP018499.1_LLCC_1824	100.0
AP018499.1_LLCC_1789	AP018499.1_LLCC_1789	100.0
AP018499.1_LLCC_0309	AP018499.1_LLCC_0309	100.0
AP018499.1_LLCC_1828	AP018499.1_LLCC_1828	100.0
AP018499.1_LLCC_2373	AP018499.1_LLCC_2373	100.0
AP018499.1_LLCC_2227	AP018499.1_LLCC_2227	100.0
AP018499.1_LLCC_2634	AP018499.1_LLCC_2634	100.0
AP018499.1_LLCC_1511	AP018499.1_LLCC_1511	100.0
AP018499.1_LLCC_1429	AP018499.1_LLCC_1429	100.0
AP018499.1_LLCC_0789	AP018499.1_LLCC_0789	100.0
AP018499.1_LLCC_0743	AP018499.1_LLCC_0743	100.0
AP018499.1_LLCC_0049	AP018499.1_LLCC_0049	100.0
AP018499.1_LLCC_2454	AP018499.1_LLCC_2454	100.0
AP018499.1_LLCC_1095	AP018499.1_LLCC_1095	100.0
AP018499.1_LLCC_0464	AP018499.1_LLCC_0464	100.0
AP018499.1_LLCC_1733	AP018499.1_LLCC_1733	100.0
AP018499.1_LLCC_0183	AP018499.1_LLCC_0183	100.0
AP018499.1_LLCC_0823	AP018499.1_LLCC_0823	100.0
AP018499.1_LLCC_0918	AP018499.1_LLCC_0918	100.0
AP018499.1_LLCC_1966	AP018499.1_LLCC_1966	100.0
AP018499.1_LLCC_0860	AP018499.1_LLCC_0860	100.0
AP018499.1_LLCC_0649	AP018499.1_LLCC_0649	100.0
AP018499.1_LLCC_0440	AP018499.1_LLCC_0440	100.0
AP018499.1_LLCC_1414	AP018499.1_LLCC_1414	100.0
AP018499.1_LLCC_1508	AP018499.1_LLCC_1508	100.0
AP018499.1_LLCC_1321	AP018499.1_LLCC_1321	100.0
AP018499.1_LLCC_1997	AP018499.1_LLCC_1997	100.0
AP018499.1_LLCC_0920	AP018499.1_LLCC_0920	100.0
AP018499.1_LLCC_2170	AP018499.1_LLCC_2170	100.0
AP018499.1_LLCC_0577	AP018499.1_LLCC_0577	100.0
AP018499.1_LLCC_1369	AP018499.1_LLCC_1369	100.0
AP018499.1_LLCC_2009	AP018499.1_LLCC_2009	100.0
AP018499.1_LLCC_1717	AP018499.1_LLCC_1717	100.0
AP018499.1_LLCC_2402	AP018499.1_LLCC_2402	100.0
AP018499.1_LLCC_0230	AP018499.1_LLCC_0230	100.0
AP018499.1_LLCC_0157	AP018499.1_LLCC_0157	100.0
AP018499.1_LLCC_2448	AP018499.1_LLCC_2448	100.0
AP018499.1_LLCC_0723	AP018499.1_LLCC_0723	100.0
AP018499.1_LLCC_2228	AP018499.1_LLCC_2228	100.0
AP018499.1_LLCC_1391	AP018499.1_LLCC_1391	100.0
AP018499.1_LLCC_2023	AP018499.1_LLCC_2023	100.0
AP018499.1_LLCC_2495	AP018499.1_LLCC_2495	100.0
AP018499.1_LLCC_0363	AP018499.1_LLCC_0363	100.0
AP018499.1_LLCC_0643	AP018499.1_LLCC_0643	100.0
AP018499.1_LLCC_1556	AP018499.1_LLCC_1556	100.0
AP018499.1_LLCC_2498	AP018499.1_LLCC_2498	100.0
AP018499.1_LLCC_1331	AP018499.1_LLCC_1331	100.0
AP018499.1_LLCC_0531	AP018499.1_LLCC_0531	100.0
AP018499.1_LLCC_1984	AP018499.1_LLCC_1984	100.0
AP018499.1_LLCC_1754	AP018499.1_LLCC_1754	100.0
AP018499.1_LLCC_2585	AP018499.1_LLCC_2585	100.0
AP018499.1_LLCC_2259	AP018499.1_LLCC_2259	100.0
AP018499.1_LLCC_1746	AP018499.1_LLCC_1746	100.0
AP018499.1_LLCC_0520	AP018499.1_LLCC_0520	100.0
AP018499.1_LLCC_0764	AP018499.1_LLCC_0764	100.0
AP018499.1_LLCC_0132	AP018499.1_LLCC_0132	100.0
AP018499.1_LLCC_0726	AP018499.1_LLCC_0726	100.0
AP018499.1_LLCC_0755	AP018499.1_LLCC_0755	100.0
AP018499.1_LLCC_0538	AP018499.1_LLCC_0538	100.0
AP018499.1_LLCC_2528	AP018499.1_LLCC_2528	100.0
AP018499.1_LLCC_1903	AP018499.1_LLCC_1903	100.0
AP018499.1_LLCC_2600	AP018499.1_LLCC_2600	100.0
AP018499.1_LLCC_1352	AP018499.1_LLCC_1352	100.0
AP018499.1_LLCC_0318	AP018499.1_LLCC_0318	100.0
AP018499.1_LLCC_2378	AP018499.1_LLCC_2378	100.0
AP018499.1_LLCC_2551	AP018499.1_LLCC_2551	100.0
AP018499.1_LLCC_0640	AP018499.1_LLCC_0640	100.0
AP018499.1_LLCC_0288	AP018499.1_LLCC_0288	100.0
AP018499.1_LLCC_0051	AP018499.1_LLCC_0051	100.0
AP018499.1_LLCC_0898	AP018499.1_LLCC_0898	100.0
AP018499.1_LLCC_1857	AP018499.1_LLCC_1857	100.0
AP018499.1_LLCC_1775	AP018499.1_LLCC_1775	100.0
AP018499.1_LLCC_0411	AP018499.1_LLCC_0411	100.0
AP018499.1_LLCC_1188	AP018499.1_LLCC_1188	100.0
AP018499.1_LLCC_0120	AP018499.1_LLCC_0120	100.0
AP018499.1_LLCC_2314	AP018499.1_LLCC_2314	100.0
AP018499.1_LLCC_1629	AP018499.1_LLCC_1629	100.0
AP018499.1_LLCC_0412	AP018499.1_LLCC_0412	100.0
AP018499.1_LLCC_0040	AP018499.1_LLCC_0040	100.0
AP018499.1_LLCC_0131	AP018499.1_LLCC_0131	100.0
AP018499.1_LLCC_0721	AP018499.1_LLCC_0721	100.0
AP018499.1_LLCC_1935	AP018499.1_LLCC_1935	100.0
AP018499.1_LLCC_0665	AP018499.1_LLCC_0665	100.0
AP018499.1_LLCC_2165	AP018499.1_LLCC_2165	100.0
AP018499.1_LLCC_0953	AP018499.1_LLCC_0953	100.0
AP018499.1_LLCC_0830	AP018499.1_LLCC_0830	100.0
AP018499.1_LLCC_1412	AP018499.1_LLCC_1412	100.0
AP018499.1_LLCC_0231	AP018499.1_LLCC_0231	100.0
AP018499.1_LLCC_2565	AP018499.1_LLCC_2565	100.0
AP018499.1_LLCC_0361	AP018499.1_LLCC_0361	100.0
AP018499.1_LLCC_2582	AP018499.1_LLCC_2582	100.0
AP018499.1_LLCC_0474	AP018499.1_LLCC_0474	100.0
AP018499.1_LLCC_2266	AP018499.1_LLCC_2266	100.0
AP018499.1_LLCC_1151	AP018499.1_LLCC_1151	100.0
AP018499.1_LLCC_2224	AP018499.1_LLCC_2224	100.0
AP018499.1_LLCC_0927	AP018499.1_LLCC_0927	100.0
AP018499.1_LLCC_2437	AP018499.1_LLCC_2437	100.0
AP018499.1_LLCC_2011	AP018499.1_LLCC_2011	100.0
AP018499.1_LLCC_2456	AP018499.1_LLCC_2456	100.0
AP018499.1_LLCC_0882	AP018499.1_LLCC_0882	100.0
AP018499.1_LLCC_2418	AP018499.1_LLCC_2418	100.0
AP018499.1_LLCC_1640	AP018499.1_LLCC_1640	100.0
AP018499.1_LLCC_0104	AP018499.1_LLCC_0104	100.0
AP018499.1_LLCC_1911	AP018499.1_LLCC_1911	100.0
AP018499.1_LLCC_1765	AP018499.1_LLCC_1765	100.0
AP018499.1_LLCC_1668	AP018499.1_LLCC_1668	100.0
AP018499.1_LLCC_1537	AP018499.1_LLCC_1537	100.0
AP018499.1_LLCC_1476	AP018499.1_LLCC_1476	100.0
AP018499.1_LLCC_1972	AP018499.1_LLCC_1972	100.0
AP018499.1_LLCC_0461	AP018499.1_LLCC_0461	100.0
AP018499.1_LLCC_1454	AP018499.1_LLCC_1454	100.0
AP018499.1_LLCC_0740	AP018499.1_LLCC_0740	100.0
AP018499.1_LLCC_1767	AP018499.1_LLCC_1767	100.0
AP018499.1_LLCC_1019	AP018499.1_LLCC_1019	100.0
AP018499.1_LLCC_1816	AP018499.1_LLCC_1816	100.0
AP018499.1_LLCC_2141	AP018499.1_LLCC_2141	100.0
AP018499.1_LLCC_1780	AP018499.1_LLCC_1780	100.0
AP018499.1_LLCC_1931	AP018499.1_LLCC_1931	100.0
AP018499.1_LLCC_1620	AP018499.1_LLCC_1620	100.0
AP018499.1_LLCC_1922	AP018499.1_LLCC_1922	100.0
AP018499.1_LLCC_2151	AP018499.1_LLCC_2151	100.0
AP018499.1_LLCC_2580	AP018499.1_LLCC_2580	100.0
AP018499.1_LLCC_1929	AP018499.1_LLCC_1929	100.0
AP018499.1_LLCC_1169	AP018499.1_LLCC_1169	100.0
AP018499.1_LLCC_0209	AP018499.1_LLCC_0209	100.0
AP018499.1_LLCC_0631	AP018499.1_LLCC_0631	100.0
AP018499.1_LLCC_1227	AP018499.1_LLCC_1227	100.0
AP018499.1_LLCC_0690	AP018499.1_LLCC_0690	100.0
AP018499.1_LLCC_0644	AP018499.1_LLCC_0644	100.0
AP018499.1_LLCC_1008	AP018499.1_LLCC_1008	100.0
AP018499.1_LLCC_0759	AP018499.1_LLCC_0759	100.0
AP018499.1_LLCC_2179	AP018499.1_LLCC_2179	100.0
AP018499.1_LLCC_1018	AP018499.1_LLCC_1018	100.0
AP018499.1_LLCC_0900	AP018499.1_LLCC_0900	100.0
AP018499.1_LLCC_1993	AP018499.1_LLCC_1993	100.0
AP018499.1_LLCC_1531	AP018499.1_LLCC_1531	100.0
AP018499.1_LLCC_2384	AP018499.1_LLCC_2384	100.0
AP018499.1_LLCC_1261	AP018499.1_LLCC_1261	100.0
AP018499.1_LLCC_2334	AP018499.1_LLCC_2334	100.0
AP018499.1_LLCC_1989	AP018499.1_LLCC_1989	100.0
AP018499.1_LLCC_1304	AP018499.1_LLCC_1304	100.0
AP018499.1_LLCC_0598	AP018499.1_LLCC_0598	100.0
AP018499.1_LLCC_1241	AP018499.1_LLCC_1241	100.0
AP018499.1_LLCC_0485	AP018499.1_LLCC_0485	100.0
AP018499.1_LLCC_1875	AP018499.1_LLCC_1875	100.0
AP018499.1_LLCC_0345	AP018499.1_LLCC_0345	100.0
AP018499.1_LLCC_2154	AP018499.1_LLCC_2154	100.0
AP018499.1_LLCC_2197	AP018499.1_LLCC_2197	100.0
AP018499.1_LLCC_1009	AP018499.1_LLCC_1009	100.0
AP018499.1_LLCC_2313	AP018499.1_LLCC_2313	100.0
AP018499.1_LLCC_1004	AP018499.1_LLCC_1004	100.0
AP018499.1_LLCC_0855	AP018499.1_LLCC_0855	100.0
AP018499.1_LLCC_1937	AP018499.1_LLCC_1937	100.0
AP018499.1_LLCC_0842	AP018499.1_LLCC_0842	100.0
AP018499.1_LLCC_1084	AP018499.1_LLCC_1084	100.0
AP018499.1_LLCC_2641	AP018499.1_LLCC_2641	100.0
AP018499.1_LLCC_2148	AP018499.1_LLCC_2148	100.0
AP018499.1_LLCC_1551	AP018499.1_LLCC_1551	100.0
AP018499.1_LLCC_0425	AP018499.1_LLCC_0425	100.0
AP018499.1_LLCC_1168	AP018499.1_LLCC_1168	100.0
AP018499.1_LLCC_1293	AP018499.1_LLCC_1293	100.0
AP018499.1_LLCC_2445	AP018499.1_LLCC_2445	100.0
AP018499.1_LLCC_1365	AP018499.1_LLCC_1365	100.0
AP018499.1_LLCC_0121	AP018499.1_LLCC_0121	100.0
AP018499.1_LLCC_0571	AP018499.1_LLCC_0571	100.0
AP018499.1_LLCC_1611	AP018499.1_LLCC_1611	100.0
AP018499.1_LLCC_1243	AP018499.1_LLCC_1243	100.0
AP018499.1_LLCC_1200	AP018499.1_LLCC_1200	100.0
AP018499.1_LLCC_1843	AP018499.1_LLCC_1843	100.0
AP018499.1_LLCC_0416	AP018499.1_LLCC_0416	100.0
AP018499.1_LLCC_1627	AP018499.1_LLCC_1627	100.0
AP018499.1_LLCC_0761	AP018499.1_LLCC_0761	100.0
AP018499.1_LLCC_0969	AP018499.1_LLCC_0969	100.0
AP018499.1_LLCC_0709	AP018499.1_LLCC_0709	100.0
AP018499.1_LLCC_0148	AP018499.1_LLCC_0148	100.0
AP018499.1_LLCC_2198	AP018499.1_LLCC_2198	100.0
AP018499.1_LLCC_0150	AP018499.1_LLCC_0150	100.0
AP018499.1_LLCC_0480	AP018499.1_LLCC_0480	100.0
AP018499.1_LLCC_2175	AP018499.1_LLCC_2175	100.0
AP018499.1_LLCC_0885	AP018499.1_LLCC_0885	100.0
AP018499.1_LLCC_1110	AP018499.1_LLCC_1110	100.0
AP018499.1_LLCC_1590	AP018499.1_LLCC_1590	100.0
AP018499.1_LLCC_0352	AP018499.1_LLCC_0352	100.0
AP018499.1_LLCC_2502	AP018499.1_LLCC_2502	100.0
AP018499.1_LLCC_2300	AP018499.1_LLCC_2300	100.0
AP018499.1_LLCC_0368	AP018499.1_LLCC_0368	100.0
AP018499.1_LLCC_2368	AP018499.1_LLCC_2368	100.0
AP018499.1_LLCC_2436	AP018499.1_LLCC_2436	100.0
AP018499.1_LLCC_2357	AP018499.1_LLCC_2357	100.0
AP018499.1_LLCC_0062	AP018499.1_LLCC_0062	100.0
AP018499.1_LLCC_2307	AP018499.1_LLCC_2307	100.0
AP018499.1_LLCC_0260	AP018499.1_LLCC_0260	100.0
AP018499.1_LLCC_1296	AP018499.1_LLCC_1296	100.0
AP018499.1_LLCC_2079	AP018499.1_LLCC_2079	100.0
AP018499.1_LLCC_0793	AP018499.1_LLCC_0793	100.0
AP018499.1_LLCC_2097	AP018499.1_LLCC_2097	100.0
AP018499.1_LLCC_2213	AP018499.1_LLCC_2213	100.0
AP018499.1_LLCC_2028	AP018499.1_LLCC_2028	100.0
AP018499.1_LLCC_2066	AP018499.1_LLCC_2066	100.0
AP018499.1_LLCC_0960	AP018499.1_LLCC_0960	100.0
AP018499.1_LLCC_2490	AP018499.1_LLCC_2490	100.0
AP018499.1_LLCC_1250	AP018499.1_LLCC_1250	100.0
AP018499.1_LLCC_2465	AP018499.1_LLCC_2465	100.0
AP018499.1_LLCC_0137	AP018499.1_LLCC_0137	100.0
AP018499.1_LLCC_0344	AP018499.1_LLCC_0344	100.0
AP018499.1_LLCC_2042	AP018499.1_LLCC_2042	100.0
AP018499.1_LLCC_1566	AP018499.1_LLCC_1566	100.0
AP018499.1_LLCC_2455	AP018499.1_LLCC_2455	100.0
AP018499.1_LLCC_1954	AP018499.1_LLCC_1954	100.0
AP018499.1_LLCC_0478	AP018499.1_LLCC_0478	100.0
AP018499.1_LLCC_2597	AP018499.1_LLCC_2597	100.0
AP018499.1_LLCC_1327	AP018499.1_LLCC_1327	100.0
AP018499.1_LLCC_2404	AP018499.1_LLCC_2404	100.0
AP018499.1_LLCC_1282	AP018499.1_LLCC_1282	100.0
AP018499.1_LLCC_0994	AP018499.1_LLCC_0994	100.0
AP018499.1_LLCC_1322	AP018499.1_LLCC_1322	100.0
AP018499.1_LLCC_2076	AP018499.1_LLCC_2076	100.0
AP018499.1_LLCC_1017	AP018499.1_LLCC_1017	100.0
AP018499.1_LLCC_0781	AP018499.1_LLCC_0781	100.0
AP018499.1_LLCC_1644	AP018499.1_LLCC_1644	100.0
AP018499.1_LLCC_1284	AP018499.1_LLCC_1284	100.0
AP018499.1_LLCC_0408	AP018499.1_LLCC_0408	100.0
AP018499.1_LLCC_1465	AP018499.1_LLCC_1465	100.0
AP018499.1_LLCC_2423	AP018499.1_LLCC_2423	100.0
AP018499.1_LLCC_2596	AP018499.1_LLCC_2596	100.0
AP018499.1_LLCC_0560	AP018499.1_LLCC_0560	100.0
AP018499.1_LLCC_2537	AP018499.1_LLCC_2537	100.0
AP018499.1_LLCC_1569	AP018499.1_LLCC_1569	100.0
AP018499.1_LLCC_1139	AP018499.1_LLCC_1139	100.0
AP018499.1_LLCC_1487	AP018499.1_LLCC_1487	100.0
AP018499.1_LLCC_1118	AP018499.1_LLCC_1118	100.0
AP018499.1_LLCC_0277	AP018499.1_LLCC_0277	100.0
AP018499.1_LLCC_0765	AP018499.1_LLCC_0765	100.0
AP018499.1_LLCC_2554	AP018499.1_LLCC_2554	100.0
AP018499.1_LLCC_1934	AP018499.1_LLCC_1934	100.0
AP018499.1_LLCC_1413	AP018499.1_LLCC_1413	100.0
AP018499.1_LLCC_1320	AP018499.1_LLCC_1320	100.0
AP018499.1_LLCC_0914	AP018499.1_LLCC_0914	100.0
AP018499.1_LLCC_1172	AP018499.1_LLCC_1172	100.0
AP018499.1_LLCC_0374	AP018499.1_LLCC_0374	100.0
AP018499.1_LLCC_1918	AP018499.1_LLCC_1918	100.0
AP018499.1_LLCC_2316	AP018499.1_LLCC_2316	100.0
AP018499.1_LLCC_1855	AP018499.1_LLCC_1855	100.0
AP018499.1_LLCC_0430	AP018499.1_LLCC_0430	100.0
AP018499.1_LLCC_0928	AP018499.1_LLCC_0928	100.0
AP018499.1_LLCC_1041	AP018499.1_LLCC_1041	100.0
AP018499.1_LLCC_1092	AP018499.1_LLCC_1092	100.0
AP018499.1_LLCC_0955	AP018499.1_LLCC_0955	100.0
AP018499.1_LLCC_0853	AP018499.1_LLCC_0853	100.0
AP018499.1_LLCC_2451	AP018499.1_LLCC_2451	100.0
AP018499.1_LLCC_1973	AP018499.1_LLCC_1973	100.0
AP018499.1_LLCC_1448	AP018499.1_LLCC_1448	100.0
AP018499.1_LLCC_1124	AP018499.1_LLCC_1124	100.0
AP018499.1_LLCC_1755	AP018499.1_LLCC_1755	100.0
AP018499.1_LLCC_1101	AP018499.1_LLCC_1101	100.0
AP018499.1_LLCC_0597	AP018499.1_LLCC_0597	100.0
AP018499.1_LLCC_1133	AP018499.1_LLCC_1133	100.0
AP018499.1_LLCC_1074	AP018499.1_LLCC_1074	100.0
AP018499.1_LLCC_1371	AP018499.1_LLCC_1371	100.0
AP018499.1_LLCC_1888	AP018499.1_LLCC_1888	100.0
AP018499.1_LLCC_1892	AP018499.1_LLCC_1892	100.0
AP018499.1_LLCC_1762	AP018499.1_LLCC_1762	100.0
AP018499.1_LLCC_1786	AP018499.1_LLCC_1786	100.0
AP018499.1_LLCC_1001	AP018499.1_LLCC_1001	100.0
AP018499.1_LLCC_0907	AP018499.1_LLCC_0907	100.0
AP018499.1_LLCC_1509	AP018499.1_LLCC_1509	100.0
AP018499.1_LLCC_1726	AP018499.1_LLCC_1726	100.0
AP018499.1_LLCC_2620	AP018499.1_LLCC_2620	100.0
AP018499.1_LLCC_1287	AP018499.1_LLCC_1287	100.0
AP018499.1_LLCC_0370	AP018499.1_LLCC_0370	100.0
AP018499.1_LLCC_1595	AP018499.1_LLCC_1595	100.0
AP018499.1_LLCC_0124	AP018499.1_LLCC_0124	100.0
AP018499.1_LLCC_2462	AP018499.1_LLCC_2462	100.0
AP018499.1_LLCC_1108	AP018499.1_LLCC_1108	100.0
AP018499.1_LLCC_0576	AP018499.1_LLCC_0576	100.0
AP018499.1_LLCC_1516	AP018499.1_LLCC_1516	100.0
AP018499.1_LLCC_2081	AP018499.1_LLCC_2081	100.0
AP018499.1_LLCC_1468	AP018499.1_LLCC_1468	100.0
AP018499.1_LLCC_1295	AP018499.1_LLCC_1295	100.0
AP018499.1_LLCC_0884	AP018499.1_LLCC_0884	100.0
AP018499.1_LLCC_1197	AP018499.1_LLCC_1197	100.0
AP018499.1_LLCC_2168	AP018499.1_LLCC_2168	100.0
AP018499.1_LLCC_1515	AP018499.1_LLCC_1515	100.0
AP018499.1_LLCC_2108	AP018499.1_LLCC_2108	100.0
AP018499.1_LLCC_2458	AP018499.1_LLCC_2458	100.0
AP018499.1_LLCC_0841	AP018499.1_LLCC_0841	100.0
AP018499.1_LLCC_2449	AP018499.1_LLCC_2449	100.0
AP018499.1_LLCC_0382	AP018499.1_LLCC_0382	100.0
AP018499.1_LLCC_2190	AP018499.1_LLCC_2190	100.0
AP018499.1_LLCC_2261	AP018499.1_LLCC_2261	100.0
AP018499.1_LLCC_1370	AP018499.1_LLCC_1370	100.0
AP018499.1_LLCC_1849	AP018499.1_LLCC_1849	100.0
AP018499.1_LLCC_2606	AP018499.1_LLCC_2606	100.0
AP018499.1_LLCC_1285	AP018499.1_LLCC_1285	100.0
AP018499.1_LLCC_2058	AP018499.1_LLCC_2058	100.0
AP018499.1_LLCC_2180	AP018499.1_LLCC_2180	100.0
AP018499.1_LLCC_0993	AP018499.1_LLCC_0993	100.0
AP018499.1_LLCC_0332	AP018499.1_LLCC_0332	100.0
AP018499.1_LLCC_1475	AP018499.1_LLCC_1475	100.0
AP018499.1_LLCC_1661	AP018499.1_LLCC_1661	100.0
AP018499.1_LLCC_1191	AP018499.1_LLCC_1191	100.0
AP018499.1_LLCC_0970	AP018499.1_LLCC_0970	100.0
AP018499.1_LLCC_1160	AP018499.1_LLCC_1160	100.0
AP018499.1_LLCC_2196	AP018499.1_LLCC_2196	100.0
AP018499.1_LLCC_1535	AP018499.1_LLCC_1535	100.0
AP018499.1_LLCC_1459	AP018499.1_LLCC_1459	100.0
AP018499.1_LLCC_2315	AP018499.1_LLCC_2315	100.0
AP018499.1_LLCC_1957	AP018499.1_LLCC_1957	100.0
AP018499.1_LLCC_2421	AP018499.1_LLCC_2421	100.0
AP018499.1_LLCC_2187	AP018499.1_LLCC_2187	100.0
AP018499.1_LLCC_0252	AP018499.1_LLCC_0252	100.0
AP018499.1_LLCC_1795	AP018499.1_LLCC_1795	100.0
AP018499.1_LLCC_0707	AP018499.1_LLCC_0707	100.0
AP018499.1_LLCC_2116	AP018499.1_LLCC_2116	100.0
AP018499.1_LLCC_1563	AP018499.1_LLCC_1563	100.0
AP018499.1_LLCC_2166	AP018499.1_LLCC_2166	100.0
AP018499.1_LLCC_0383	AP018499.1_LLCC_0383	100.0
AP018499.1_LLCC_0173	AP018499.1_LLCC_0173	100.0
AP018499.1_LLCC_2292	AP018499.1_LLCC_2292	100.0
AP018499.1_LLCC_2295	AP018499.1_LLCC_2295	100.0
AP018499.1_LLCC_0339	AP018499.1_LLCC_0339	100.0
AP018499.1_LLCC_0161	AP018499.1_LLCC_0161	100.0
AP018499.1_LLCC_0647	AP018499.1_LLCC_0647	100.0
AP018499.1_LLCC_1788	AP018499.1_LLCC_1788	100.0
AP018499.1_LLCC_0239	AP018499.1_LLCC_0239	100.0
AP018499.1_LLCC_1815	AP018499.1_LLCC_1815	100.0
AP018499.1_LLCC_1720	AP018499.1_LLCC_1720	100.0
AP018499.1_LLCC_1757	AP018499.1_LLCC_1757	100.0
AP018499.1_LLCC_0025	AP018499.1_LLCC_0025	100.0
AP018499.1_LLCC_0156	AP018499.1_LLCC_0156	100.0
AP018499.1_LLCC_2371	AP018499.1_LLCC_2371	100.0
AP018499.1_LLCC_1742	AP018499.1_LLCC_1742	100.0
AP018499.1_LLCC_2243	AP018499.1_LLCC_2243	100.0
AP018499.1_LLCC_0832	AP018499.1_LLCC_0832	100.0
AP018499.1_LLCC_2152	AP018499.1_LLCC_2152	100.0
AP018499.1_LLCC_1170	AP018499.1_LLCC_1170	100.0
AP018499.1_LLCC_1043	AP018499.1_LLCC_1043	100.0
AP018499.1_LLCC_1065	AP018499.1_LLCC_1065	100.0
AP018499.1_LLCC_2177	AP018499.1_LLCC_2177	100.0
AP018499.1_LLCC_0645	AP018499.1_LLCC_0645	100.0
AP018499.1_LLCC_1736	AP018499.1_LLCC_1736	100.0
AP018499.1_LLCC_1377	AP018499.1_LLCC_1377	100.0
AP018499.1_LLCC_0394	AP018499.1_LLCC_0394	100.0
AP018499.1_LLCC_2049	AP018499.1_LLCC_2049	100.0
AP018499.1_LLCC_1920	AP018499.1_LLCC_1920	100.0
AP018499.1_LLCC_0967	AP018499.1_LLCC_0967	100.0
AP018499.1_LLCC_0528	AP018499.1_LLCC_0528	100.0
AP018499.1_LLCC_1982	AP018499.1_LLCC_1982	100.0
AP018499.1_LLCC_1259	AP018499.1_LLCC_1259	100.0
AP018499.1_LLCC_1305	AP018499.1_LLCC_1305	100.0
AP018499.1_LLCC_0084	AP018499.1_LLCC_0084	100.0
AP018499.1_LLCC_0757	AP018499.1_LLCC_0757	100.0
AP018499.1_LLCC_0547	AP018499.1_LLCC_0547	100.0
AP018499.1_LLCC_1467	AP018499.1_LLCC_1467	100.0
AP018499.1_LLCC_2397	AP018499.1_LLCC_2397	100.0
AP018499.1_LLCC_0434	AP018499.1_LLCC_0434	100.0
AP018499.1_LLCC_0091	AP018499.1_LLCC_0091	100.0
AP018499.1_LLCC_0758	AP018499.1_LLCC_0758	100.0
AP018499.1_LLCC_1458	AP018499.1_LLCC_1458	100.0
AP018499.1_LLCC_0458	AP018499.1_LLCC_0458	100.0
AP018499.1_LLCC_1907	AP018499.1_LLCC_1907	100.0
AP018499.1_LLCC_1338	AP018499.1_LLCC_1338	100.0
AP018499.1_LLCC_0952	AP018499.1_LLCC_0952	100.0
AP018499.1_LLCC_0596	AP018499.1_LLCC_0596	100.0
AP018499.1_LLCC_0096	AP018499.1_LLCC_0096	100.0
AP018499.1_LLCC_2320	AP018499.1_LLCC_2320	100.0
AP018499.1_LLCC_0133	AP018499.1_LLCC_0133	100.0
AP018499.1_LLCC_1507	AP018499.1_LLCC_1507	100.0
AP018499.1_LLCC_2529	AP018499.1_LLCC_2529	100.0
AP018499.1_LLCC_2111	AP018499.1_LLCC_2111	100.0
AP018499.1_LLCC_0901	AP018499.1_LLCC_0901	100.0
AP018499.1_LLCC_0369	AP018499.1_LLCC_0369	100.0
AP018499.1_LLCC_1379	AP018499.1_LLCC_1379	100.0
AP018499.1_LLCC_2532	AP018499.1_LLCC_2532	100.0
AP018499.1_LLCC_1579	AP018499.1_LLCC_1579	100.0
AP018499.1_LLCC_1193	AP018499.1_LLCC_1193	100.0
AP018499.1_LLCC_1115	AP018499.1_LLCC_1115	100.0
AP018499.1_LLCC_1708	AP018499.1_LLCC_1708	100.0
AP018499.1_LLCC_2040	AP018499.1_LLCC_2040	100.0
AP018499.1_LLCC_1853	AP018499.1_LLCC_1853	100.0
AP018499.1_LLCC_1447	AP018499.1_LLCC_1447	100.0
AP018499.1_LLCC_0264	AP018499.1_LLCC_0264	100.0
AP018499.1_LLCC_0945	AP018499.1_LLCC_0945	100.0
AP018499.1_LLCC_1893	AP018499.1_LLCC_1893	100.0
AP018499.1_LLCC_1793	AP018499.1_LLCC_1793	100.0
AP018499.1_LLCC_1229	AP018499.1_LLCC_1229	100.0
AP018499.1_LLCC_0892	AP018499.1_LLCC_0892	100.0
AP018499.1_LLCC_0575	AP018499.1_LLCC_0575	100.0
AP018499.1_LLCC_1753	AP018499.1_LLCC_1753	100.0
AP018499.1_LLCC_1477	AP018499.1_LLCC_1477	100.0
AP018499.1_LLCC_1684	AP018499.1_LLCC_1684	100.0
AP018499.1_LLCC_2594	AP018499.1_LLCC_2594	100.0
AP018499.1_LLCC_2350	AP018499.1_LLCC_2350	100.0
AP018499.1_LLCC_0826	AP018499.1_LLCC_0826	100.0
AP018499.1_LLCC_2096	AP018499.1_LLCC_2096	100.0
AP018499.1_LLCC_1851	AP018499.1_LLCC_1851	100.0
AP018499.1_LLCC_1345	AP018499.1_LLCC_1345	100.0
AP018499.1_LLCC_2010	AP018499.1_LLCC_2010	100.0
AP018499.1_LLCC_0874	AP018499.1_LLCC_0874	100.0
AP018499.1_LLCC_1354	AP018499.1_LLCC_1354	100.0
AP018499.1_LLCC_2595	AP018499.1_LLCC_2595	100.0
AP018499.1_LLCC_1147	AP018499.1_LLCC_1147	100.0
AP018499.1_LLCC_0831	AP018499.1_LLCC_0831	100.0
AP018499.1_LLCC_1818	AP018499.1_LLCC_1818	100.0
AP018499.1_LLCC_1798	AP018499.1_LLCC_1798	100.0
AP018499.1_LLCC_1770	AP018499.1_LLCC_1770	100.0
AP018499.1_LLCC_1023	AP018499.1_LLCC_1023	100.0
AP018499.1_LLCC_1848	AP018499.1_LLCC_1848	100.0
AP018499.1_LLCC_1785	AP018499.1_LLCC_1785	100.0
AP018499.1_LLCC_1813	AP018499.1_LLCC_1813	100.0
AP018499.1_LLCC_0022	AP018499.1_LLCC_0022	100.0
AP018499.1_LLCC_1216	AP018499.1_LLCC_1216	100.0
AP018499.1_LLCC_1359	AP018499.1_LLCC_1359	100.0
AP018499.1_LLCC_2538	AP018499.1_LLCC_2538	100.0
AP018499.1_LLCC_0218	AP018499.1_LLCC_0218	100.0
AP018499.1_LLCC_1207	AP018499.1_LLCC_1207	100.0
AP018499.1_LLCC_0376	AP018499.1_LLCC_0376	100.0
AP018499.1_LLCC_1656	AP018499.1_LLCC_1656	100.0
AP018499.1_LLCC_2130	AP018499.1_LLCC_2130	100.0
AP018499.1_LLCC_0122	AP018499.1_LLCC_0122	100.0
AP018499.1_LLCC_0615	AP018499.1_LLCC_0615	100.0
AP018499.1_LLCC_1049	AP018499.1_LLCC_1049	100.0
AP018499.1_LLCC_1325	AP018499.1_LLCC_1325	100.0
AP018499.1_LLCC_1624	AP018499.1_LLCC_1624	100.0
AP018499.1_LLCC_1894	AP018499.1_LLCC_1894	100.0
AP018499.1_LLCC_1393	AP018499.1_LLCC_1393	100.0
AP018499.1_LLCC_0563	AP018499.1_LLCC_0563	100.0
AP018499.1_LLCC_2598	AP018499.1_LLCC_2598	100.0
AP018499.1_LLCC_0146	AP018499.1_LLCC_0146	100.0
AP018499.1_LLCC_2566	AP018499.1_LLCC_2566	100.0
AP018499.1_LLCC_1706	AP018499.1_LLCC_1706	100.0
AP018499.1_LLCC_2626	AP018499.1_LLCC_2626	100.0
AP018499.1_LLCC_0875	AP018499.1_LLCC_0875	100.0
AP018499.1_LLCC_2530	AP018499.1_LLCC_2530	100.0
AP018499.1_LLCC_2275	AP018499.1_LLCC_2275	100.0
AP018499.1_LLCC_2622	AP018499.1_LLCC_2622	100.0
AP018499.1_LLCC_1167	AP018499.1_LLCC_1167	100.0
AP018499.1_LLCC_1256	AP018499.1_LLCC_1256	100.0
AP018499.1_LLCC_0587	AP018499.1_LLCC_0587	100.0
AP018499.1_LLCC_2369	AP018499.1_LLCC_2369	100.0
AP018499.1_LLCC_0486	AP018499.1_LLCC_0486	100.0
AP018499.1_LLCC_2336	AP018499.1_LLCC_2336	100.0
AP018499.1_LLCC_1914	AP018499.1_LLCC_1914	100.0
AP018499.1_LLCC_1915	AP018499.1_LLCC_1915	100.0
AP018499.1_LLCC_0798	AP018499.1_LLCC_0798	100.0
AP018499.1_LLCC_0050	AP018499.1_LLCC_0050	100.0
AP018499.1_LLCC_1642	AP018499.1_LLCC_1642	100.0
AP018499.1_LLCC_2254	AP018499.1_LLCC_2254	100.0
AP018499.1_LLCC_2581	AP018499.1_LLCC_2581	100.0
AP018499.1_LLCC_0205	AP018499.1_LLCC_0205	100.0
AP018499.1_LLCC_0459	AP018499.1_LLCC_0459	100.0
AP018499.1_LLCC_1246	AP018499.1_LLCC_1246	100.0
AP018499.1_LLCC_1445	AP018499.1_LLCC_1445	100.0
AP018499.1_LLCC_2289	AP018499.1_LLCC_2289	100.0
AP018499.1_LLCC_2343	AP018499.1_LLCC_2343	100.0
AP018499.1_LLCC_2287	AP018499.1_LLCC_2287	100.0
AP018499.1_LLCC_1879	AP018499.1_LLCC_1879	100.0
AP018499.1_LLCC_2027	AP018499.1_LLCC_2027	100.0
AP018499.1_LLCC_2342	AP018499.1_LLCC_2342	100.0
AP018499.1_LLCC_1020	AP018499.1_LLCC_1020	100.0
AP018499.1_LLCC_0550	AP018499.1_LLCC_0550	100.0
AP018499.1_LLCC_0443	AP018499.1_LLCC_0443	100.0
AP018499.1_LLCC_0504	AP018499.1_LLCC_0504	100.0
AP018499.1_LLCC_2414	AP018499.1_LLCC_2414	100.0
AP018499.1_LLCC_0479	AP018499.1_LLCC_0479	100.0
AP018499.1_LLCC_2364	AP018499.1_LLCC_2364	100.0
AP018499.1_LLCC_2139	AP018499.1_LLCC_2139	100.0
AP018499.1_LLCC_2459	AP018499.1_LLCC_2459	100.0
AP018499.1_LLCC_1091	AP018499.1_LLCC_1091	100.0
AP018499.1_LLCC_0763	AP018499.1_LLCC_0763	100.0
AP018499.1_LLCC_0175	AP018499.1_LLCC_0175	100.0
AP018499.1_LLCC_2306	AP018499.1_LLCC_2306	100.0
AP018499.1_LLCC_1456	AP018499.1_LLCC_1456	100.0
AP018499.1_LLCC_1958	AP018499.1_LLCC_1958	100.0
AP018499.1_LLCC_2434	AP018499.1_LLCC_2434	100.0
AP018499.1_LLCC_2121	AP018499.1_LLCC_2121	100.0
AP018499.1_LLCC_1339	AP018499.1_LLCC_1339	100.0
AP018499.1_LLCC_1482	AP018499.1_LLCC_1482	100.0
AP018499.1_LLCC_2621	AP018499.1_LLCC_2621	100.0
AP018499.1_LLCC_1858	AP018499.1_LLCC_1858	100.0
AP018499.1_LLCC_1739	AP018499.1_LLCC_1739	100.0
AP018499.1_LLCC_0386	AP018499.1_LLCC_0386	100.0
AP018499.1_LLCC_0287	AP018499.1_LLCC_0287	100.0
AP018499.1_LLCC_2398	AP018499.1_LLCC_2398	100.0
AP018499.1_LLCC_0294	AP018499.1_LLCC_0294	100.0
AP018499.1_LLCC_1517	AP018499.1_LLCC_1517	100.0
AP018499.1_LLCC_1641	AP018499.1_LLCC_1641	100.0
AP018499.1_LLCC_0657	AP018499.1_LLCC_0657	100.0
AP018499.1_LLCC_2217	AP018499.1_LLCC_2217	100.0
AP018499.1_LLCC_0895	AP018499.1_LLCC_0895	100.0
AP018499.1_LLCC_0098	AP018499.1_LLCC_0098	100.0
AP018499.1_LLCC_1471	AP018499.1_LLCC_1471	100.0
AP018499.1_LLCC_1908	AP018499.1_LLCC_1908	100.0
AP018499.1_LLCC_2512	AP018499.1_LLCC_2512	100.0
AP018499.1_LLCC_1939	AP018499.1_LLCC_1939	100.0
AP018499.1_LLCC_2202	AP018499.1_LLCC_2202	100.0
AP018499.1_LLCC_1024	AP018499.1_LLCC_1024	100.0
AP018499.1_LLCC_0630	AP018499.1_LLCC_0630	100.0
AP018499.1_LLCC_1097	AP018499.1_LLCC_1097	100.0
AP018499.1_LLCC_0242	AP018499.1_LLCC_0242	100.0
AP018499.1_LLCC_0360	AP018499.1_LLCC_0360	100.0
AP018499.1_LLCC_0956	AP018499.1_LLCC_0956	100.0
AP018499.1_LLCC_1525	AP018499.1_LLCC_1525	100.0
AP018499.1_LLCC_1638	AP018499.1_LLCC_1638	100.0
AP018499.1_LLCC_0418	AP018499.1_LLCC_0418	100.0
AP018499.1_LLCC_0184	AP018499.1_LLCC_0184	100.0
AP018499.1_LLCC_0754	AP018499.1_LLCC_0754	100.0
AP018499.1_LLCC_0876	AP018499.1_LLCC_0876	100.0
AP018499.1_LLCC_0127	AP018499.1_LLCC_0127	100.0
AP018499.1_LLCC_2016	AP018499.1_LLCC_2016	100.0
AP018499.1_LLCC_2323	AP018499.1_LLCC_2323	100.0
AP018499.1_LLCC_0562	AP018499.1_LLCC_0562	100.0
AP018499.1_LLCC_1279	AP018499.1_LLCC_1279	100.0
AP018499.1_LLCC_2059	AP018499.1_LLCC_2059	100.0
AP018499.1_LLCC_1360	AP018499.1_LLCC_1360	100.0
AP018499.1_LLCC_1871	AP018499.1_LLCC_1871	100.0
AP018499.1_LLCC_0864	AP018499.1_LLCC_0864	100.0
AP018499.1_LLCC_0101	AP018499.1_LLCC_0101	100.0
AP018499.1_LLCC_2457	AP018499.1_LLCC_2457	100.0
AP018499.1_LLCC_0934	AP018499.1_LLCC_0934	100.0
AP018499.1_LLCC_0529	AP018499.1_LLCC_0529	100.0
AP018499.1_LLCC_1797	AP018499.1_LLCC_1797	100.0
AP018499.1_LLCC_1928	AP018499.1_LLCC_1928	100.0
AP018499.1_LLCC_2169	AP018499.1_LLCC_2169	100.0
AP018499.1_LLCC_2406	AP018499.1_LLCC_2406	100.0
AP018499.1_LLCC_0053	AP018499.1_LLCC_0053	100.0
AP018499.1_LLCC_0722	AP018499.1_LLCC_0722	100.0
AP018499.1_LLCC_2515	AP018499.1_LLCC_2515	100.0
AP018499.1_LLCC_1240	AP018499.1_LLCC_1240	100.0
AP018499.1_LLCC_0314	AP018499.1_LLCC_0314	100.0
AP018499.1_LLCC_1943	AP018499.1_LLCC_1943	100.0
AP018499.1_LLCC_0365	AP018499.1_LLCC_0365	100.0
AP018499.1_LLCC_1998	AP018499.1_LLCC_1998	100.0
AP018499.1_LLCC_0623	AP018499.1_LLCC_0623	100.0
AP018499.1_LLCC_0079	AP018499.1_LLCC_0079	100.0
AP018499.1_LLCC_1038	AP018499.1_LLCC_1038	100.0
AP018499.1_LLCC_0243	AP018499.1_LLCC_0243	100.0
AP018499.1_LLCC_2054	AP018499.1_LLCC_2054	100.0
AP018499.1_LLCC_1129	AP018499.1_LLCC_1129	100.0
AP018499.1_LLCC_2409	AP018499.1_LLCC_2409	100.0
AP018499.1_LLCC_0770	AP018499.1_LLCC_0770	100.0
AP018499.1_LLCC_2029	AP018499.1_LLCC_2029	100.0
AP018499.1_LLCC_0519	AP018499.1_LLCC_0519	100.0
AP018499.1_LLCC_1311	AP018499.1_LLCC_1311	100.0
AP018499.1_LLCC_1159	AP018499.1_LLCC_1159	100.0
AP018499.1_LLCC_0340	AP018499.1_LLCC_0340	100.0
AP018499.1_LLCC_1704	AP018499.1_LLCC_1704	100.0
AP018499.1_LLCC_2444	AP018499.1_LLCC_2444	100.0
AP018499.1_LLCC_0453	AP018499.1_LLCC_0453	100.0
AP018499.1_LLCC_1874	AP018499.1_LLCC_1874	100.0
AP018499.1_LLCC_0954	AP018499.1_LLCC_0954	100.0
AP018499.1_LLCC_0177	AP018499.1_LLCC_0177	100.0
AP018499.1_LLCC_0787	AP018499.1_LLCC_0787	100.0
AP018499.1_LLCC_1109	AP018499.1_LLCC_1109	100.0
AP018499.1_LLCC_2047	AP018499.1_LLCC_2047	100.0
AP018499.1_LLCC_1299	AP018499.1_LLCC_1299	100.0
AP018499.1_LLCC_1970	AP018499.1_LLCC_1970	100.0
AP018499.1_LLCC_2053	AP018499.1_LLCC_2053	100.0
AP018499.1_LLCC_1900	AP018499.1_LLCC_1900	100.0
AP018499.1_LLCC_1763	AP018499.1_LLCC_1763	100.0
AP018499.1_LLCC_0490	AP018499.1_LLCC_0490	100.0
AP018499.1_LLCC_2322	AP018499.1_LLCC_2322	100.0
AP018499.1_LLCC_1224	AP018499.1_LLCC_1224	100.0
AP018499.1_LLCC_0198	AP018499.1_LLCC_0198	100.0
AP018499.1_LLCC_0405	AP018499.1_LLCC_0405	100.0
AP018499.1_LLCC_0052	AP018499.1_LLCC_0052	100.0
AP018499.1_LLCC_0625	AP018499.1_LLCC_0625	100.0
AP018499.1_LLCC_1910	AP018499.1_LLCC_1910	100.0
AP018499.1_LLCC_1417	AP018499.1_LLCC_1417	100.0
AP018499.1_LLCC_0031	AP018499.1_LLCC_0031	100.0
AP018499.1_LLCC_1213	AP018499.1_LLCC_1213	100.0
AP018499.1_LLCC_2078	AP018499.1_LLCC_2078	100.0
AP018499.1_LLCC_1575	AP018499.1_LLCC_1575	100.0
AP018499.1_LLCC_0880	AP018499.1_LLCC_0880	100.0
AP018499.1_LLCC_1045	AP018499.1_LLCC_1045	100.0
AP018499.1_LLCC_0837	AP018499.1_LLCC_0837	100.0
AP018499.1_LLCC_2411	AP018499.1_LLCC_2411	100.0
AP018499.1_LLCC_0585	AP018499.1_LLCC_0585	100.0
AP018499.1_LLCC_1622	AP018499.1_LLCC_1622	100.0
AP018499.1_LLCC_0635	AP018499.1_LLCC_0635	100.0
AP018499.1_LLCC_2153	AP018499.1_LLCC_2153	100.0
AP018499.1_LLCC_2155	AP018499.1_LLCC_2155	100.0
AP018499.1_LLCC_2172	AP018499.1_LLCC_2172	100.0
AP018499.1_LLCC_0396	AP018499.1_LLCC_0396	100.0
AP018499.1_LLCC_0829	AP018499.1_LLCC_0829	100.0
AP018499.1_LLCC_0454	AP018499.1_LLCC_0454	100.0
AP018499.1_LLCC_0389	AP018499.1_LLCC_0389	100.0
AP018499.1_LLCC_1042	AP018499.1_LLCC_1042	100.0
AP018499.1_LLCC_1504	AP018499.1_LLCC_1504	100.0
AP018499.1_LLCC_1877	AP018499.1_LLCC_1877	100.0
AP018499.1_LLCC_0797	AP018499.1_LLCC_0797	100.0
AP018499.1_LLCC_0946	AP018499.1_LLCC_0946	100.0
AP018499.1_LLCC_0971	AP018499.1_LLCC_0971	100.0
AP018499.1_LLCC_1452	AP018499.1_LLCC_1452	100.0
AP018499.1_LLCC_1991	AP018499.1_LLCC_1991	100.0
AP018499.1_LLCC_1547	AP018499.1_LLCC_1547	100.0
AP018499.1_LLCC_2146	AP018499.1_LLCC_2146	100.0
AP018499.1_LLCC_1126	AP018499.1_LLCC_1126	100.0
AP018499.1_LLCC_0118	AP018499.1_LLCC_0118	100.0
AP018499.1_LLCC_1781	AP018499.1_LLCC_1781	100.0
AP018499.1_LLCC_0267	AP018499.1_LLCC_0267	100.0
AP018499.1_LLCC_0424	AP018499.1_LLCC_0424	100.0
AP018499.1_LLCC_0421	AP018499.1_LLCC_0421	100.0
AP018499.1_LLCC_0771	AP018499.1_LLCC_0771	100.0
AP018499.1_LLCC_1326	AP018499.1_LLCC_1326	100.0
AP018499.1_LLCC_2140	AP018499.1_LLCC_2140	100.0
AP018499.1_LLCC_2523	AP018499.1_LLCC_2523	100.0
AP018499.1_LLCC_0753	AP018499.1_LLCC_0753	100.0
AP018499.1_LLCC_1609	AP018499.1_LLCC_1609	100.0
AP018499.1_LLCC_0320	AP018499.1_LLCC_0320	100.0
AP018499.1_LLCC_0297	AP018499.1_LLCC_0297	100.0
AP018499.1_LLCC_0279	AP018499.1_LLCC_0279	100.0
AP018499.1_LLCC_0803	AP018499.1_LLCC_0803	100.0
AP018499.1_LLCC_0819	AP018499.1_LLCC_0819	100.0
AP018499.1_LLCC_0734	AP018499.1_LLCC_0734	100.0
AP018499.1_LLCC_2021	AP018499.1_LLCC_2021	100.0
AP018499.1_LLCC_1709	AP018499.1_LLCC_1709	100.0
AP018499.1_LLCC_2534	AP018499.1_LLCC_2534	100.0
AP018499.1_LLCC_0670	AP018499.1_LLCC_0670	100.0
AP018499.1_LLCC_0530	AP018499.1_LLCC_0530	100.0
AP018499.1_LLCC_1895	AP018499.1_LLCC_1895	100.0
