NZ_CP082327_1_K6983_RS13060	NZ_CP021325_1_CA173_RS03810	27.8
NZ_CP082327_1_K6983_RS22220	NZ_CP021325_1_CA173_RS13655	50.1
NZ_CP082327_1_K6983_RS12545	NZ_CP021325_1_CA173_RS01790	37.8
NZ_CP082327_1_K6983_RS06580	NZ_CP021325_1_CA173_RS13680	34.9
NZ_CP082327_1_K6983_RS06580	NZ_CP021325_1_CA173_RS01305	26.9
NZ_CP082327_1_K6983_RS20705	NZ_CP021325_1_CA173_RS15090	21.4
NZ_CP082327_1_K6983_RS10115	NZ_CP021325_1_CA173_RS02520	48.9
NZ_CP082327_1_K6983_RS10115	NZ_CP021325_1_CA173_RS12030	43.3
NZ_CP082327_1_K6983_RS10115	NZ_CP021325_1_CA173_RS08060	30.7
NZ_CP082327_1_K6983_RS01080	NZ_CP021325_1_CA173_RS04890	69.3
NZ_CP082327_1_K6983_RS04985	NZ_CP021325_1_CA173_RS07595	63.9
NZ_CP082327_1_K6983_RS05525	NZ_CP021325_1_CA173_RS09620	23.3
NZ_CP082327_1_K6983_RS01740	NZ_CP021325_1_CA173_RS06290	51.7
NZ_CP082327_1_K6983_RS00430	NZ_CP021325_1_CA173_RS05790	26.3
NZ_CP082327_1_K6983_RS22480	NZ_CP021325_1_CA173_RS13605	62.7
NZ_CP082327_1_K6983_RS22480	NZ_CP021325_1_CA173_RS00465	52.8
NZ_CP082327_1_K6983_RS22480	NZ_CP021325_1_CA173_RS13615	28.1
NZ_CP082327_1_K6983_RS22480	NZ_CP021325_1_CA173_RS00455	20.5
NZ_CP082327_1_K6983_RS19855	NZ_CP021325_1_CA173_RS09990	31.2
NZ_CP082327_1_K6983_RS18360	NZ_CP021325_1_CA173_RS08485	52.5
NZ_CP082327_1_K6983_RS12160	NZ_CP021325_1_CA173_RS10550	37.6
NZ_CP082327_1_K6983_RS06090	NZ_CP021325_1_CA173_RS06165	40.3
NZ_CP082327_1_K6983_RS22120	NZ_CP021325_1_CA173_RS08400	47.7
NZ_CP082327_1_K6983_RS16715	NZ_CP021325_1_CA173_RS00070	51.4
NZ_CP082327_1_K6983_RS10430	NZ_CP021325_1_CA173_RS10275	46.9
NZ_CP082327_1_K6983_RS06965	NZ_CP021325_1_CA173_RS13720	33.9
NZ_CP082327_1_K6983_RS06965	NZ_CP021325_1_CA173_RS05020	32.2
NZ_CP082327_1_K6983_RS06965	NZ_CP021325_1_CA173_RS02715	29.5
NZ_CP082327_1_K6983_RS06965	NZ_CP021325_1_CA173_RS02555	30.3
NZ_CP082327_1_K6983_RS07725	NZ_CP021325_1_CA173_RS01620	41.0
NZ_CP082327_1_K6983_RS07725	NZ_CP021325_1_CA173_RS03625	34.9
NZ_CP082327_1_K6983_RS01640	NZ_CP021325_1_CA173_RS10440	39.5
NZ_CP082327_1_K6983_RS01040	NZ_CP021325_1_CA173_RS14020	46.2
NZ_CP082327_1_K6983_RS18310	NZ_CP021325_1_CA173_RS07190	49.1
NZ_CP082327_1_K6983_RS18845	NZ_CP021325_1_CA173_RS10985	30.2
NZ_CP082327_1_K6983_RS18845	NZ_CP021325_1_CA173_RS04605	22.9
NZ_CP082327_1_K6983_RS03235	NZ_CP021325_1_CA173_RS11185	43.3
NZ_CP082327_1_K6983_RS21330	NZ_CP021325_1_CA173_RS05650	27.3
NZ_CP082327_1_K6983_RS08085	NZ_CP021325_1_CA173_RS02890	45.3
NZ_CP082327_1_K6983_RS07570	NZ_CP021325_1_CA173_RS15180	33.2
NZ_CP082327_1_K6983_RS00765	NZ_CP021325_1_CA173_RS07900	61.8
NZ_CP082327_1_K6983_RS10895	NZ_CP021325_1_CA173_RS13295	29.8
NZ_CP082327_1_K6983_RS21505	NZ_CP021325_1_CA173_RS08315	38.5
NZ_CP082327_1_K6983_RS21505	NZ_CP021325_1_CA173_RS06115	36.3
NZ_CP082327_1_K6983_RS10490	NZ_CP021325_1_CA173_RS12115	22.7
NZ_CP082327_1_K6983_RS09275	NZ_CP021325_1_CA173_RS11195	36.2
NZ_CP082327_1_K6983_RS21155	NZ_CP021325_1_CA173_RS11910	38.1
NZ_CP082327_1_K6983_RS16500	NZ_CP021325_1_CA173_RS14070	46.1
NZ_CP082327_1_K6983_RS06650	NZ_CP021325_1_CA173_RS08490	47.6
NZ_CP082327_1_K6983_RS15310	NZ_CP021325_1_CA173_RS12950	32.5
NZ_CP082327_1_K6983_RS15310	NZ_CP021325_1_CA173_RS08070	46.7
NZ_CP082327_1_K6983_RS15640	NZ_CP021325_1_CA173_RS07145	30.2
NZ_CP082327_1_K6983_RS21625	NZ_CP021325_1_CA173_RS15360	51.7
NZ_CP082327_1_K6983_RS01065	NZ_CP021325_1_CA173_RS07095	58.2
NZ_CP082327_1_K6983_RS05855	NZ_CP021325_1_CA173_RS04900	25.7
NZ_CP082327_1_K6983_RS11920	NZ_CP021325_1_CA173_RS15315	58.4
NZ_CP082327_1_K6983_RS05555	NZ_CP021325_1_CA173_RS13665	60.1
NZ_CP082327_1_K6983_RS13330	NZ_CP021325_1_CA173_RS01880	36.5
NZ_CP082327_1_K6983_RS02495	NZ_CP021325_1_CA173_RS08945	38.1
NZ_CP082327_1_K6983_RS17020	NZ_CP021325_1_CA173_RS08390	51.2
NZ_CP082327_1_K6983_RS20245	NZ_CP021325_1_CA173_RS07625	30.8
NZ_CP082327_1_K6983_RS06920	NZ_CP021325_1_CA173_RS09005	66.7
NZ_CP082327_1_K6983_RS21995	NZ_CP021325_1_CA173_RS09045	46.6
NZ_CP082327_1_K6983_RS07670	NZ_CP021325_1_CA173_RS00880	28.1
NZ_CP082327_1_K6983_RS02635	NZ_CP021325_1_CA173_RS08305	42.4
NZ_CP082327_1_K6983_RS06300	NZ_CP021325_1_CA173_RS01210	37.1
NZ_CP082327_1_K6983_RS02910	NZ_CP021325_1_CA173_RS11355	26.4
NZ_CP082327_1_K6983_RS03495	NZ_CP021325_1_CA173_RS02845	56.2
NZ_CP082327_1_K6983_RS14905	NZ_CP021325_1_CA173_RS13845	42.0
NZ_CP082327_1_K6983_RS21340	NZ_CP021325_1_CA173_RS11270	47.4
NZ_CP082327_1_K6983_RS18920	NZ_CP021325_1_CA173_RS10740	45.4
NZ_CP082327_1_K6983_RS14520	NZ_CP021325_1_CA173_RS05585	29.0
NZ_CP082327_1_K6983_RS03890	NZ_CP021325_1_CA173_RS15585	47.4
NZ_CP082327_1_K6983_RS22280	NZ_CP021325_1_CA173_RS02190	28.7
NZ_CP082327_1_K6983_RS22280	NZ_CP021325_1_CA173_RS09450	23.2
NZ_CP082327_1_K6983_RS15530	NZ_CP021325_1_CA173_RS04280	25.4
NZ_CP082327_1_K6983_RS16845	NZ_CP021325_1_CA173_RS08275	47.7
NZ_CP082327_1_K6983_RS21560	NZ_CP021325_1_CA173_RS08480	53.2
NZ_CP082327_1_K6983_RS18410	NZ_CP021325_1_CA173_RS07175	31.3
NZ_CP082327_1_K6983_RS12765	NZ_CP021325_1_CA173_RS08455	63.2
NZ_CP082327_1_K6983_RS09505	NZ_CP021325_1_CA173_RS14870	33.8
NZ_CP082327_1_K6983_RS14400	NZ_CP021325_1_CA173_RS05040	41.9
NZ_CP082327_1_K6983_RS13175	NZ_CP021325_1_CA173_RS14795	62.9
NZ_CP082327_1_K6983_RS02315	NZ_CP021325_1_CA173_RS04185	44.4
NZ_CP082327_1_K6983_RS00495	NZ_CP021325_1_CA173_RS07520	33.0
NZ_CP082327_1_K6983_RS14890	NZ_CP021325_1_CA173_RS11875	61.3
NZ_CP082327_1_K6983_RS05825	NZ_CP021325_1_CA173_RS09610	51.6
NZ_CP082327_1_K6983_RS12995	NZ_CP021325_1_CA173_RS09845	38.4
NZ_CP082327_1_K6983_RS10110	NZ_CP021325_1_CA173_RS02525	55.8
NZ_CP082327_1_K6983_RS15485	NZ_CP021325_1_CA173_RS02250	26.0
NZ_CP082327_1_K6983_RS14305	NZ_CP021325_1_CA173_RS01560	26.9
NZ_CP082327_1_K6983_RS21795	NZ_CP021325_1_CA173_RS07090	38.7
NZ_CP082327_1_K6983_RS09050	NZ_CP021325_1_CA173_RS10720	30.0
NZ_CP082327_1_K6983_RS06585	NZ_CP021325_1_CA173_RS10445	37.5
NZ_CP082327_1_K6983_RS16690	NZ_CP021325_1_CA173_RS06920	30.8
NZ_CP082327_1_K6983_RS18440	NZ_CP021325_1_CA173_RS08930	53.6
NZ_CP082327_1_K6983_RS12200	NZ_CP021325_1_CA173_RS08775	52.8
NZ_CP082327_1_K6983_RS14880	NZ_CP021325_1_CA173_RS00050	22.4
NZ_CP082327_1_K6983_RS08065	NZ_CP021325_1_CA173_RS07485	75.6
NZ_CP082327_1_K6983_RS05265	NZ_CP021325_1_CA173_RS09760	46.5
NZ_CP082327_1_K6983_RS22175	NZ_CP021325_1_CA173_RS13565	32.7
NZ_CP082327_1_K6983_RS19895	NZ_CP021325_1_CA173_RS01425	53.9
NZ_CP082327_1_K6983_RS13065	NZ_CP021325_1_CA173_RS03805	29.4
NZ_CP082327_1_K6983_RS02305	NZ_CP021325_1_CA173_RS07385	53.0
NZ_CP082327_1_K6983_RS02305	NZ_CP021325_1_CA173_RS05735	45.0
NZ_CP082327_1_K6983_RS18620	NZ_CP021325_1_CA173_RS10315	43.9
NZ_CP082327_1_K6983_RS04035	NZ_CP021325_1_CA173_RS10120	39.8
NZ_CP082327_1_K6983_RS06340	NZ_CP021325_1_CA173_RS07725	38.9
NZ_CP082327_1_K6983_RS18875	NZ_CP021325_1_CA173_RS11010	44.3
NZ_CP082327_1_K6983_RS06445	NZ_CP021325_1_CA173_RS01975	22.5
NZ_CP082327_1_K6983_RS04545	NZ_CP021325_1_CA173_RS09530	29.8
NZ_CP082327_1_K6983_RS04545	NZ_CP021325_1_CA173_RS09280	26.4
NZ_CP082327_1_K6983_RS04945	NZ_CP021325_1_CA173_RS12770	30.4
NZ_CP082327_1_K6983_RS04945	NZ_CP021325_1_CA173_RS01955	31.0
NZ_CP082327_1_K6983_RS05840	NZ_CP021325_1_CA173_RS00005	25.3
NZ_CP082327_1_K6983_RS12540	NZ_CP021325_1_CA173_RS01770	43.5
NZ_CP082327_1_K6983_RS12540	NZ_CP021325_1_CA173_RS14570	39.3
NZ_CP082327_1_K6983_RS16770	NZ_CP021325_1_CA173_RS07425	45.7
NZ_CP082327_1_K6983_RS16770	NZ_CP021325_1_CA173_RS07465	22.2
NZ_CP082327_1_K6983_RS11885	NZ_CP021325_1_CA173_RS15275	53.0
NZ_CP082327_1_K6983_RS19370	NZ_CP021325_1_CA173_RS01190	43.5
NZ_CP082327_1_K6983_RS06670	NZ_CP021325_1_CA173_RS09615	39.5
NZ_CP082327_1_K6983_RS02525	NZ_CP021325_1_CA173_RS13325	39.6
NZ_CP082327_1_K6983_RS12325	NZ_CP021325_1_CA173_RS13690	48.1
NZ_CP082327_1_K6983_RS07585	NZ_CP021325_1_CA173_RS07715	27.7
NZ_CP082327_1_K6983_RS16295	NZ_CP021325_1_CA173_RS02755	36.1
NZ_CP082327_1_K6983_RS11780	NZ_CP021325_1_CA173_RS15205	28.0
NZ_CP082327_1_K6983_RS11780	NZ_CP021325_1_CA173_RS15215	26.9
NZ_CP082327_1_K6983_RS11780	NZ_CP021325_1_CA173_RS05435	26.6
NZ_CP082327_1_K6983_RS02160	NZ_CP021325_1_CA173_RS06960	43.5
NZ_CP082327_1_K6983_RS09515	NZ_CP021325_1_CA173_RS02875	57.7
NZ_CP082327_1_K6983_RS20145	NZ_CP021325_1_CA173_RS12165	32.8
NZ_CP082327_1_K6983_RS06085	NZ_CP021325_1_CA173_RS06160	62.4
NZ_CP082327_1_K6983_RS03120	NZ_CP021325_1_CA173_RS09405	40.2
NZ_CP082327_1_K6983_RS11680	NZ_CP021325_1_CA173_RS03130	32.0
NZ_CP082327_1_K6983_RS09620	NZ_CP021325_1_CA173_RS05840	68.2
NZ_CP082327_1_K6983_RS20195	NZ_CP021325_1_CA173_RS01230	38.5
NZ_CP082327_1_K6983_RS00480	NZ_CP021325_1_CA173_RS10485	39.6
NZ_CP082327_1_K6983_RS20035	NZ_CP021325_1_CA173_RS13270	40.4
NZ_CP082327_1_K6983_RS12135	NZ_CP021325_1_CA173_RS06965	38.2
NZ_CP082327_1_K6983_RS02615	NZ_CP021325_1_CA173_RS10455	31.8
NZ_CP082327_1_K6983_RS02615	NZ_CP021325_1_CA173_RS14225	30.5
NZ_CP082327_1_K6983_RS11925	NZ_CP021325_1_CA173_RS15320	55.1
NZ_CP082327_1_K6983_RS11925	NZ_CP021325_1_CA173_RS14765	41.8
NZ_CP082327_1_K6983_RS14850	NZ_CP021325_1_CA173_RS05580	34.9
NZ_CP082327_1_K6983_RS06075	NZ_CP021325_1_CA173_RS06215	55.5
NZ_CP082327_1_K6983_RS05935	NZ_CP021325_1_CA173_RS07780	40.5
NZ_CP082327_1_K6983_RS09225	NZ_CP021325_1_CA173_RS00485	42.9
NZ_CP082327_1_K6983_RS09225	NZ_CP021325_1_CA173_RS04235	72.3
NZ_CP082327_1_K6983_RS09225	NZ_CP021325_1_CA173_RS04240	53.8
NZ_CP082327_1_K6983_RS09225	NZ_CP021325_1_CA173_RS00110	35.3
NZ_CP082327_1_K6983_RS09225	NZ_CP021325_1_CA173_RS10790	43.6
NZ_CP082327_1_K6983_RS21305	NZ_CP021325_1_CA173_RS06475	31.4
NZ_CP082327_1_K6983_RS00005	NZ_CP021325_1_CA173_RS00005	42.8
NZ_CP082327_1_K6983_RS11905	NZ_CP021325_1_CA173_RS15300	76.5
NZ_CP082327_1_K6983_RS11905	NZ_CP021325_1_CA173_RS14340	24.9
NZ_CP082327_1_K6983_RS20130	NZ_CP021325_1_CA173_RS10660	32.2
NZ_CP082327_1_K6983_RS06395	NZ_CP021325_1_CA173_RS10860	29.4
NZ_CP082327_1_K6983_RS21910	NZ_CP021325_1_CA173_RS13540	33.0
NZ_CP082327_1_K6983_RS04005	NZ_CP021325_1_CA173_RS07340	39.4
NZ_CP082327_1_K6983_RS18650	NZ_CP021325_1_CA173_RS03655	68.8
NZ_CP082327_1_K6983_RS18650	NZ_CP021325_1_CA173_RS05745	24.4
NZ_CP082327_1_K6983_RS02110	NZ_CP021325_1_CA173_RS14040	45.5
NZ_CP082327_1_K6983_RS21620	NZ_CP021325_1_CA173_RS15365	57.0
NZ_CP082327_1_K6983_RS20875	NZ_CP021325_1_CA173_RS00270	46.0
NZ_CP082327_1_K6983_RS08630	NZ_CP021325_1_CA173_RS03895	26.1
NZ_CP082327_1_K6983_RS14300	NZ_CP021325_1_CA173_RS03935	31.8
NZ_CP082327_1_K6983_RS13360	NZ_CP021325_1_CA173_RS04585	28.8
NZ_CP082327_1_K6983_RS18860	NZ_CP021325_1_CA173_RS10995	37.8
NZ_CP082327_1_K6983_RS18860	NZ_CP021325_1_CA173_RS10985	27.1
NZ_CP082327_1_K6983_RS03260	NZ_CP021325_1_CA173_RS07015	36.5
NZ_CP082327_1_K6983_RS21205	NZ_CP021325_1_CA173_RS01320	46.7
NZ_CP082327_1_K6983_RS18855	NZ_CP021325_1_CA173_RS04605	32.0
NZ_CP082327_1_K6983_RS06375	NZ_CP021325_1_CA173_RS08690	30.6
NZ_CP082327_1_K6983_RS21645	NZ_CP021325_1_CA173_RS06375	39.7
NZ_CP082327_1_K6983_RS19050	NZ_CP021325_1_CA173_RS00935	32.0
NZ_CP082327_1_K6983_RS05040	NZ_CP021325_1_CA173_RS14950	28.1
NZ_CP082327_1_K6983_RS18405	NZ_CP021325_1_CA173_RS07185	28.9
NZ_CP082327_1_K6983_RS02000	NZ_CP021325_1_CA173_RS14160	58.3
NZ_CP082327_1_K6983_RS22490	NZ_CP021325_1_CA173_RS00985	40.0
NZ_CP082327_1_K6983_RS13900	NZ_CP021325_1_CA173_RS15245	49.6
NZ_CP082327_1_K6983_RS15010	NZ_CP021325_1_CA173_RS02050	34.9
NZ_CP082327_1_K6983_RS15010	NZ_CP021325_1_CA173_RS14760	29.6
NZ_CP082327_1_K6983_RS15010	NZ_CP021325_1_CA173_RS02185	31.2
NZ_CP082327_1_K6983_RS15010	NZ_CP021325_1_CA173_RS10875	29.0
NZ_CP082327_1_K6983_RS03950	NZ_CP021325_1_CA173_RS05245	38.2
NZ_CP082327_1_K6983_RS20295	NZ_CP021325_1_CA173_RS09895	34.2
NZ_CP082327_1_K6983_RS20295	NZ_CP021325_1_CA173_RS07255	32.0
NZ_CP082327_1_K6983_RS15620	NZ_CP021325_1_CA173_RS13345	35.3
NZ_CP082327_1_K6983_RS13885	NZ_CP021325_1_CA173_RS10500	42.7
NZ_CP082327_1_K6983_RS06710	NZ_CP021325_1_CA173_RS07995	31.7
NZ_CP082327_1_K6983_RS14765	NZ_CP021325_1_CA173_RS13320	36.2
NZ_CP082327_1_K6983_RS00360	NZ_CP021325_1_CA173_RS08445	37.7
NZ_CP082327_1_K6983_RS22045	NZ_CP021325_1_CA173_RS04295	41.9
NZ_CP082327_1_K6983_RS01125	NZ_CP021325_1_CA173_RS12100	24.1
NZ_CP082327_1_K6983_RS18470	NZ_CP021325_1_CA173_RS02325	24.3
NZ_CP082327_1_K6983_RS18470	NZ_CP021325_1_CA173_RS14725	48.7
NZ_CP082327_1_K6983_RS20005	NZ_CP021325_1_CA173_RS02230	37.8
NZ_CP082327_1_K6983_RS00315	NZ_CP021325_1_CA173_RS09940	29.0
NZ_CP082327_1_K6983_RS14770	NZ_CP021325_1_CA173_RS13400	58.7
NZ_CP082327_1_K6983_RS06145	NZ_CP021325_1_CA173_RS05550	27.3
NZ_CP082327_1_K6983_RS21210	NZ_CP021325_1_CA173_RS01315	45.7
NZ_CP082327_1_K6983_RS15315	NZ_CP021325_1_CA173_RS08955	29.7
NZ_CP082327_1_K6983_RS03225	NZ_CP021325_1_CA173_RS07880	40.5
NZ_CP082327_1_K6983_RS14155	NZ_CP021325_1_CA173_RS09050	20.3
NZ_CP082327_1_K6983_RS10410	NZ_CP021325_1_CA173_RS08625	48.8
NZ_CP082327_1_K6983_RS02755	NZ_CP021325_1_CA173_RS12575	34.4
NZ_CP082327_1_K6983_RS01540	NZ_CP021325_1_CA173_RS11340	34.3
NZ_CP082327_1_K6983_RS22450	NZ_CP021325_1_CA173_RS13635	30.9
NZ_CP082327_1_K6983_RS05400	NZ_CP021325_1_CA173_RS06425	56.5
NZ_CP082327_1_K6983_RS05400	NZ_CP021325_1_CA173_RS01995	49.8
NZ_CP082327_1_K6983_RS00950	NZ_CP021325_1_CA173_RS00660	25.0
NZ_CP082327_1_K6983_RS20230	NZ_CP021325_1_CA173_RS07075	35.6
NZ_CP082327_1_K6983_RS20230	NZ_CP021325_1_CA173_RS04130	33.7
NZ_CP082327_1_K6983_RS16245	NZ_CP021325_1_CA173_RS01220	43.8
NZ_CP082327_1_K6983_RS18345	NZ_CP021325_1_CA173_RS01095	33.6
NZ_CP082327_1_K6983_RS05730	NZ_CP021325_1_CA173_RS02475	34.9
NZ_CP082327_1_K6983_RS13030	NZ_CP021325_1_CA173_RS03850	25.7
NZ_CP082327_1_K6983_RS13030	NZ_CP021325_1_CA173_RS03850	30.8
NZ_CP082327_1_K6983_RS08430	NZ_CP021325_1_CA173_RS01890	62.1
NZ_CP082327_1_K6983_RS08430	NZ_CP021325_1_CA173_RS08295	43.8
NZ_CP082327_1_K6983_RS18935	NZ_CP021325_1_CA173_RS10755	49.2
NZ_CP082327_1_K6983_RS18415	NZ_CP021325_1_CA173_RS07170	48.5
NZ_CP082327_1_K6983_RS08100	NZ_CP021325_1_CA173_RS02905	47.7
NZ_CP082327_1_K6983_RS02720	NZ_CP021325_1_CA173_RS07235	39.0
NZ_CP082327_1_K6983_RS22520	NZ_CP021325_1_CA173_RS13425	31.4
NZ_CP082327_1_K6983_RS07795	NZ_CP021325_1_CA173_RS13755	31.1
NZ_CP082327_1_K6983_RS14620	NZ_CP021325_1_CA173_RS05440	28.5
NZ_CP082327_1_K6983_RS06890	NZ_CP021325_1_CA173_RS10690	52.5
NZ_CP082327_1_K6983_RS16885	NZ_CP021325_1_CA173_RS08860	23.5
NZ_CP082327_1_K6983_RS15560	NZ_CP021325_1_CA173_RS13455	20.5
NZ_CP082327_1_K6983_RS20805	NZ_CP021325_1_CA173_RS04340	37.4
NZ_CP082327_1_K6983_RS20805	NZ_CP021325_1_CA173_RS12615	36.4
NZ_CP082327_1_K6983_RS18245	NZ_CP021325_1_CA173_RS13970	39.7
NZ_CP082327_1_K6983_RS01130	NZ_CP021325_1_CA173_RS10395	29.7
NZ_CP082327_1_K6983_RS02460	NZ_CP021325_1_CA173_RS15115	37.3
NZ_CP082327_1_K6983_RS20965	NZ_CP021325_1_CA173_RS11445	36.2
NZ_CP082327_1_K6983_RS20965	NZ_CP021325_1_CA173_RS00890	29.6
NZ_CP082327_1_K6983_RS10345	NZ_CP021325_1_CA173_RS13310	33.1
NZ_CP082327_1_K6983_RS10345	NZ_CP021325_1_CA173_RS02515	29.4
NZ_CP082327_1_K6983_RS00320	NZ_CP021325_1_CA173_RS06480	55.6
NZ_CP082327_1_K6983_RS02825	NZ_CP021325_1_CA173_RS00840	46.4
NZ_CP082327_1_K6983_RS22495	NZ_CP021325_1_CA173_RS03955	41.3
NZ_CP082327_1_K6983_RS22495	NZ_CP021325_1_CA173_RS00175	22.2
NZ_CP082327_1_K6983_RS22525	NZ_CP021325_1_CA173_RS13125	37.1
NZ_CP082327_1_K6983_RS22525	NZ_CP021325_1_CA173_RS14965	35.3
NZ_CP082327_1_K6983_RS22525	NZ_CP021325_1_CA173_RS15050	29.1
NZ_CP082327_1_K6983_RS02290	NZ_CP021325_1_CA173_RS07965	28.3
NZ_CP082327_1_K6983_RS12195	NZ_CP021325_1_CA173_RS08785	36.9
NZ_CP082327_1_K6983_RS15690	NZ_CP021325_1_CA173_RS08800	28.0
NZ_CP082327_1_K6983_RS05465	NZ_CP021325_1_CA173_RS06930	24.6
NZ_CP082327_1_K6983_RS05465	NZ_CP021325_1_CA173_RS06935	25.8
NZ_CP082327_1_K6983_RS05465	NZ_CP021325_1_CA173_RS06945	33.7
NZ_CP082327_1_K6983_RS08980	NZ_CP021325_1_CA173_RS08295	43.6
NZ_CP082327_1_K6983_RS08980	NZ_CP021325_1_CA173_RS01890	39.9
NZ_CP082327_1_K6983_RS21045	NZ_CP021325_1_CA173_RS09030	29.1
NZ_CP082327_1_K6983_RS13335	NZ_CP021325_1_CA173_RS01875	43.6
NZ_CP082327_1_K6983_RS08110	NZ_CP021325_1_CA173_RS02910	41.8
NZ_CP082327_1_K6983_RS18715	NZ_CP021325_1_CA173_RS05645	35.0
NZ_CP082327_1_K6983_RS18715	NZ_CP021325_1_CA173_RS07470	28.4
NZ_CP082327_1_K6983_RS14180	NZ_CP021325_1_CA173_RS14825	51.2
NZ_CP082327_1_K6983_RS20710	NZ_CP021325_1_CA173_RS11635	44.8
NZ_CP082327_1_K6983_RS12205	NZ_CP021325_1_CA173_RS08770	29.3
NZ_CP082327_1_K6983_RS04015	NZ_CP021325_1_CA173_RS07350	42.1
NZ_CP082327_1_K6983_RS04015	NZ_CP021325_1_CA173_RS07345	34.5
NZ_CP082327_1_K6983_RS18775	NZ_CP021325_1_CA173_RS08440	37.7
NZ_CP082327_1_K6983_RS16490	NZ_CP021325_1_CA173_RS11260	32.0
NZ_CP082327_1_K6983_RS05225	NZ_CP021325_1_CA173_RS07440	32.4
NZ_CP082327_1_K6983_RS12985	NZ_CP021325_1_CA173_RS09840	45.5
NZ_CP082327_1_K6983_RS17185	NZ_CP021325_1_CA173_RS08460	37.5
NZ_CP082327_1_K6983_RS16685	NZ_CP021325_1_CA173_RS13295	66.5
NZ_CP082327_1_K6983_RS16685	NZ_CP021325_1_CA173_RS05970	43.6
NZ_CP082327_1_K6983_RS06990	NZ_CP021325_1_CA173_RS07590	27.4
NZ_CP082327_1_K6983_RS17810	NZ_CP021325_1_CA173_RS10680	45.8
NZ_CP082327_1_K6983_RS07745	NZ_CP021325_1_CA173_RS15040	34.7
NZ_CP082327_1_K6983_RS14870	NZ_CP021325_1_CA173_RS13340	40.1
NZ_CP082327_1_K6983_RS06095	NZ_CP021325_1_CA173_RS06170	52.1
NZ_CP082327_1_K6983_RS02605	NZ_CP021325_1_CA173_RS13590	50.2
NZ_CP082327_1_K6983_RS02605	NZ_CP021325_1_CA173_RS13730	44.1
NZ_CP082327_1_K6983_RS21110	NZ_CP021325_1_CA173_RS09600	50.5
NZ_CP082327_1_K6983_RS22475	NZ_CP021325_1_CA173_RS13610	36.6
NZ_CP082327_1_K6983_RS03500	NZ_CP021325_1_CA173_RS11670	27.6
NZ_CP082327_1_K6983_RS19405	NZ_CP021325_1_CA173_RS10770	45.5
NZ_CP082327_1_K6983_RS22295	NZ_CP021325_1_CA173_RS08730	31.0
NZ_CP082327_1_K6983_RS12520	NZ_CP021325_1_CA173_RS15005	58.5
NZ_CP082327_1_K6983_RS05740	NZ_CP021325_1_CA173_RS07810	49.2
NZ_CP082327_1_K6983_RS08700	NZ_CP021325_1_CA173_RS04560	30.4
NZ_CP082327_1_K6983_RS01350	NZ_CP021325_1_CA173_RS07055	25.4
NZ_CP082327_1_K6983_RS04965	NZ_CP021325_1_CA173_RS02785	50.0
NZ_CP082327_1_K6983_RS07720	NZ_CP021325_1_CA173_RS01615	41.7
NZ_CP082327_1_K6983_RS15070	NZ_CP021325_1_CA173_RS08460	33.2
NZ_CP082327_1_K6983_RS19815	NZ_CP021325_1_CA173_RS08560	37.9
NZ_CP082327_1_K6983_RS21350	NZ_CP021325_1_CA173_RS08580	35.9
NZ_CP082327_1_K6983_RS10165	NZ_CP021325_1_CA173_RS13000	39.9
NZ_CP082327_1_K6983_RS10165	NZ_CP021325_1_CA173_RS13015	25.2
NZ_CP082327_1_K6983_RS12910	NZ_CP021325_1_CA173_RS15015	20.9
NZ_CP082327_1_K6983_RS19975	NZ_CP021325_1_CA173_RS12940	26.8
NZ_CP082327_1_K6983_RS01485	NZ_CP021325_1_CA173_RS01310	30.0
NZ_CP082327_1_K6983_RS16440	NZ_CP021325_1_CA173_RS13300	23.6
NZ_CP082327_1_K6983_RS16440	NZ_CP021325_1_CA173_RS03540	24.6
NZ_CP082327_1_K6983_RS14760	NZ_CP021325_1_CA173_RS05610	31.8
NZ_CP082327_1_K6983_RS14195	NZ_CP021325_1_CA173_RS08665	45.4
NZ_CP082327_1_K6983_RS14195	NZ_CP021325_1_CA173_RS07535	44.7
NZ_CP082327_1_K6983_RS14195	NZ_CP021325_1_CA173_RS00305	29.3
NZ_CP082327_1_K6983_RS07780	NZ_CP021325_1_CA173_RS14345	41.0
NZ_CP082327_1_K6983_RS07780	NZ_CP021325_1_CA173_RS02610	36.1
NZ_CP082327_1_K6983_RS07780	NZ_CP021325_1_CA173_RS11295	32.0
NZ_CP082327_1_K6983_RS22030	NZ_CP021325_1_CA173_RS14875	40.9
NZ_CP082327_1_K6983_RS22030	NZ_CP021325_1_CA173_RS10515	39.5
NZ_CP082327_1_K6983_RS06635	NZ_CP021325_1_CA173_RS07790	32.9
NZ_CP082327_1_K6983_RS00460	NZ_CP021325_1_CA173_RS13230	49.0
NZ_CP082327_1_K6983_RS06035	NZ_CP021325_1_CA173_RS06220	36.5
NZ_CP082327_1_K6983_RS21270	NZ_CP021325_1_CA173_RS04970	46.6
NZ_CP082327_1_K6983_RS15185	NZ_CP021325_1_CA173_RS14490	53.5
NZ_CP082327_1_K6983_RS12960	NZ_CP021325_1_CA173_RS08110	33.5
NZ_CP082327_1_K6983_RS12110	NZ_CP021325_1_CA173_RS08840	55.4
NZ_CP082327_1_K6983_RS04410	NZ_CP021325_1_CA173_RS05620	30.2
NZ_CP082327_1_K6983_RS15650	NZ_CP021325_1_CA173_RS12115	24.0
NZ_CP082327_1_K6983_RS15650	NZ_CP021325_1_CA173_RS01465	26.9
NZ_CP082327_1_K6983_RS16720	NZ_CP021325_1_CA173_RS00075	45.7
NZ_CP082327_1_K6983_RS16830	NZ_CP021325_1_CA173_RS08255	33.0
NZ_CP082327_1_K6983_RS14735	NZ_CP021325_1_CA173_RS11885	30.4
NZ_CP082327_1_K6983_RS16230	NZ_CP021325_1_CA173_RS07400	48.4
NZ_CP082327_1_K6983_RS12990	NZ_CP021325_1_CA173_RS11860	43.7
NZ_CP082327_1_K6983_RS04995	NZ_CP021325_1_CA173_RS08135	43.9
NZ_CP082327_1_K6983_RS18835	NZ_CP021325_1_CA173_RS10980	31.3
NZ_CP082327_1_K6983_RS17750	NZ_CP021325_1_CA173_RS06880	47.0
NZ_CP082327_1_K6983_RS16765	NZ_CP021325_1_CA173_RS07415	47.0
NZ_CP082327_1_K6983_RS09755	NZ_CP021325_1_CA173_RS06400	36.0
NZ_CP082327_1_K6983_RS09755	NZ_CP021325_1_CA173_RS08670	49.2
NZ_CP082327_1_K6983_RS19970	NZ_CP021325_1_CA173_RS10100	43.5
NZ_CP082327_1_K6983_RS20395	NZ_CP021325_1_CA173_RS11150	63.5
NZ_CP082327_1_K6983_RS22435	NZ_CP021325_1_CA173_RS15170	51.1
NZ_CP082327_1_K6983_RS10275	NZ_CP021325_1_CA173_RS10030	31.5
NZ_CP082327_1_K6983_RS16840	NZ_CP021325_1_CA173_RS08270	55.1
NZ_CP082327_1_K6983_RS06910	NZ_CP021325_1_CA173_RS09015	30.9
NZ_CP082327_1_K6983_RS14535	NZ_CP021325_1_CA173_RS07640	23.6
NZ_CP082327_1_K6983_RS13695	NZ_CP021325_1_CA173_RS10235	33.6
NZ_CP082327_1_K6983_RS18815	NZ_CP021325_1_CA173_RS10970	32.8
NZ_CP082327_1_K6983_RS18815	NZ_CP021325_1_CA173_RS13585	28.2
NZ_CP082327_1_K6983_RS18815	NZ_CP021325_1_CA173_RS08360	25.9
NZ_CP082327_1_K6983_RS01985	NZ_CP021325_1_CA173_RS14175	46.9
NZ_CP082327_1_K6983_RS13710	NZ_CP021325_1_CA173_RS09965	27.2
NZ_CP082327_1_K6983_RS05830	NZ_CP021325_1_CA173_RS13660	54.7
NZ_CP082327_1_K6983_RS19410	NZ_CP021325_1_CA173_RS10780	34.7
NZ_CP082327_1_K6983_RS04375	NZ_CP021325_1_CA173_RS08160	24.7
NZ_CP082327_1_K6983_RS18810	NZ_CP021325_1_CA173_RS10965	45.9
NZ_CP082327_1_K6983_RS05770	NZ_CP021325_1_CA173_RS07405	46.9
NZ_CP082327_1_K6983_RS05230	NZ_CP021325_1_CA173_RS08555	24.4
NZ_CP082327_1_K6983_RS16510	NZ_CP021325_1_CA173_RS14600	44.6
NZ_CP082327_1_K6983_RS12780	NZ_CP021325_1_CA173_RS08175	56.6
NZ_CP082327_1_K6983_RS20210	NZ_CP021325_1_CA173_RS00275	48.7
NZ_CP082327_1_K6983_RS02765	NZ_CP021325_1_CA173_RS05170	32.8
NZ_CP082327_1_K6983_RS16520	NZ_CP021325_1_CA173_RS14610	43.2
NZ_CP082327_1_K6983_RS18420	NZ_CP021325_1_CA173_RS07180	42.1
NZ_CP082327_1_K6983_RS18435	NZ_CP021325_1_CA173_RS08925	45.6
NZ_CP082327_1_K6983_RS00700	NZ_CP021325_1_CA173_RS06125	26.1
NZ_CP082327_1_K6983_RS08875	NZ_CP021325_1_CA173_RS03740	28.5
NZ_CP082327_1_K6983_RS12505	NZ_CP021325_1_CA173_RS04820	35.4
NZ_CP082327_1_K6983_RS12505	NZ_CP021325_1_CA173_RS02690	25.5
NZ_CP082327_1_K6983_RS04570	NZ_CP021325_1_CA173_RS13765	51.8
NZ_CP082327_1_K6983_RS04575	NZ_CP021325_1_CA173_RS13225	66.0
NZ_CP082327_1_K6983_RS08385	NZ_CP021325_1_CA173_RS06020	33.9
NZ_CP082327_1_K6983_RS21975	NZ_CP021325_1_CA173_RS10460	41.4
NZ_CP082327_1_K6983_RS09655	NZ_CP021325_1_CA173_RS00950	33.6
NZ_CP082327_1_K6983_RS09655	NZ_CP021325_1_CA173_RS01605	27.2
NZ_CP082327_1_K6983_RS08740	NZ_CP021325_1_CA173_RS06460	38.1
NZ_CP082327_1_K6983_RS08740	NZ_CP021325_1_CA173_RS04555	34.2
NZ_CP082327_1_K6983_RS14505	NZ_CP021325_1_CA173_RS00680	26.3
NZ_CP082327_1_K6983_RS20265	NZ_CP021325_1_CA173_RS05030	29.4
NZ_CP082327_1_K6983_RS22205	NZ_CP021325_1_CA173_RS05780	65.7
NZ_CP082327_1_K6983_RS21615	NZ_CP021325_1_CA173_RS15370	40.3
NZ_CP082327_1_K6983_RS02015	NZ_CP021325_1_CA173_RS14145	59.1
NZ_CP082327_1_K6983_RS16615	NZ_CP021325_1_CA173_RS08200	46.8
NZ_CP082327_1_K6983_RS12485	NZ_CP021325_1_CA173_RS08405	34.2
NZ_CP082327_1_K6983_RS09750	NZ_CP021325_1_CA173_RS06395	46.5
NZ_CP082327_1_K6983_RS16825	NZ_CP021325_1_CA173_RS08255	30.5
NZ_CP082327_1_K6983_RS19795	NZ_CP021325_1_CA173_RS08380	41.3
NZ_CP082327_1_K6983_RS19795	NZ_CP021325_1_CA173_RS08940	22.7
NZ_CP082327_1_K6983_RS19795	NZ_CP021325_1_CA173_RS00880	22.1
NZ_CP082327_1_K6983_RS06040	NZ_CP021325_1_CA173_RS06190	28.7
NZ_CP082327_1_K6983_RS00485	NZ_CP021325_1_CA173_RS01215	38.5
NZ_CP082327_1_K6983_RS12500	NZ_CP021325_1_CA173_RS00990	47.5
NZ_CP082327_1_K6983_RS12500	NZ_CP021325_1_CA173_RS02615	42.4
NZ_CP082327_1_K6983_RS19030	NZ_CP021325_1_CA173_RS07970	38.3
NZ_CP082327_1_K6983_RS19400	NZ_CP021325_1_CA173_RS10575	43.9
NZ_CP082327_1_K6983_RS15130	NZ_CP021325_1_CA173_RS03015	38.5
NZ_CP082327_1_K6983_RS08920	NZ_CP021325_1_CA173_RS13775	27.7
NZ_CP082327_1_K6983_RS13165	NZ_CP021325_1_CA173_RS07525	31.4
NZ_CP082327_1_K6983_RS07580	NZ_CP021325_1_CA173_RS09420	40.0
NZ_CP082327_1_K6983_RS07580	NZ_CP021325_1_CA173_RS15015	34.6
NZ_CP082327_1_K6983_RS04070	NZ_CP021325_1_CA173_RS08245	33.1
NZ_CP082327_1_K6983_RS10175	NZ_CP021325_1_CA173_RS13000	26.0
NZ_CP082327_1_K6983_RS11890	NZ_CP021325_1_CA173_RS15285	48.5
NZ_CP082327_1_K6983_RS11890	NZ_CP021325_1_CA173_RS11430	27.1
NZ_CP082327_1_K6983_RS13100	NZ_CP021325_1_CA173_RS10090	33.6
NZ_CP082327_1_K6983_RS22230	NZ_CP021325_1_CA173_RS05160	27.4
NZ_CP082327_1_K6983_RS15645	NZ_CP021325_1_CA173_RS07140	48.4
NZ_CP082327_1_K6983_RS11340	NZ_CP021325_1_CA173_RS10380	41.8
NZ_CP082327_1_K6983_RS10585	NZ_CP021325_1_CA173_RS08520	30.5
NZ_CP082327_1_K6983_RS20325	NZ_CP021325_1_CA173_RS08215	29.0
NZ_CP082327_1_K6983_RS11900	NZ_CP021325_1_CA173_RS15295	70.6
NZ_CP082327_1_K6983_RS06080	NZ_CP021325_1_CA173_RS06155	35.5
NZ_CP082327_1_K6983_RS13365	NZ_CP021325_1_CA173_RS12565	25.2
NZ_CP082327_1_K6983_RS18485	NZ_CP021325_1_CA173_RS08080	49.8
NZ_CP082327_1_K6983_RS13895	NZ_CP021325_1_CA173_RS10420	29.8
NZ_CP082327_1_K6983_RS02490	NZ_CP021325_1_CA173_RS09445	41.7
NZ_CP082327_1_K6983_RS15035	NZ_CP021325_1_CA173_RS07470	31.3
NZ_CP082327_1_K6983_RS22235	NZ_CP021325_1_CA173_RS13725	55.1
NZ_CP082327_1_K6983_RS22235	NZ_CP021325_1_CA173_RS00455	24.9
NZ_CP082327_1_K6983_RS18930	NZ_CP021325_1_CA173_RS10750	58.6
NZ_CP082327_1_K6983_RS19140	NZ_CP021325_1_CA173_RS09975	50.1
NZ_CP082327_1_K6983_RS09045	NZ_CP021325_1_CA173_RS10695	38.6
NZ_CP082327_1_K6983_RS21465	NZ_CP021325_1_CA173_RS09920	32.6
NZ_CP082327_1_K6983_RS19395	NZ_CP021325_1_CA173_RS10080	57.4
NZ_CP082327_1_K6983_RS05780	NZ_CP021325_1_CA173_RS05855	50.5
NZ_CP082327_1_K6983_RS16265	NZ_CP021325_1_CA173_RS09645	33.3
NZ_CP082327_1_K6983_RS21545	NZ_CP021325_1_CA173_RS15580	41.4
NZ_CP082327_1_K6983_RS21545	NZ_CP021325_1_CA173_RS01765	32.7
NZ_CP082327_1_K6983_RS18480	NZ_CP021325_1_CA173_RS14305	30.9
NZ_CP082327_1_K6983_RS12035	NZ_CP021325_1_CA173_RS05215	45.7
NZ_CP082327_1_K6983_RS02105	NZ_CP021325_1_CA173_RS08610	48.6
NZ_CP082327_1_K6983_RS01710	NZ_CP021325_1_CA173_RS10675	26.6
NZ_CP082327_1_K6983_RS01710	NZ_CP021325_1_CA173_RS10820	24.4
NZ_CP082327_1_K6983_RS01710	NZ_CP021325_1_CA173_RS11570	40.4
NZ_CP082327_1_K6983_RS01710	NZ_CP021325_1_CA173_RS04170	42.4
NZ_CP082327_1_K6983_RS22210	NZ_CP021325_1_CA173_RS05790	49.6
NZ_CP082327_1_K6983_RS16940	NZ_CP021325_1_CA173_RS02025	51.9
NZ_CP082327_1_K6983_RS04335	NZ_CP021325_1_CA173_RS10170	50.0
NZ_CP082327_1_K6983_RS18460	NZ_CP021325_1_CA173_RS04135	27.3
NZ_CP082327_1_K6983_RS05745	NZ_CP021325_1_CA173_RS08220	39.5
NZ_CP082327_1_K6983_RS22290	NZ_CP021325_1_CA173_RS10720	45.6
NZ_CP082327_1_K6983_RS18625	NZ_CP021325_1_CA173_RS10310	39.1
NZ_CP082327_1_K6983_RS21225	NZ_CP021325_1_CA173_RS01270	51.1
NZ_CP082327_1_K6983_RS09725	NZ_CP021325_1_CA173_RS08415	42.1
NZ_CP082327_1_K6983_RS17190	NZ_CP021325_1_CA173_RS00375	29.5
NZ_CP082327_1_K6983_RS18365	NZ_CP021325_1_CA173_RS08495	35.3
NZ_CP082327_1_K6983_RS03825	NZ_CP021325_1_CA173_RS08960	61.7
NZ_CP082327_1_K6983_RS02085	NZ_CP021325_1_CA173_RS14075	41.5
NZ_CP082327_1_K6983_RS00340	NZ_CP021325_1_CA173_RS09925	44.9
NZ_CP082327_1_K6983_RS01400	NZ_CP021325_1_CA173_RS14775	28.0
NZ_CP082327_1_K6983_RS01400	NZ_CP021325_1_CA173_RS11465	27.8
NZ_CP082327_1_K6983_RS01400	NZ_CP021325_1_CA173_RS04615	26.0
NZ_CP082327_1_K6983_RS04810	NZ_CP021325_1_CA173_RS07620	38.7
NZ_CP082327_1_K6983_RS00295	NZ_CP021325_1_CA173_RS09935	42.1
NZ_CP082327_1_K6983_RS20890	NZ_CP021325_1_CA173_RS01145	28.9
NZ_CP082327_1_K6983_RS18745	NZ_CP021325_1_CA173_RS10925	36.7
NZ_CP082327_1_K6983_RS06400	NZ_CP021325_1_CA173_RS01465	37.8
NZ_CP082327_1_K6983_RS06400	NZ_CP021325_1_CA173_RS10290	27.0
NZ_CP082327_1_K6983_RS07455	NZ_CP021325_1_CA173_RS11585	35.1
NZ_CP082327_1_K6983_RS21115	NZ_CP021325_1_CA173_RS09595	48.0
NZ_CP082327_1_K6983_RS03745	NZ_CP021325_1_CA173_RS10505	28.3
NZ_CP082327_1_K6983_RS06915	NZ_CP021325_1_CA173_RS09010	29.5
NZ_CP082327_1_K6983_RS01665	NZ_CP021325_1_CA173_RS11840	56.8
NZ_CP082327_1_K6983_RS09660	NZ_CP021325_1_CA173_RS15035	44.5
NZ_CP082327_1_K6983_RS18850	NZ_CP021325_1_CA173_RS10990	42.3
NZ_CP082327_1_K6983_RS18850	NZ_CP021325_1_CA173_RS05160	23.2
NZ_CP082327_1_K6983_RS03755	NZ_CP021325_1_CA173_RS07990	32.3
NZ_CP082327_1_K6983_RS02665	NZ_CP021325_1_CA173_RS01130	42.4
NZ_CP082327_1_K6983_RS01990	NZ_CP021325_1_CA173_RS14170	43.9
NZ_CP082327_1_K6983_RS21565	NZ_CP021325_1_CA173_RS13060	27.6
NZ_CP082327_1_K6983_RS21565	NZ_CP021325_1_CA173_RS12005	26.0
NZ_CP082327_1_K6983_RS07890	NZ_CP021325_1_CA173_RS08100	45.9
NZ_CP082327_1_K6983_RS03725	NZ_CP021325_1_CA173_RS09205	34.3
NZ_CP082327_1_K6983_RS09635	NZ_CP021325_1_CA173_RS14630	36.4
NZ_CP082327_1_K6983_RS09635	NZ_CP021325_1_CA173_RS14915	37.5
NZ_CP082327_1_K6983_RS09635	NZ_CP021325_1_CA173_RS14505	35.7
NZ_CP082327_1_K6983_RS09635	NZ_CP021325_1_CA173_RS00170	32.1
NZ_CP082327_1_K6983_RS09635	NZ_CP021325_1_CA173_RS04855	29.7
NZ_CP082327_1_K6983_RS09635	NZ_CP021325_1_CA173_RS15025	28.8
NZ_CP082327_1_K6983_RS09635	NZ_CP021325_1_CA173_RS01910	29.4
NZ_CP082327_1_K6983_RS09635	NZ_CP021325_1_CA173_RS01525	28.7
NZ_CP082327_1_K6983_RS11730	NZ_CP021325_1_CA173_RS04470	46.5
NZ_CP082327_1_K6983_RS06260	NZ_CP021325_1_CA173_RS10570	44.3
NZ_CP082327_1_K6983_RS12810	NZ_CP021325_1_CA173_RS09690	53.8
NZ_CP082327_1_K6983_RS11980	NZ_CP021325_1_CA173_RS09775	37.1
NZ_CP082327_1_K6983_RS11980	NZ_CP021325_1_CA173_RS13765	44.9
NZ_CP082327_1_K6983_RS21815	NZ_CP021325_1_CA173_RS07990	27.0
NZ_CP082327_1_K6983_RS00200	NZ_CP021325_1_CA173_RS09485	39.0
NZ_CP082327_1_K6983_RS22615	NZ_CP021325_1_CA173_RS15395	36.7
NZ_CP082327_1_K6983_RS06655	NZ_CP021325_1_CA173_RS08375	27.4
NZ_CP082327_1_K6983_RS09010	NZ_CP021325_1_CA173_RS00780	34.1
NZ_CP082327_1_K6983_RS02705	NZ_CP021325_1_CA173_RS07205	39.3
NZ_CP082327_1_K6983_RS07985	NZ_CP021325_1_CA173_RS11410	24.0
NZ_CP082327_1_K6983_RS07985	NZ_CP021325_1_CA173_RS13330	35.4
NZ_CP082327_1_K6983_RS16755	NZ_CP021325_1_CA173_RS08585	26.2
NZ_CP082327_1_K6983_RS19145	NZ_CP021325_1_CA173_RS09980	46.2
NZ_CP082327_1_K6983_RS19145	NZ_CP021325_1_CA173_RS14835	30.2
NZ_CP082327_1_K6983_RS00770	NZ_CP021325_1_CA173_RS07895	32.9
NZ_CP082327_1_K6983_RS11985	NZ_CP021325_1_CA173_RS07090	29.0
NZ_CP082327_1_K6983_RS04275	NZ_CP021325_1_CA173_RS11580	25.5
NZ_CP082327_1_K6983_RS18490	NZ_CP021325_1_CA173_RS05740	29.2
NZ_CP082327_1_K6983_RS12535	NZ_CP021325_1_CA173_RS14565	44.1
NZ_CP082327_1_K6983_RS16730	NZ_CP021325_1_CA173_RS11095	39.6
NZ_CP082327_1_K6983_RS18430	NZ_CP021325_1_CA173_RS07160	47.2
NZ_CP082327_1_K6983_RS16880	NZ_CP021325_1_CA173_RS08865	27.1
NZ_CP082327_1_K6983_RS02395	NZ_CP021325_1_CA173_RS01050	25.9
