CP001037_1_Npun_F6100	NZ_CP082327_1_K6983_RS20840	54.5
CP001037_1_Npun_F1023	NZ_CP082327_1_K6983_RS06020	48.3
CP001037_1_Npun_R5647	NZ_CP082327_1_K6983_RS19355	36.1
CP001037_1_Npun_F2857	NZ_CP082327_1_K6983_RS05250	49.8
CP001037_1_Npun_F2857	NZ_CP082327_1_K6983_RS01275	33.0
CP001037_1_Npun_F6223	NZ_CP082327_1_K6983_RS06675	40.9
CP001037_1_Npun_F5825	NZ_CP082327_1_K6983_RS05265	45.3
CP001037_1_Npun_R5547	NZ_CP082327_1_K6983_RS06795	45.7
CP001037_1_Npun_R5547	NZ_CP082327_1_K6983_RS04885	42.3
CP001037_1_Npun_R5547	NZ_CP082327_1_K6983_RS05875	41.7
CP001037_1_Npun_F2808	NZ_CP082327_1_K6983_RS09060	52.5
CP001037_1_Npun_R5823	NZ_CP082327_1_K6983_RS18860	24.0
CP001037_1_Npun_F0098	NZ_CP082327_1_K6983_RS12995	40.3
CP001037_1_Npun_R3708	NZ_CP082327_1_K6983_RS09165	32.9
CP001037_1_Npun_F4985	NZ_CP082327_1_K6983_RS21210	45.0
CP001037_1_Npun_F4521	NZ_CP082327_1_K6983_RS05645	27.1
CP001037_1_Npun_R4390	NZ_CP082327_1_K6983_RS01985	49.8
CP001037_1_Npun_F3073	NZ_CP082327_1_K6983_RS03900	28.6
CP001037_1_Npun_R5095	NZ_CP082327_1_K6983_RS15655	36.1
CP001037_1_Npun_R5095	NZ_CP082327_1_K6983_RS21410	32.5
CP001037_1_Npun_R0638	NZ_CP082327_1_K6983_RS07930	35.2
CP001037_1_Npun_F4459	NZ_CP082327_1_K6983_RS03275	33.2
CP001037_1_Npun_R4069	NZ_CP082327_1_K6983_RS11260	19.3
CP001037_1_Npun_F5459	NZ_CP082327_1_K6983_RS21360	31.3
CP001037_1_Npun_F1592	NZ_CP082327_1_K6983_RS10590	48.5
CP001037_1_Npun_R2415	NZ_CP082327_1_K6983_RS09415	46.5
CP001037_1_Npun_F6469	NZ_CP082327_1_K6983_RS14605	38.3
CP001037_1_Npun_F6469	NZ_CP082327_1_K6983_RS14340	29.5
CP001037_1_Npun_R4982	NZ_CP082327_1_K6983_RS08110	43.2
CP001037_1_Npun_R4176	NZ_CP082327_1_K6983_RS18660	46.4
CP001037_1_Npun_F2752	NZ_CP082327_1_K6983_RS07890	33.7
CP001037_1_Npun_F0001	NZ_CP082327_1_K6983_RS00005	36.8
CP001037_1_Npun_F4803	NZ_CP082327_1_K6983_RS03800	35.1
CP001037_1_Npun_R2850	NZ_CP082327_1_K6983_RS11410	27.9
CP001037_1_Npun_R5787	NZ_CP082327_1_K6983_RS19370	44.0
CP001037_1_Npun_F4024	NZ_CP082327_1_K6983_RS06015	30.6
CP001037_1_Npun_F4024	NZ_CP082327_1_K6983_RS19260	40.0
CP001037_1_Npun_R3508	NZ_CP082327_1_K6983_RS04575	59.4
CP001037_1_Npun_R5569	NZ_CP082327_1_K6983_RS18435	41.2
CP001037_1_Npun_R4665	NZ_CP082327_1_K6983_RS05810	30.6
CP001037_1_Npun_R4665	NZ_CP082327_1_K6983_RS22255	28.1
CP001037_1_Npun_F6136	NZ_CP082327_1_K6983_RS18430	48.1
CP001037_1_Npun_F4514	NZ_CP082327_1_K6983_RS14480	39.8
CP001037_1_Npun_F2878	NZ_CP082327_1_K6983_RS07795	30.0
CP001037_1_Npun_F3458	NZ_CP082327_1_K6983_RS08970	48.5
CP001037_1_Npun_F3458	NZ_CP082327_1_K6983_RS20325	31.6
CP001037_1_Npun_F0065	NZ_CP082327_1_K6983_RS21045	31.6
CP001037_1_Npun_F5008	NZ_CP082327_1_K6983_RS01960	24.4
CP001037_1_Npun_F5008	NZ_CP082327_1_K6983_RS01630	35.0
CP001037_1_Npun_F5444	NZ_CP082327_1_K6983_RS12780	41.1
CP001037_1_Npun_F2914	NZ_CP082327_1_K6983_RS04985	60.8
CP001037_1_Npun_R6215	NZ_CP082327_1_K6983_RS18490	25.7
CP001037_1_Npun_F0907	NZ_CP082327_1_K6983_RS22490	43.9
CP001037_1_Npun_F6500	NZ_CP082327_1_K6983_RS00910	28.5
CP001037_1_Npun_R1026	NZ_CP082327_1_K6983_RS05295	57.6
CP001037_1_Npun_R1026	NZ_CP082327_1_K6983_RS14895	52.7
CP001037_1_Npun_R1026	NZ_CP082327_1_K6983_RS10055	50.9
CP001037_1_Npun_F2374	NZ_CP082327_1_K6983_RS12500	51.0
CP001037_1_Npun_R5387	NZ_CP082327_1_K6983_RS21795	55.0
CP001037_1_Npun_F0851	NZ_CP082327_1_K6983_RS16680	57.5
CP001037_1_Npun_F0851	NZ_CP082327_1_K6983_RS21485	41.4
CP001037_1_Npun_F0851	NZ_CP082327_1_K6983_RS02660	32.5
CP001037_1_Npun_F2831	NZ_CP082327_1_K6983_RS20875	42.9
CP001037_1_Npun_F2831	NZ_CP082327_1_K6983_RS20875	57.1
CP001037_1_Npun_R4945	NZ_CP082327_1_K6983_RS10180	28.7
CP001037_1_Npun_R4945	NZ_CP082327_1_K6983_RS04420	28.2
CP001037_1_Npun_F4874	NZ_CP082327_1_K6983_RS02985	39.4
CP001037_1_Npun_F4874	NZ_CP082327_1_K6983_RS06750	39.9
CP001037_1_Npun_F2866	NZ_CP082327_1_K6983_RS01090	43.5
CP001037_1_Npun_F2866	NZ_CP082327_1_K6983_RS11020	29.9
CP001037_1_Npun_F6004	NZ_CP082327_1_K6983_RS18210	45.3
CP001037_1_Npun_R6604	NZ_CP082327_1_K6983_RS11845	34.4
CP001037_1_Npun_R6027	NZ_CP082327_1_K6983_RS16845	43.7
CP001037_1_Npun_R6439	NZ_CP082327_1_K6983_RS22435	49.3
CP001037_1_Npun_F5157	NZ_CP082327_1_K6983_RS06990	31.7
CP001037_1_Npun_F5157	NZ_CP082327_1_K6983_RS04980	37.7
CP001037_1_Npun_R4457	NZ_CP082327_1_K6983_RS09275	33.3
CP001037_1_Npun_R6372	NZ_CP082327_1_K6983_RS20240	37.9
CP001037_1_Npun_R2505	NZ_CP082327_1_K6983_RS22220	48.2
CP001037_1_Npun_F6058	NZ_CP082327_1_K6983_RS00340	39.9
CP001037_1_Npun_R5425	NZ_CP082327_1_K6983_RS01550	50.3
CP001037_1_Npun_R5425	NZ_CP082327_1_K6983_RS02730	32.9
CP001037_1_Npun_R5425	NZ_CP082327_1_K6983_RS13880	44.0
CP001037_1_Npun_R0306	NZ_CP082327_1_K6983_RS21465	34.8
CP001037_1_Npun_R4927	NZ_CP082327_1_K6983_RS04805	34.9
CP001037_1_Npun_F3769	NZ_CP082327_1_K6983_RS16230	48.4
CP001037_1_Npun_R1619	NZ_CP082327_1_K6983_RS02355	27.4
CP001037_1_Npun_R3968	NZ_CP082327_1_K6983_RS06920	68.2
CP001037_1_Npun_R2732	NZ_CP082327_1_K6983_RS22380	44.2
CP001037_1_Npun_R4996	NZ_CP082327_1_K6983_RS18445	45.6
CP001037_1_Npun_R5635	NZ_CP082327_1_K6983_RS00040	25.6
CP001037_1_Npun_R5635	NZ_CP082327_1_K6983_RS14545	22.8
CP001037_1_Npun_R3756	NZ_CP082327_1_K6983_RS04005	40.0
CP001037_1_Npun_R1726	NZ_CP082327_1_K6983_RS19535	28.9
CP001037_1_Npun_R1726	NZ_CP082327_1_K6983_RS00440	29.2
CP001037_1_Npun_R1726	NZ_CP082327_1_K6983_RS10705	31.5
CP001037_1_Npun_R4240	NZ_CP082327_1_K6983_RS01715	29.8
CP001037_1_Npun_F2029	NZ_CP082327_1_K6983_RS15130	37.3
CP001037_1_Npun_F2715	NZ_CP082327_1_K6983_RS10345	31.0
CP001037_1_Npun_F4082	NZ_CP082327_1_K6983_RS15020	50.0
CP001037_1_Npun_F4082	NZ_CP082327_1_K6983_RS01710	30.9
CP001037_1_Npun_F4863	NZ_CP082327_1_K6983_RS22470	57.1
CP001037_1_Npun_F4863	NZ_CP082327_1_K6983_RS17960	28.0
CP001037_1_Npun_F4863	NZ_CP082327_1_K6983_RS08620	28.8
CP001037_1_Npun_R3957	NZ_CP082327_1_K6983_RS08740	33.7
CP001037_1_Npun_R0877	NZ_CP082327_1_K6983_RS14360	26.8
CP001037_1_Npun_R6493	NZ_CP082327_1_K6983_RS15495	49.3
CP001037_1_Npun_F2433	NZ_CP082327_1_K6983_RS13370	32.9
CP001037_1_Npun_F5758	NZ_CP082327_1_K6983_RS05815	34.5
CP001037_1_Npun_F5237	NZ_CP082327_1_K6983_RS09660	43.5
CP001037_1_Npun_F1625	NZ_CP082327_1_K6983_RS15710	40.2
CP001037_1_Npun_F1625	NZ_CP082327_1_K6983_RS10020	37.1
CP001037_1_Npun_F1625	NZ_CP082327_1_K6983_RS15705	38.5
CP001037_1_Npun_F1625	NZ_CP082327_1_K6983_RS18525	33.9
CP001037_1_Npun_R0362	NZ_CP082327_1_K6983_RS04920	43.3
CP001037_1_Npun_F5883	NZ_CP082327_1_K6983_RS13765	58.1
CP001037_1_Npun_F5883	NZ_CP082327_1_K6983_RS17030	32.9
CP001037_1_Npun_R6239	NZ_CP082327_1_K6983_RS02790	41.4
CP001037_1_Npun_F4035	NZ_CP082327_1_K6983_RS18405	35.6
CP001037_1_Npun_F3262	NZ_CP082327_1_K6983_RS02635	47.4
CP001037_1_Npun_F5054	NZ_CP082327_1_K6983_RS05740	38.7
CP001037_1_Npun_R5717	NZ_CP082327_1_K6983_RS00495	37.9
CP001037_1_Npun_R5719	NZ_CP082327_1_K6983_RS02605	51.0
CP001037_1_Npun_R0786	NZ_CP082327_1_K6983_RS22285	51.6
CP001037_1_Npun_R0786	NZ_CP082327_1_K6983_RS02975	36.5
CP001037_1_Npun_R3583	NZ_CP082327_1_K6983_RS03225	39.1
CP001037_1_Npun_F0081	NZ_CP082327_1_K6983_RS01275	44.4
CP001037_1_Npun_F0081	NZ_CP082327_1_K6983_RS05250	34.6
CP001037_1_Npun_F5003	NZ_CP082327_1_K6983_RS06655	34.4
CP001037_1_Npun_R4384	NZ_CP082327_1_K6983_RS02015	48.7
CP001037_1_Npun_F3917	NZ_CP082327_1_K6983_RS21515	41.2
CP001037_1_Npun_F3917	NZ_CP082327_1_K6983_RS03870	40.4
CP001037_1_Npun_F0443	NZ_CP082327_1_K6983_RS16785	37.0
CP001037_1_Npun_F4986	NZ_CP082327_1_K6983_RS21205	59.3
CP001037_1_Npun_R4804	NZ_CP082327_1_K6983_RS18810	56.9
CP001037_1_Npun_F5430	NZ_CP082327_1_K6983_RS06965	31.1
CP001037_1_Npun_F2392	NZ_CP082327_1_K6983_RS11235	26.3
CP001037_1_Npun_F2392	NZ_CP082327_1_K6983_RS22140	26.3
CP001037_1_Npun_R0874	NZ_CP082327_1_K6983_RS13785	59.3
CP001037_1_Npun_F5432	NZ_CP082327_1_K6983_RS19910	21.7
CP001037_1_Npun_F2829	NZ_CP082327_1_K6983_RS18220	41.8
CP001037_1_Npun_R1079	NZ_CP082327_1_K6983_RS05175	48.3
CP001037_1_Npun_R5519	NZ_CP082327_1_K6983_RS12540	52.0
CP001037_1_Npun_R0029	NZ_CP082327_1_K6983_RS19260	57.5
CP001037_1_Npun_R0029	NZ_CP082327_1_K6983_RS06015	52.6
CP001037_1_Npun_F2660	NZ_CP082327_1_K6983_RS01360	47.8
CP001037_1_Npun_R0116	NZ_CP082327_1_K6983_RS18760	28.7
CP001037_1_Npun_R3700	NZ_CP082327_1_K6983_RS21170	59.1
CP001037_1_Npun_R0790	NZ_CP082327_1_K6983_RS05640	30.9
CP001037_1_Npun_R4389	NZ_CP082327_1_K6983_RS01990	41.7
CP001037_1_Npun_R3868	NZ_CP082327_1_K6983_RS12085	44.8
CP001037_1_Npun_R1256	NZ_CP082327_1_K6983_RS02975	38.7
CP001037_1_Npun_R1256	NZ_CP082327_1_K6983_RS22285	37.6
CP001037_1_Npun_R0628	NZ_CP082327_1_K6983_RS16085	31.6
CP001037_1_Npun_F0941	NZ_CP082327_1_K6983_RS04750	41.9
CP001037_1_Npun_F5707	NZ_CP082327_1_K6983_RS12550	33.6
CP001037_1_Npun_F5707	NZ_CP082327_1_K6983_RS00980	32.8
CP001037_1_Npun_R6366	NZ_CP082327_1_K6983_RS12520	57.5
CP001037_1_Npun_F0125	NZ_CP082327_1_K6983_RS20295	28.4
CP001037_1_Npun_F2657	NZ_CP082327_1_K6983_RS07585	27.1
CP001037_1_Npun_R3861	NZ_CP082327_1_K6983_RS03235	42.2
CP001037_1_Npun_R4606	NZ_CP082327_1_K6983_RS14725	32.1
CP001037_1_Npun_F4156	NZ_CP082327_1_K6983_RS15450	44.7
CP001037_1_Npun_F3651	NZ_CP082327_1_K6983_RS02150	41.0
CP001037_1_Npun_F3651	NZ_CP082327_1_K6983_RS06960	30.4
CP001037_1_Npun_R0359	NZ_CP082327_1_K6983_RS04830	54.0
CP001037_1_Npun_F0881	NZ_CP082327_1_K6983_RS06670	39.4
CP001037_1_Npun_R5651	NZ_CP082327_1_K6983_RS08980	46.8
CP001037_1_Npun_F4614	NZ_CP082327_1_K6983_RS20795	60.1
CP001037_1_Npun_R4006	NZ_CP082327_1_K6983_RS08920	47.2
CP001037_1_Npun_F1478	NZ_CP082327_1_K6983_RS19175	42.9
CP001037_1_Npun_F1478	NZ_CP082327_1_K6983_RS19795	24.0
CP001037_1_Npun_R0192	NZ_CP082327_1_K6983_RS07755	64.2
CP001037_1_Npun_R1302	NZ_CP082327_1_K6983_RS15295	23.9
CP001037_1_Npun_R1302	NZ_CP082327_1_K6983_RS22550	27.1
CP001037_1_Npun_F4644	NZ_CP082327_1_K6983_RS02145	33.5
CP001037_1_Npun_F5938	NZ_CP082327_1_K6983_RS03890	43.7
CP001037_1_Npun_R6023	NZ_CP082327_1_K6983_RS21975	27.2
CP001037_1_Npun_R5934	NZ_CP082327_1_K6983_RS09130	30.0
CP001037_1_Npun_F2137	NZ_CP082327_1_K6983_RS12320	36.7
CP001037_1_Npun_R5627	NZ_CP082327_1_K6983_RS15070	37.0
CP001037_1_Npun_R5627	NZ_CP082327_1_K6983_RS17185	34.3
CP001037_1_Npun_R0669	NZ_CP082327_1_K6983_RS00860	27.7
CP001037_1_Npun_R3500	NZ_CP082327_1_K6983_RS11565	32.6
CP001037_1_Npun_R3500	NZ_CP082327_1_K6983_RS07805	34.0
CP001037_1_Npun_R3500	NZ_CP082327_1_K6983_RS02765	34.0
CP001037_1_Npun_F2517	NZ_CP082327_1_K6983_RS11715	57.0
CP001037_1_Npun_F2517	NZ_CP082327_1_K6983_RS03955	32.8
CP001037_1_Npun_F2517	NZ_CP082327_1_K6983_RS00805	29.9
CP001037_1_Npun_F2517	NZ_CP082327_1_K6983_RS06630	30.8
CP001037_1_Npun_R3970	NZ_CP082327_1_K6983_RS06910	30.2
CP001037_1_Npun_R0854	NZ_CP082327_1_K6983_RS15020	36.8
CP001037_1_Npun_R0482	NZ_CP082327_1_K6983_RS21560	38.5
CP001037_1_Npun_R1180	NZ_CP082327_1_K6983_RS00985	30.5
CP001037_1_Npun_R1828	NZ_CP082327_1_K6983_RS21935	46.2
CP001037_1_Npun_R5724	NZ_CP082327_1_K6983_RS22600	46.8
CP001037_1_Npun_R5509	NZ_CP082327_1_K6983_RS08100	47.8
CP001037_1_Npun_F6279	NZ_CP082327_1_K6983_RS03835	40.0
CP001037_1_Npun_F2275	NZ_CP082327_1_K6983_RS12260	24.0
CP001037_1_Npun_F2803	NZ_CP082327_1_K6983_RS03900	25.6
CP001037_1_Npun_F2803	NZ_CP082327_1_K6983_RS16545	21.0
CP001037_1_Npun_F3798	NZ_CP082327_1_K6983_RS22120	48.9
CP001037_1_Npun_R0710	NZ_CP082327_1_K6983_RS05780	50.6
CP001037_1_Npun_F4952	NZ_CP082327_1_K6983_RS11890	32.2
CP001037_1_Npun_F4952	NZ_CP082327_1_K6983_RS11885	38.3
CP001037_1_Npun_F1541	NZ_CP082327_1_K6983_RS01655	52.0
CP001037_1_Npun_F1541	NZ_CP082327_1_K6983_RS20700	38.3
CP001037_1_Npun_R2301	NZ_CP082327_1_K6983_RS02160	38.7
CP001037_1_Npun_R6316	NZ_CP082327_1_K6983_RS21110	47.1
CP001037_1_Npun_F0585	NZ_CP082327_1_K6983_RS06780	28.0
CP001037_1_Npun_F0585	NZ_CP082327_1_K6983_RS10490	23.5
CP001037_1_Npun_R0360	NZ_CP082327_1_K6983_RS04835	52.7
CP001037_1_Npun_F0949	NZ_CP082327_1_K6983_RS18795	45.2
CP001037_1_Npun_F3848	NZ_CP082327_1_K6983_RS17020	53.0
CP001037_1_Npun_F3799	NZ_CP082327_1_K6983_RS01445	35.5
CP001037_1_Npun_F6197	NZ_CP082327_1_K6983_RS21835	38.5
CP001037_1_Npun_F6197	NZ_CP082327_1_K6983_RS04480	32.1
CP001037_1_Npun_F5831	NZ_CP082327_1_K6983_RS21340	45.8
CP001037_1_Npun_F5831	NZ_CP082327_1_K6983_RS20415	23.0
CP001037_1_Npun_R6519	NZ_CP082327_1_K6983_RS04040	36.6
CP001037_1_Npun_F5945	NZ_CP082327_1_K6983_RS15045	36.1
CP001037_1_Npun_R5970	NZ_CP082327_1_K6983_RS18420	44.7
CP001037_1_Npun_F0562	NZ_CP082327_1_K6983_RS04995	42.8
CP001037_1_Npun_R0847	NZ_CP082327_1_K6983_RS05935	40.4
CP001037_1_Npun_R3791	NZ_CP082327_1_K6983_RS07795	26.4
CP001037_1_Npun_F2927	NZ_CP082327_1_K6983_RS05945	35.0
CP001037_1_Npun_F4153	NZ_CP082327_1_K6983_RS05440	33.9
CP001037_1_Npun_F5168	NZ_CP082327_1_K6983_RS06110	58.0
CP001037_1_Npun_R4072	NZ_CP082327_1_K6983_RS16265	29.1
CP001037_1_Npun_F0002	NZ_CP082327_1_K6983_RS11275	24.9
CP001037_1_Npun_R3877	NZ_CP082327_1_K6983_RS02490	44.8
CP001037_1_Npun_R1123	NZ_CP082327_1_K6983_RS03950	44.2
CP001037_1_Npun_F0008	NZ_CP082327_1_K6983_RS16800	40.8
CP001037_1_Npun_F0008	NZ_CP082327_1_K6983_RS05515	32.2
CP001037_1_Npun_R3889	NZ_CP082327_1_K6983_RS18370	48.9
CP001037_1_Npun_F4987	NZ_CP082327_1_K6983_RS21205	27.2
CP001037_1_Npun_R4834	NZ_CP082327_1_K6983_RS15490	30.7
CP001037_1_Npun_R2378	NZ_CP082327_1_K6983_RS02825	48.4
CP001037_1_Npun_F4822	NZ_CP082327_1_K6983_RS10165	64.2
CP001037_1_Npun_F5351	NZ_CP082327_1_K6983_RS14765	36.7
CP001037_1_Npun_F3940	NZ_CP082327_1_K6983_RS18850	38.0
CP001037_1_Npun_F0328	NZ_CP082327_1_K6983_RS17755	45.1
CP001037_1_Npun_F0328	NZ_CP082327_1_K6983_RS19290	43.2
CP001037_1_Npun_F2640	NZ_CP082327_1_K6983_RS14370	42.7
CP001037_1_Npun_F2640	NZ_CP082327_1_K6983_RS12825	38.5
CP001037_1_Npun_F2640	NZ_CP082327_1_K6983_RS11525	33.3
CP001037_1_Npun_F2640	NZ_CP082327_1_K6983_RS11530	29.7
CP001037_1_Npun_F5332	NZ_CP082327_1_K6983_RS04285	34.4
CP001037_1_Npun_F5332	NZ_CP082327_1_K6983_RS22375	32.6
CP001037_1_Npun_F5332	NZ_CP082327_1_K6983_RS21470	32.2
CP001037_1_Npun_F5332	NZ_CP082327_1_K6983_RS10300	29.5
CP001037_1_Npun_F5332	NZ_CP082327_1_K6983_RS01400	29.1
CP001037_1_Npun_F5332	NZ_CP082327_1_K6983_RS04910	31.9
CP001037_1_Npun_F6033	NZ_CP082327_1_K6983_RS04570	54.2
CP001037_1_Npun_F4120	NZ_CP082327_1_K6983_RS16510	46.1
CP001037_1_Npun_R5323	NZ_CP082327_1_K6983_RS20975	37.4
CP001037_1_Npun_R5323	NZ_CP082327_1_K6983_RS04265	32.2
CP001037_1_Npun_R5323	NZ_CP082327_1_K6983_RS19080	25.3
CP001037_1_Npun_F2920	NZ_CP082327_1_K6983_RS01490	40.6
CP001037_1_Npun_R5070	NZ_CP082327_1_K6983_RS01665	45.5
CP001037_1_Npun_F0943	NZ_CP082327_1_K6983_RS19180	35.8
CP001037_1_Npun_F3366	NZ_CP082327_1_K6983_RS14310	22.0
CP001037_1_Npun_F0275	NZ_CP082327_1_K6983_RS16840	49.0
CP001037_1_Npun_F3946	NZ_CP082327_1_K6983_RS16245	40.8
CP001037_1_Npun_R2253	NZ_CP082327_1_K6983_RS19945	41.7
CP001037_1_Npun_R2253	NZ_CP082327_1_K6983_RS22385	31.4
CP001037_1_Npun_R2253	NZ_CP082327_1_K6983_RS20685	29.2
CP001037_1_Npun_F4960	NZ_CP082327_1_K6983_RS12260	27.1
CP001037_1_Npun_F1117	NZ_CP082327_1_K6983_RS13620	30.8
CP001037_1_Npun_R5570	NZ_CP082327_1_K6983_RS18440	47.0
CP001037_1_Npun_F2929	NZ_CP082327_1_K6983_RS18805	35.8
CP001037_1_Npun_F3987	NZ_CP082327_1_K6983_RS02285	37.3
CP001037_1_Npun_F3987	NZ_CP082327_1_K6983_RS20890	24.7
CP001037_1_Npun_R0467	NZ_CP082327_1_K6983_RS14770	56.4
CP001037_1_Npun_F0173	NZ_CP082327_1_K6983_RS06235	46.5
CP001037_1_Npun_F3167	NZ_CP082327_1_K6983_RS20050	25.7
CP001037_1_Npun_R5229	NZ_CP082327_1_K6983_RS22095	41.7
CP001037_1_Npun_R4676	NZ_CP082327_1_K6983_RS05225	30.1
CP001037_1_Npun_R1007	NZ_CP082327_1_K6983_RS22075	37.8
CP001037_1_Npun_R1007	NZ_CP082327_1_K6983_RS22260	38.3
CP001037_1_Npun_R1007	NZ_CP082327_1_K6983_RS13625	28.8
CP001037_1_Npun_R1007	NZ_CP082327_1_K6983_RS04370	20.2
CP001037_1_Npun_F1935	NZ_CP082327_1_K6983_RS14705	32.2
CP001037_1_Npun_F1935	NZ_CP082327_1_K6983_RS01160	28.9
CP001037_1_Npun_F1935	NZ_CP082327_1_K6983_RS01165	27.4
CP001037_1_Npun_F3454	NZ_CP082327_1_K6983_RS18540	27.0
CP001037_1_Npun_F3454	NZ_CP082327_1_K6983_RS12935	23.8
CP001037_1_Npun_F3454	NZ_CP082327_1_K6983_RS11480	19.9
CP001037_1_Npun_F5214	NZ_CP082327_1_K6983_RS22495	45.7
CP001037_1_Npun_R1357	NZ_CP082327_1_K6983_RS06300	40.3
CP001037_1_Npun_R6492	NZ_CP082327_1_K6983_RS18625	43.5
CP001037_1_Npun_R6492	NZ_CP082327_1_K6983_RS13885	39.7
CP001037_1_Npun_F4464	NZ_CP082327_1_K6983_RS07725	40.7
CP001037_1_Npun_F5720	NZ_CP082327_1_K6983_RS00280	33.3
CP001037_1_Npun_F1365	NZ_CP082327_1_K6983_RS05660	27.2
CP001037_1_Npun_R3890	NZ_CP082327_1_K6983_RS02345	38.3
CP001037_1_Npun_R3890	NZ_CP082327_1_K6983_RS13020	37.8
CP001037_1_Npun_R1487	NZ_CP082327_1_K6983_RS22175	27.6
CP001037_1_Npun_R5251	NZ_CP082327_1_K6983_RS06890	40.9
CP001037_1_Npun_F2937	NZ_CP082327_1_K6983_RS21150	49.8
CP001037_1_Npun_F3850	NZ_CP082327_1_K6983_RS16830	33.4
CP001037_1_Npun_R0329	NZ_CP082327_1_K6983_RS02465	34.1
CP001037_1_Npun_R0329	NZ_CP082327_1_K6983_RS20705	30.9
CP001037_1_Npun_F3647	NZ_CP082327_1_K6983_RS12655	25.0
CP001037_1_Npun_F6008	NZ_CP082327_1_K6983_RS14375	39.8
CP001037_1_Npun_F6008	NZ_CP082327_1_K6983_RS12820	39.1
CP001037_1_Npun_F6008	NZ_CP082327_1_K6983_RS11530	31.6
CP001037_1_Npun_F3573	NZ_CP082327_1_K6983_RS06585	49.9
CP001037_1_Npun_R5202	NZ_CP082327_1_K6983_RS20465	48.3
CP001037_1_Npun_R5202	NZ_CP082327_1_K6983_RS04080	49.0
CP001037_1_Npun_R3783	NZ_CP082327_1_K6983_RS22290	39.3
CP001037_1_Npun_F3478	NZ_CP082327_1_K6983_RS10330	26.2
CP001037_1_Npun_R0488	NZ_CP082327_1_K6983_RS11295	44.7
CP001037_1_Npun_R6561	NZ_CP082327_1_K6983_RS21985	38.7
CP001037_1_Npun_R6289	NZ_CP082327_1_K6983_RS21345	36.5
CP001037_1_Npun_R5510	NZ_CP082327_1_K6983_RS12035	48.4
CP001037_1_Npun_R0445	NZ_CP082327_1_K6983_RS15465	30.1
CP001037_1_Npun_R3934	NZ_CP082327_1_K6983_RS02395	27.0
CP001037_1_Npun_F2773	NZ_CP082327_1_K6983_RS12910	33.9
CP001037_1_Npun_R3775	NZ_CP082327_1_K6983_RS05485	62.8
CP001037_1_Npun_F5156	NZ_CP082327_1_K6983_RS05555	57.8
CP001037_1_Npun_R3442	NZ_CP082327_1_K6983_RS21920	32.4
CP001037_1_Npun_R3288	NZ_CP082327_1_K6983_RS16615	42.0
CP001037_1_Npun_F1146	NZ_CP082327_1_K6983_RS12335	27.7
CP001037_1_Npun_F1146	NZ_CP082327_1_K6983_RS08015	25.8
CP001037_1_Npun_R2799	NZ_CP082327_1_K6983_RS06650	48.7
CP001037_1_Npun_F5466	NZ_CP082327_1_K6983_RS16770	45.2
CP001037_1_Npun_F5033	NZ_CP082327_1_K6983_RS04160	30.7
CP001037_1_Npun_R5558	NZ_CP082327_1_K6983_RS12635	37.9
CP001037_1_Npun_F3954	NZ_CP082327_1_K6983_RS05730	36.2
CP001037_1_Npun_R3482	NZ_CP082327_1_K6983_RS14870	24.0
CP001037_1_Npun_R3761	NZ_CP082327_1_K6983_RS04810	39.3
CP001037_1_Npun_R4395	NZ_CP082327_1_K6983_RS04445	27.6
CP001037_1_Npun_R4395	NZ_CP082327_1_K6983_RS04945	26.7
CP001037_1_Npun_F3884	NZ_CP082327_1_K6983_RS01890	68.9
CP001037_1_Npun_F3884	NZ_CP082327_1_K6983_RS21245	68.9
CP001037_1_Npun_R0620	NZ_CP082327_1_K6983_RS14400	37.7
CP001037_1_Npun_F2497	NZ_CP082327_1_K6983_RS05585	29.4
CP001037_1_Npun_R6016	NZ_CP082327_1_K6983_RS06150	44.3
CP001037_1_Npun_F3274	NZ_CP082327_1_K6983_RS05820	34.1
CP001037_1_Npun_F4406	NZ_CP082327_1_K6983_RS09005	56.6
CP001037_1_Npun_F4406	NZ_CP082327_1_K6983_RS14185	29.5
CP001037_1_Npun_R4871	NZ_CP082327_1_K6983_RS20745	27.3
CP001037_1_Npun_R4871	NZ_CP082327_1_K6983_RS00935	26.0
CP001037_1_Npun_F5431	NZ_CP082327_1_K6983_RS02355	32.2
CP001037_1_Npun_R2031	NZ_CP082327_1_K6983_RS10290	28.3
CP001037_1_Npun_R2873	NZ_CP082327_1_K6983_RS02535	38.1
CP001037_1_Npun_F0698	NZ_CP082327_1_K6983_RS12170	42.1
CP001037_1_Npun_F0446	NZ_CP082327_1_K6983_RS18830	35.4
CP001037_1_Npun_F0446	NZ_CP082327_1_K6983_RS19920	28.7
CP001037_1_Npun_F0446	NZ_CP082327_1_K6983_RS18845	24.9
CP001037_1_Npun_F2474	NZ_CP082327_1_K6983_RS14505	26.2
CP001037_1_Npun_R1709	NZ_CP082327_1_K6983_RS18360	53.2
CP001037_1_Npun_R6628	NZ_CP082327_1_K6983_RS16970	43.6
CP001037_1_Npun_R6628	NZ_CP082327_1_K6983_RS18825	36.6
CP001037_1_Npun_R1304	NZ_CP082327_1_K6983_RS03200	38.3
CP001037_1_Npun_F5252	NZ_CP082327_1_K6983_RS18745	41.3
CP001037_1_Npun_F0555	NZ_CP082327_1_K6983_RS12355	42.6
CP001037_1_Npun_R4417	NZ_CP082327_1_K6983_RS22480	66.6
CP001037_1_Npun_R5474	NZ_CP082327_1_K6983_RS12765	52.2
CP001037_1_Npun_R0629	NZ_CP082327_1_K6983_RS19005	42.0
CP001037_1_Npun_R0629	NZ_CP082327_1_K6983_RS05325	33.9
CP001037_1_Npun_R0629	NZ_CP082327_1_K6983_RS13015	33.1
CP001037_1_Npun_R0629	NZ_CP082327_1_K6983_RS04515	32.9
CP001037_1_Npun_F2656	NZ_CP082327_1_K6983_RS07600	43.1
CP001037_1_Npun_F2656	NZ_CP082327_1_K6983_RS07590	36.6
CP001037_1_Npun_F4475	NZ_CP082327_1_K6983_RS16650	36.3
CP001037_1_Npun_F4666	NZ_CP082327_1_K6983_RS20930	34.2
CP001037_1_Npun_R6195	NZ_CP082327_1_K6983_RS00040	31.9
CP001037_1_Npun_R6195	NZ_CP082327_1_K6983_RS14835	24.5
CP001037_1_Npun_F6222	NZ_CP082327_1_K6983_RS20200	28.1
CP001037_1_Npun_R2890	NZ_CP082327_1_K6983_RS06950	22.6
CP001037_1_Npun_F6301	NZ_CP082327_1_K6983_RS11895	28.4
CP001037_1_Npun_F6301	NZ_CP082327_1_K6983_RS01390	30.7
CP001037_1_Npun_F6301	NZ_CP082327_1_K6983_RS10480	28.2
CP001037_1_Npun_R4321	NZ_CP082327_1_K6983_RS02665	43.5
CP001037_1_Npun_F4984	NZ_CP082327_1_K6983_RS12945	39.3
CP001037_1_Npun_F4496	NZ_CP082327_1_K6983_RS16705	48.1
CP001037_1_Npun_R5818	NZ_CP082327_1_K6983_RS18410	31.8
CP001037_1_Npun_F5181	NZ_CP082327_1_K6983_RS19855	33.5
CP001037_1_Npun_F1534	NZ_CP082327_1_K6983_RS14825	28.0
CP001037_1_Npun_F1534	NZ_CP082327_1_K6983_RS22280	28.8
CP001037_1_Npun_F1534	NZ_CP082327_1_K6983_RS00970	33.3
CP001037_1_Npun_R0299	NZ_CP082327_1_K6983_RS15200	39.8
CP001037_1_Npun_F0436	NZ_CP082327_1_K6983_RS18310	46.0
CP001037_1_Npun_R5775	NZ_CP082327_1_K6983_RS02705	32.3
CP001037_1_Npun_F5024	NZ_CP082327_1_K6983_RS04760	36.0
CP001037_1_Npun_F5024	NZ_CP082327_1_K6983_RS00455	37.3
CP001037_1_Npun_R5019	NZ_CP082327_1_K6983_RS00375	26.0
CP001037_1_Npun_F0097	NZ_CP082327_1_K6983_RS19785	34.0
CP001037_1_Npun_F0097	NZ_CP082327_1_K6983_RS05695	37.6
CP001037_1_Npun_F4036	NZ_CP082327_1_K6983_RS10430	38.6
CP001037_1_Npun_R4969	NZ_CP082327_1_K6983_RS18875	43.2
CP001037_1_Npun_R1190	NZ_CP082327_1_K6983_RS20195	36.8
CP001037_1_Npun_R1190	NZ_CP082327_1_K6983_RS00280	28.8
CP001037_1_Npun_R1269	NZ_CP082327_1_K6983_RS05300	41.6
CP001037_1_Npun_R4702	NZ_CP082327_1_K6983_RS16315	42.6
CP001037_1_Npun_R4702	NZ_CP082327_1_K6983_RS04170	31.9
CP001037_1_Npun_R4387	NZ_CP082327_1_K6983_RS02000	55.9
CP001037_1_Npun_R1720	NZ_CP082327_1_K6983_RS02105	43.3
CP001037_1_Npun_F5396	NZ_CP082327_1_K6983_RS06170	47.2
CP001037_1_Npun_F5396	NZ_CP082327_1_K6983_RS06175	31.5
CP001037_1_Npun_F3515	NZ_CP082327_1_K6983_RS16505	29.5
CP001037_1_Npun_F2860	NZ_CP082327_1_K6983_RS15365	49.2
CP001037_1_Npun_F2860	NZ_CP082327_1_K6983_RS13325	43.1
CP001037_1_Npun_F1315	NZ_CP082327_1_K6983_RS13895	44.8
CP001037_1_Npun_F4023	NZ_CP082327_1_K6983_RS19925	43.4
CP001037_1_Npun_F1458	NZ_CP082327_1_K6983_RS11490	49.6
CP001037_1_Npun_F4864	NZ_CP082327_1_K6983_RS22475	35.2
CP001037_1_Npun_R2278	NZ_CP082327_1_K6983_RS13635	22.4
CP001037_1_Npun_F4577	NZ_CP082327_1_K6983_RS09010	33.7
CP001037_1_Npun_F0489	NZ_CP082327_1_K6983_RS18355	24.8
CP001037_1_Npun_F0489	NZ_CP082327_1_K6983_RS20455	23.7
CP001037_1_Npun_R6284	NZ_CP082327_1_K6983_RS11680	39.2
CP001037_1_Npun_F6152	NZ_CP082327_1_K6983_RS13165	32.9
CP001037_1_Npun_F0707	NZ_CP082327_1_K6983_RS14905	25.6
CP001037_1_Npun_R2733	NZ_CP082327_1_K6983_RS06340	40.9
CP001037_1_Npun_R5626	NZ_CP082327_1_K6983_RS06820	38.1
CP001037_1_Npun_R4372	NZ_CP082327_1_K6983_RS02085	43.9
CP001037_1_Npun_F0913	NZ_CP082327_1_K6983_RS13710	40.0
CP001037_1_Npun_R0680	NZ_CP082327_1_K6983_RS06970	34.0
CP001037_1_Npun_F6373	NZ_CP082327_1_K6983_RS00020	42.4
CP001037_1_Npun_F6373	NZ_CP082327_1_K6983_RS03405	40.6
CP001037_1_Npun_F6405	NZ_CP082327_1_K6983_RS05075	32.2
CP001037_1_Npun_F4944	NZ_CP082327_1_K6983_RS14520	35.8
CP001037_1_Npun_F5852	NZ_CP082327_1_K6983_RS21225	45.9
CP001037_1_Npun_F5633	NZ_CP082327_1_K6983_RS20870	32.0
CP001037_1_Npun_R5075	NZ_CP082327_1_K6983_RS06355	33.3
CP001037_1_Npun_R5951	NZ_CP082327_1_K6983_RS02305	56.6
CP001037_1_Npun_F5734	NZ_CP082327_1_K6983_RS10045	33.0
CP001037_1_Npun_R4584	NZ_CP082327_1_K6983_RS21815	49.0
CP001037_1_Npun_R3725	NZ_CP082327_1_K6983_RS18445	54.8
CP001037_1_Npun_F2298	NZ_CP082327_1_K6983_RS19300	39.4
CP001037_1_Npun_F5731	NZ_CP082327_1_K6983_RS13110	43.6
CP001037_1_Npun_R0775	NZ_CP082327_1_K6983_RS15360	41.5
CP001037_1_Npun_R0775	NZ_CP082327_1_K6983_RS14480	26.9
CP001037_1_Npun_R0139	NZ_CP082327_1_K6983_RS21950	34.1
CP001037_1_Npun_R4557	NZ_CP082327_1_K6983_RS03850	54.9
CP001037_1_Npun_R4557	NZ_CP082327_1_K6983_RS06010	53.8
CP001037_1_Npun_F5684	NZ_CP082327_1_K6983_RS18365	31.4
CP001037_1_Npun_R2542	NZ_CP082327_1_K6983_RS21155	37.6
CP001037_1_Npun_F6355	NZ_CP082327_1_K6983_RS19000	24.3
CP001037_1_Npun_F6003	NZ_CP082327_1_K6983_RS08770	29.9
CP001037_1_Npun_F6003	NZ_CP082327_1_K6983_RS02750	27.1
CP001037_1_Npun_F2458	NZ_CP082327_1_K6983_RS18930	32.2
CP001037_1_Npun_R0034	NZ_CP082327_1_K6983_RS00010	25.8
CP001037_1_Npun_F3486	NZ_CP082327_1_K6983_RS07965	36.6
CP001037_1_Npun_F3486	NZ_CP082327_1_K6983_RS14870	24.4
CP001037_1_Npun_R4132	NZ_CP082327_1_K6983_RS11730	52.7
CP001037_1_Npun_R0633	NZ_CP082327_1_K6983_RS21660	36.8
CP001037_1_Npun_R1707	NZ_CP082327_1_K6983_RS07480	36.9
CP001037_1_Npun_R5265	NZ_CP082327_1_K6983_RS18050	54.8
CP001037_1_Npun_F3251	NZ_CP082327_1_K6983_RS20245	34.0
CP001037_1_Npun_F3925	NZ_CP082327_1_K6983_RS21015	30.2
CP001037_1_Npun_R3506	NZ_CP082327_1_K6983_RS03350	49.5
CP001037_1_Npun_R3506	NZ_CP082327_1_K6983_RS12105	50.8
CP001037_1_Npun_F0213	NZ_CP082327_1_K6983_RS14880	39.0
CP001037_1_Npun_R0164	NZ_CP082327_1_K6983_RS01430	47.5
CP001037_1_Npun_R5730	NZ_CP082327_1_K6983_RS14790	53.7
CP001037_1_Npun_R5083	NZ_CP082327_1_K6983_RS01315	30.5
CP001037_1_Npun_R2531	NZ_CP082327_1_K6983_RS14850	35.1
CP001037_1_Npun_R5880	NZ_CP082327_1_K6983_RS09570	31.0
CP001037_1_Npun_R5520	NZ_CP082327_1_K6983_RS12535	56.6
CP001037_1_Npun_R3856	NZ_CP082327_1_K6983_RS12475	35.1
CP001037_1_Npun_F0880	NZ_CP082327_1_K6983_RS05525	23.2
CP001037_1_Npun_R0417	NZ_CP082327_1_K6983_RS05665	46.4
CP001037_1_Npun_F0673	NZ_CP082327_1_K6983_RS10285	39.1
CP001037_1_Npun_R0940	NZ_CP082327_1_K6983_RS09750	50.6
CP001037_1_Npun_R4405	NZ_CP082327_1_K6983_RS08085	47.3
CP001037_1_Npun_R4405	NZ_CP082327_1_K6983_RS08090	29.2
CP001037_1_Npun_R4939	NZ_CP082327_1_K6983_RS20200	29.4
CP001037_1_Npun_F1921	NZ_CP082327_1_K6983_RS18700	67.0
CP001037_1_Npun_R2521	NZ_CP082327_1_K6983_RS00320	53.6
CP001037_1_Npun_R3705	NZ_CP082327_1_K6983_RS12430	36.6
CP001037_1_Npun_F2874	NZ_CP082327_1_K6983_RS15510	32.1
CP001037_1_Npun_R1585	NZ_CP082327_1_K6983_RS22615	37.5
CP001037_1_Npun_F2438	NZ_CP082327_1_K6983_RS21115	48.5
CP001037_1_Npun_R3567	NZ_CP082327_1_K6983_RS14785	32.6
CP001037_1_Npun_R3625	NZ_CP082327_1_K6983_RS02730	47.1
CP001037_1_Npun_R1564	NZ_CP082327_1_K6983_RS21510	48.1
CP001037_1_Npun_R1564	NZ_CP082327_1_K6983_RS11175	28.0
CP001037_1_Npun_R5863	NZ_CP082327_1_K6983_RS04190	30.0
CP001037_1_Npun_R5863	NZ_CP082327_1_K6983_RS05865	29.3
CP001037_1_Npun_R5863	NZ_CP082327_1_K6983_RS11955	27.2
CP001037_1_Npun_R5863	NZ_CP082327_1_K6983_RS11855	26.5
CP001037_1_Npun_R5863	NZ_CP082327_1_K6983_RS07145	29.3
CP001037_1_Npun_R5863	NZ_CP082327_1_K6983_RS04825	26.7
CP001037_1_Npun_R5863	NZ_CP082327_1_K6983_RS17195	29.8
CP001037_1_Npun_R5863	NZ_CP082327_1_K6983_RS21120	26.8
CP001037_1_Npun_F4970	NZ_CP082327_1_K6983_RS06800	39.4
CP001037_1_Npun_F4970	NZ_CP082327_1_K6983_RS05885	29.4
CP001037_1_Npun_F4970	NZ_CP082327_1_K6983_RS04875	28.4
CP001037_1_Npun_F0612	NZ_CP082327_1_K6983_RS20210	50.7
CP001037_1_Npun_F4226	NZ_CP082327_1_K6983_RS05830	41.0
CP001037_1_Npun_R4322	NZ_CP082327_1_K6983_RS21545	39.7
CP001037_1_Npun_R1642	NZ_CP082327_1_K6983_RS00765	62.8
CP001037_1_Npun_F4824	NZ_CP082327_1_K6983_RS10175	33.7
CP001037_1_Npun_F0168	NZ_CP082327_1_K6983_RS18865	28.9
CP001037_1_Npun_R2729	NZ_CP082327_1_K6983_RS03040	44.5
CP001037_1_Npun_R5798	NZ_CP082327_1_K6983_RS19140	59.2
CP001037_1_Npun_R5798	NZ_CP082327_1_K6983_RS02305	25.9
CP001037_1_Npun_R5810	NZ_CP082327_1_K6983_RS19865	52.0
CP001037_1_Npun_R5810	NZ_CP082327_1_K6983_RS02995	47.7
CP001037_1_Npun_R5810	NZ_CP082327_1_K6983_RS13375	36.2
CP001037_1_Npun_R5810	NZ_CP082327_1_K6983_RS09265	34.6
CP001037_1_Npun_F4872	NZ_CP082327_1_K6983_RS18365	41.1
CP001037_1_Npun_R1083	NZ_CP082327_1_K6983_RS07855	53.7
CP001037_1_Npun_R0382	NZ_CP082327_1_K6983_RS21180	35.8
CP001037_1_Npun_R6035	NZ_CP082327_1_K6983_RS03840	26.8
CP001037_1_Npun_F1303	NZ_CP082327_1_K6983_RS05030	28.4
CP001037_1_Npun_R0848	NZ_CP082327_1_K6983_RS06635	33.7
CP001037_1_Npun_F0163	NZ_CP082327_1_K6983_RS18935	37.4
CP001037_1_Npun_F6277	NZ_CP082327_1_K6983_RS04310	27.1
CP001037_1_Npun_F2551	NZ_CP082327_1_K6983_RS20415	48.6
CP001037_1_Npun_F2551	NZ_CP082327_1_K6983_RS10545	42.5
CP001037_1_Npun_F5183	NZ_CP082327_1_K6983_RS15030	27.3
CP001037_1_Npun_R5165	NZ_CP082327_1_K6983_RS15490	31.5
CP001037_1_Npun_F3851	NZ_CP082327_1_K6983_RS16825	29.5
CP001037_1_Npun_F0162	NZ_CP082327_1_K6983_RS18930	53.8
CP001037_1_Npun_R4351	NZ_CP082327_1_K6983_RS00460	47.6
CP001037_1_Npun_F2753	NZ_CP082327_1_K6983_RS03825	54.2
CP001037_1_Npun_R1841	NZ_CP082327_1_K6983_RS02325	54.3
CP001037_1_Npun_R4010	NZ_CP082327_1_K6983_RS00770	33.1
CP001037_1_Npun_F1087	NZ_CP082327_1_K6983_RS09755	36.5
CP001037_1_Npun_F5020	NZ_CP082327_1_K6983_RS04735	36.5
CP001037_1_Npun_R2515	NZ_CP082327_1_K6983_RS22320	43.3
CP001037_1_Npun_R5623	NZ_CP082327_1_K6983_RS06830	26.2
CP001037_1_Npun_F4164	NZ_CP082327_1_K6983_RS19045	35.5
CP001037_1_Npun_F1172	NZ_CP082327_1_K6983_RS07470	25.0
CP001037_1_Npun_F1172	NZ_CP082327_1_K6983_RS21310	25.0
CP001037_1_Npun_F1145	NZ_CP082327_1_K6983_RS03755	41.4
CP001037_1_Npun_F2276	NZ_CP082327_1_K6983_RS17075	48.5
CP001037_1_Npun_F2276	NZ_CP082327_1_K6983_RS07475	50.0
CP001037_1_Npun_F5857	NZ_CP082327_1_K6983_RS09725	40.4
CP001037_1_Npun_F6047	NZ_CP082327_1_K6983_RS14890	23.3
CP001037_1_Npun_F6047	NZ_CP082327_1_K6983_RS19340	28.3
CP001037_1_Npun_F5850	NZ_CP082327_1_K6983_RS21235	41.7
CP001037_1_Npun_R1763	NZ_CP082327_1_K6983_RS04750	35.6
CP001037_1_Npun_R6452	NZ_CP082327_1_K6983_RS14915	41.9
CP001037_1_Npun_R4597	NZ_CP082327_1_K6983_RS19290	30.9
CP001037_1_Npun_R4597	NZ_CP082327_1_K6983_RS21020	26.4
CP001037_1_Npun_R6421	NZ_CP082327_1_K6983_RS01485	48.6
CP001037_1_Npun_R6421	NZ_CP082327_1_K6983_RS01485	57.0
CP001037_1_Npun_R0681	NZ_CP082327_1_K6983_RS03120	27.6
CP001037_1_Npun_F0995	NZ_CP082327_1_K6983_RS00480	33.9
CP001037_1_Npun_R2911	NZ_CP082327_1_K6983_RS05770	33.9
CP001037_1_Npun_F1934	NZ_CP082327_1_K6983_RS01160	26.7
CP001037_1_Npun_F1934	NZ_CP082327_1_K6983_RS01165	25.4
CP001037_1_Npun_F5267	NZ_CP082327_1_K6983_RS15300	35.1
CP001037_1_Npun_R3568	NZ_CP082327_1_K6983_RS09000	32.5
CP001037_1_Npun_R0059	NZ_CP082327_1_K6983_RS10280	31.1
CP001037_1_Npun_F1706	NZ_CP082327_1_K6983_RS12195	37.1
CP001037_1_Npun_R1506	NZ_CP082327_1_K6983_RS06965	32.1
CP001037_1_Npun_R3754	NZ_CP082327_1_K6983_RS04015	59.2
CP001037_1_Npun_R0504	NZ_CP082327_1_K6983_RS06710	42.2
CP001037_1_Npun_F6213	NZ_CP082327_1_K6983_RS13340	33.0
CP001037_1_Npun_R2431	NZ_CP082327_1_K6983_RS07440	33.6
CP001037_1_Npun_R2431	NZ_CP082327_1_K6983_RS07425	32.6
CP001037_1_Npun_R2431	NZ_CP082327_1_K6983_RS06335	28.4
CP001037_1_Npun_R2478	NZ_CP082327_1_K6983_RS12290	36.9
CP001037_1_Npun_R2478	NZ_CP082327_1_K6983_RS14495	40.6
CP001037_1_Npun_R2478	NZ_CP082327_1_K6983_RS01205	36.2
CP001037_1_Npun_R2478	NZ_CP082327_1_K6983_RS00860	32.5
CP001037_1_Npun_F3918	NZ_CP082327_1_K6983_RS12485	34.8
CP001037_1_Npun_R5110	NZ_CP082327_1_K6983_RS07980	37.4
CP001037_1_Npun_F6423	NZ_CP082327_1_K6983_RS06765	21.7
CP001037_1_Npun_R3812	NZ_CP082327_1_K6983_RS05325	42.4
CP001037_1_Npun_R3812	NZ_CP082327_1_K6983_RS13015	29.9
CP001037_1_Npun_R0295	NZ_CP082327_1_K6983_RS10395	38.4
CP001037_1_Npun_F4825	NZ_CP082327_1_K6983_RS10180	48.8
CP001037_1_Npun_F4825	NZ_CP082327_1_K6983_RS04420	38.5
CP001037_1_Npun_F4034	NZ_CP082327_1_K6983_RS14180	48.3
CP001037_1_Npun_R2716	NZ_CP082327_1_K6983_RS04565	39.8
CP001037_1_Npun_F1319	NZ_CP082327_1_K6983_RS21990	54.7
CP001037_1_Npun_R5434	NZ_CP082327_1_K6983_RS16410	33.7
CP001037_1_Npun_F4431	NZ_CP082327_1_K6983_RS01130	30.9
CP001037_1_Npun_F1147	NZ_CP082327_1_K6983_RS13695	38.1
CP001037_1_Npun_F2411	NZ_CP082327_1_K6983_RS18835	32.8
CP001037_1_Npun_R5217	NZ_CP082327_1_K6983_RS02290	34.1
CP001037_1_Npun_F4432	NZ_CP082327_1_K6983_RS18390	33.9
