CP001037_1_Npun_F0220	AP018036_1_HN506_03997	38.8
CP001037_1_Npun_R6521	AP018036_1_HN506_00287	58.9
CP001037_1_Npun_F6100	AP018036_1_HN506_01719	57.0
CP001037_1_Npun_F3951	AP018036_1_HN506_01693	30.9
CP001037_1_Npun_F2857	AP018036_1_HN506_03042	47.0
CP001037_1_Npun_F2857	AP018036_1_HN506_03048	33.8
CP001037_1_Npun_F5825	AP018036_1_HN506_03032	43.3
CP001037_1_Npun_R5547	AP018036_1_HN506_03292	52.0
CP001037_1_Npun_R5823	AP018036_1_HN506_03891	34.6
CP001037_1_Npun_R3708	AP018036_1_HN506_02461	33.1
CP001037_1_Npun_R3708	AP018036_1_HN506_03397	28.2
CP001037_1_Npun_R3708	AP018036_1_HN506_01957	30.4
CP001037_1_Npun_F4985	AP018036_1_HN506_00705	54.9
CP001037_1_Npun_F4521	AP018036_1_HN506_03283	31.8
CP001037_1_Npun_R4390	AP018036_1_HN506_00740	47.1
CP001037_1_Npun_R5585	AP018036_1_HN506_00503	28.0
CP001037_1_Npun_F4459	AP018036_1_HN506_04105	33.6
CP001037_1_Npun_R4069	AP018036_1_HN506_02909	26.4
CP001037_1_Npun_R0602	AP018036_1_HN506_03176	30.0
CP001037_1_Npun_F5709	AP018036_1_HN506_00604	41.3
CP001037_1_Npun_F5709	AP018036_1_HN506_01411	37.0
CP001037_1_Npun_F1592	AP018036_1_HN506_00173	48.2
CP001037_1_Npun_R1331	AP018036_1_HN506_03053	36.1
CP001037_1_Npun_F5562	AP018036_1_HN506_02766	34.9
CP001037_1_Npun_R4982	AP018036_1_HN506_01678	43.0
CP001037_1_Npun_R4104	AP018036_1_HN506_01403	28.3
CP001037_1_Npun_F0001	AP018036_1_HN506_00001	40.6
CP001037_1_Npun_R3440	AP018036_1_HN506_03433	34.4
CP001037_1_Npun_R3440	AP018036_1_HN506_02626	34.2
CP001037_1_Npun_R3440	AP018036_1_HN506_00421	30.7
CP001037_1_Npun_R3440	AP018036_1_HN506_00922	31.2
CP001037_1_Npun_R3440	AP018036_1_HN506_00235	30.0
CP001037_1_Npun_R3440	AP018036_1_HN506_02916	31.5
CP001037_1_Npun_R3440	AP018036_1_HN506_01026	27.8
CP001037_1_Npun_R3440	AP018036_1_HN506_03286	32.7
CP001037_1_Npun_R3440	AP018036_1_HN506_03985	30.3
CP001037_1_Npun_R3440	AP018036_1_HN506_00266	24.9
CP001037_1_Npun_R3440	AP018036_1_HN506_01554	22.2
CP001037_1_Npun_R5787	AP018036_1_HN506_03763	40.4
CP001037_1_Npun_R4193	AP018036_1_HN506_02349	50.2
CP001037_1_Npun_R3508	AP018036_1_HN506_01080	59.0
CP001037_1_Npun_R5569	AP018036_1_HN506_03014	34.6
CP001037_1_Npun_F2391	AP018036_1_HN506_00751	49.3
CP001037_1_Npun_R4665	AP018036_1_HN506_01083	28.0
CP001037_1_Npun_R4911	AP018036_1_HN506_01068	35.7
CP001037_1_Npun_F6136	AP018036_1_HN506_03008	55.4
CP001037_1_Npun_F0271	AP018036_1_HN506_03400	29.6
CP001037_1_Npun_F3458	AP018036_1_HN506_02700	48.2
CP001037_1_Npun_F3458	AP018036_1_HN506_01722	27.9
CP001037_1_Npun_F0065	AP018036_1_HN506_02242	47.1
CP001037_1_Npun_F5444	AP018036_1_HN506_03161	38.0
CP001037_1_Npun_F2914	AP018036_1_HN506_02865	70.8
CP001037_1_Npun_F2914	AP018036_1_HN506_02865	40.3
CP001037_1_Npun_F6583	AP018036_1_HN506_00832	51.4
CP001037_1_Npun_F1309	AP018036_1_HN506_02161	25.4
CP001037_1_Npun_F2374	AP018036_1_HN506_01073	48.7
CP001037_1_Npun_R5387	AP018036_1_HN506_02344	57.3
CP001037_1_Npun_R5387	AP018036_1_HN506_02346	31.4
CP001037_1_Npun_F0851	AP018036_1_HN506_02584	61.1
CP001037_1_Npun_F0851	AP018036_1_HN506_02232	31.6
CP001037_1_Npun_F0851	AP018036_1_HN506_03787	37.0
CP001037_1_Npun_F2831	AP018036_1_HN506_00067	36.7
CP001037_1_Npun_F3630	AP018036_1_HN506_02215	39.2
CP001037_1_Npun_F4874	AP018036_1_HN506_00430	43.5
CP001037_1_Npun_F6004	AP018036_1_HN506_02353	43.4
CP001037_1_Npun_F5157	AP018036_1_HN506_01984	31.3
CP001037_1_Npun_F6058	AP018036_1_HN506_01475	40.5
CP001037_1_Npun_R5425	AP018036_1_HN506_01710	42.7
CP001037_1_Npun_R0306	AP018036_1_HN506_01486	24.4
CP001037_1_Npun_R0846	AP018036_1_HN506_02880	37.9
CP001037_1_Npun_F3769	AP018036_1_HN506_03525	47.1
CP001037_1_Npun_R3968	AP018036_1_HN506_00576	54.3
CP001037_1_Npun_R3968	AP018036_1_HN506_01135	33.5
CP001037_1_Npun_R4996	AP018036_1_HN506_00774	41.7
CP001037_1_Npun_R4996	AP018036_1_HN506_02986	39.6
CP001037_1_Npun_R3756	AP018036_1_HN506_02334	37.0
CP001037_1_Npun_R1726	AP018036_1_HN506_01623	27.3
CP001037_1_Npun_R1726	AP018036_1_HN506_03060	25.6
CP001037_1_Npun_R2750	AP018036_1_HN506_01372	42.0
CP001037_1_Npun_F2715	AP018036_1_HN506_03528	28.3
CP001037_1_Npun_F4082	AP018036_1_HN506_00052	25.7
CP001037_1_Npun_F4863	AP018036_1_HN506_01386	55.7
CP001037_1_Npun_F4863	AP018036_1_HN506_01375	22.7
CP001037_1_Npun_R3957	AP018036_1_HN506_01504	36.7
CP001037_1_Npun_R0877	AP018036_1_HN506_02819	23.4
CP001037_1_Npun_F4609	AP018036_1_HN506_01722	23.5
CP001037_1_Npun_F1719	AP018036_1_HN506_03487	38.7
CP001037_1_Npun_F1719	AP018036_1_HN506_00918	35.2
CP001037_1_Npun_F1719	AP018036_1_HN506_03251	33.3
CP001037_1_Npun_F5758	AP018036_1_HN506_03111	52.9
CP001037_1_Npun_F4346	AP018036_1_HN506_02489	28.2
CP001037_1_Npun_F4035	AP018036_1_HN506_02994	26.0
CP001037_1_Npun_F3262	AP018036_1_HN506_02569	47.6
CP001037_1_Npun_F3262	AP018036_1_HN506_01177	41.5
CP001037_1_Npun_F5054	AP018036_1_HN506_02993	41.1
CP001037_1_Npun_R1696	AP018036_1_HN506_02206	32.1
CP001037_1_Npun_R5717	AP018036_1_HN506_01952	36.3
CP001037_1_Npun_R5717	AP018036_1_HN506_00734	36.5
CP001037_1_Npun_R5719	AP018036_1_HN506_01393	44.8
CP001037_1_Npun_R0786	AP018036_1_HN506_01654	37.5
CP001037_1_Npun_R3583	AP018036_1_HN506_02472	37.0
CP001037_1_Npun_F0081	AP018036_1_HN506_03048	42.1
CP001037_1_Npun_F5003	AP018036_1_HN506_02576	34.9
CP001037_1_Npun_F1862	AP018036_1_HN506_00392	32.8
CP001037_1_Npun_R4384	AP018036_1_HN506_00746	43.2
CP001037_1_Npun_F3917	AP018036_1_HN506_01164	38.2
CP001037_1_Npun_F4986	AP018036_1_HN506_00706	54.9
CP001037_1_Npun_R4804	AP018036_1_HN506_02273	60.0
CP001037_1_Npun_F2392	AP018036_1_HN506_00701	49.9
CP001037_1_Npun_F2392	AP018036_1_HN506_03458	44.6
CP001037_1_Npun_F2392	AP018036_1_HN506_00750	39.7
CP001037_1_Npun_R6128	AP018036_1_HN506_01332	36.1
CP001037_1_Npun_R6128	AP018036_1_HN506_02401	34.3
CP001037_1_Npun_R3700	AP018036_1_HN506_00444	59.8
CP001037_1_Npun_R4389	AP018036_1_HN506_00741	42.5
CP001037_1_Npun_R1256	AP018036_1_HN506_00897	26.6
CP001037_1_Npun_F2429	AP018036_1_HN506_02451	35.9
CP001037_1_Npun_R6366	AP018036_1_HN506_01177	52.2
CP001037_1_Npun_F5989	AP018036_1_HN506_01371	40.6
CP001037_1_Npun_F4858	AP018036_1_HN506_01382	32.8
CP001037_1_Npun_R3861	AP018036_1_HN506_03594	45.8
CP001037_1_Npun_F4156	AP018036_1_HN506_00050	36.3
CP001037_1_Npun_F4156	AP018036_1_HN506_01629	21.6
CP001037_1_Npun_R0659	AP018036_1_HN506_00033	49.1
CP001037_1_Npun_F3651	AP018036_1_HN506_01490	36.2
CP001037_1_Npun_R6426	AP018036_1_HN506_03510	39.8
CP001037_1_Npun_F0881	AP018036_1_HN506_00853	48.1
CP001037_1_Npun_R4791	AP018036_1_HN506_02184	42.3
CP001037_1_Npun_F5706	AP018036_1_HN506_01658	32.5
CP001037_1_Npun_R2352	AP018036_1_HN506_03870	29.8
CP001037_1_Npun_R2352	AP018036_1_HN506_03310	26.8
CP001037_1_Npun_R4006	AP018036_1_HN506_01370	26.1
CP001037_1_Npun_F1478	AP018036_1_HN506_01629	27.8
CP001037_1_Npun_F4454	AP018036_1_HN506_02008	28.2
CP001037_1_Npun_F0825	AP018036_1_HN506_01930	62.8
CP001037_1_Npun_F4644	AP018036_1_HN506_01491	30.9
CP001037_1_Npun_F5938	AP018036_1_HN506_01520	45.8
CP001037_1_Npun_F4310	AP018036_1_HN506_02304	26.7
CP001037_1_Npun_R3936	AP018036_1_HN506_03052	36.4
CP001037_1_Npun_R3936	AP018036_1_HN506_02593	30.8
CP001037_1_Npun_R3936	AP018036_1_HN506_03456	27.0
CP001037_1_Npun_R5627	AP018036_1_HN506_00947	38.3
CP001037_1_Npun_R5627	AP018036_1_HN506_00940	30.9
CP001037_1_Npun_R5529	AP018036_1_HN506_01538	45.1
CP001037_1_Npun_R4276	AP018036_1_HN506_03732	32.4
CP001037_1_Npun_R3970	AP018036_1_HN506_00583	29.4
CP001037_1_Npun_R0482	AP018036_1_HN506_03141	41.6
CP001037_1_Npun_R5509	AP018036_1_HN506_01680	44.6
CP001037_1_Npun_F3798	AP018036_1_HN506_00536	38.7
CP001037_1_Npun_R0710	AP018036_1_HN506_03569	50.6
CP001037_1_Npun_F4952	AP018036_1_HN506_02112	30.6
CP001037_1_Npun_F4952	AP018036_1_HN506_03574	31.2
CP001037_1_Npun_F4952	AP018036_1_HN506_03575	33.0
CP001037_1_Npun_F4952	AP018036_1_HN506_03573	30.3
CP001037_1_Npun_F1541	AP018036_1_HN506_01492	47.9
CP001037_1_Npun_R2301	AP018036_1_HN506_03022	34.1
CP001037_1_Npun_R6316	AP018036_1_HN506_01010	43.9
CP001037_1_Npun_F0585	AP018036_1_HN506_03743	31.8
CP001037_1_Npun_F0585	AP018036_1_HN506_00358	25.9
CP001037_1_Npun_F4799	AP018036_1_HN506_01249	40.2
CP001037_1_Npun_F0949	AP018036_1_HN506_03398	46.3
CP001037_1_Npun_F0949	AP018036_1_HN506_01902	33.8
CP001037_1_Npun_F3848	AP018036_1_HN506_00538	49.7
CP001037_1_Npun_F6197	AP018036_1_HN506_01709	32.5
CP001037_1_Npun_F6197	AP018036_1_HN506_02204	34.2
CP001037_1_Npun_F6485	AP018036_1_HN506_02772	50.7
CP001037_1_Npun_F5831	AP018036_1_HN506_01741	42.5
CP001037_1_Npun_F5831	AP018036_1_HN506_01163	21.8
CP001037_1_Npun_F0849	AP018036_1_HN506_02589	26.3
CP001037_1_Npun_R6519	AP018036_1_HN506_00856	24.9
CP001037_1_Npun_F5945	AP018036_1_HN506_01648	36.5
CP001037_1_Npun_R5970	AP018036_1_HN506_02995	41.3
CP001037_1_Npun_F0562	AP018036_1_HN506_02683	39.2
CP001037_1_Npun_R0847	AP018036_1_HN506_02881	42.4
CP001037_1_Npun_R3791	AP018036_1_HN506_02378	27.9
CP001037_1_Npun_R0051	AP018036_1_HN506_01682	37.8
CP001037_1_Npun_R5269	AP018036_1_HN506_00861	39.6
CP001037_1_Npun_R5269	AP018036_1_HN506_03259	39.6
CP001037_1_Npun_R5269	AP018036_1_HN506_03442	37.9
CP001037_1_Npun_F4153	AP018036_1_HN506_02183	27.7
CP001037_1_Npun_R4072	AP018036_1_HN506_03435	37.7
CP001037_1_Npun_R5924	AP018036_1_HN506_03234	25.9
CP001037_1_Npun_R2707	AP018036_1_HN506_00448	39.4
CP001037_1_Npun_R3877	AP018036_1_HN506_04053	43.6
CP001037_1_Npun_F0008	AP018036_1_HN506_01493	37.3
CP001037_1_Npun_F4987	AP018036_1_HN506_00706	40.6
CP001037_1_Npun_F4987	AP018036_1_HN506_00706	44.8
CP001037_1_Npun_R4834	AP018036_1_HN506_00025	28.2
CP001037_1_Npun_R2378	AP018036_1_HN506_01060	39.8
CP001037_1_Npun_F4822	AP018036_1_HN506_01548	23.1
CP001037_1_Npun_F5351	AP018036_1_HN506_01506	36.6
CP001037_1_Npun_R3982	AP018036_1_HN506_00435	44.8
CP001037_1_Npun_F3940	AP018036_1_HN506_02279	34.9
CP001037_1_Npun_F0328	AP018036_1_HN506_02568	39.7
CP001037_1_Npun_F0328	AP018036_1_HN506_03888	37.5
CP001037_1_Npun_F6033	AP018036_1_HN506_01780	57.1
CP001037_1_Npun_R1324	AP018036_1_HN506_02814	30.6
CP001037_1_Npun_R1324	AP018036_1_HN506_02815	27.5
CP001037_1_Npun_F4120	AP018036_1_HN506_03894	45.0
CP001037_1_Npun_R3887	AP018036_1_HN506_04027	33.7
CP001037_1_Npun_R5070	AP018036_1_HN506_03503	42.1
CP001037_1_Npun_R4434	AP018036_1_HN506_00101	33.3
CP001037_1_Npun_F3946	AP018036_1_HN506_03758	35.1
CP001037_1_Npun_F3946	AP018036_1_HN506_02249	38.0
CP001037_1_Npun_R5570	AP018036_1_HN506_03015	53.6
CP001037_1_Npun_R4781	AP018036_1_HN506_02180	48.6
CP001037_1_Npun_R0467	AP018036_1_HN506_01713	55.5
CP001037_1_Npun_R0467	AP018036_1_HN506_03100	26.2
CP001037_1_Npun_F4916	AP018036_1_HN506_02900	49.5
CP001037_1_Npun_F0173	AP018036_1_HN506_03145	40.5
CP001037_1_Npun_F3167	AP018036_1_HN506_02955	31.3
CP001037_1_Npun_F3167	AP018036_1_HN506_01561	26.9
CP001037_1_Npun_F3167	AP018036_1_HN506_00714	33.1
CP001037_1_Npun_F3167	AP018036_1_HN506_03728	33.3
CP001037_1_Npun_F3167	AP018036_1_HN506_01213	22.3
CP001037_1_Npun_F3167	AP018036_1_HN506_02021	25.9
CP001037_1_Npun_F3167	AP018036_1_HN506_00909	24.9
CP001037_1_Npun_R5126	AP018036_1_HN506_00819	33.6
CP001037_1_Npun_R1007	AP018036_1_HN506_01002	39.7
CP001037_1_Npun_R1007	AP018036_1_HN506_03350	28.1
CP001037_1_Npun_R1007	AP018036_1_HN506_03354	22.8
CP001037_1_Npun_F5214	AP018036_1_HN506_03620	39.3
CP001037_1_Npun_R1357	AP018036_1_HN506_03121	37.6
CP001037_1_Npun_R1615	AP018036_1_HN506_00076	30.5
CP001037_1_Npun_R6492	AP018036_1_HN506_03779	40.5
CP001037_1_Npun_R6492	AP018036_1_HN506_01796	44.1
CP001037_1_Npun_F4464	AP018036_1_HN506_00443	45.0
CP001037_1_Npun_F5720	AP018036_1_HN506_01726	35.5
CP001037_1_Npun_F5720	AP018036_1_HN506_03757	32.2
CP001037_1_Npun_F5720	AP018036_1_HN506_00930	30.4
CP001037_1_Npun_R3890	AP018036_1_HN506_02573	37.2
CP001037_1_Npun_F2436	AP018036_1_HN506_01937	31.5
CP001037_1_Npun_R0329	AP018036_1_HN506_00688	34.3
CP001037_1_Npun_F0717	AP018036_1_HN506_00661	34.0
CP001037_1_Npun_F0717	AP018036_1_HN506_00923	32.2
CP001037_1_Npun_F3573	AP018036_1_HN506_02668	35.1
CP001037_1_Npun_R6205	AP018036_1_HN506_01249	42.1
CP001037_1_Npun_R5202	AP018036_1_HN506_03776	42.3
CP001037_1_Npun_R5202	AP018036_1_HN506_01722	41.9
CP001037_1_Npun_R3783	AP018036_1_HN506_00207	51.9
CP001037_1_Npun_F3478	AP018036_1_HN506_03455	26.7
CP001037_1_Npun_R6289	AP018036_1_HN506_01736	47.0
CP001037_1_Npun_R5510	AP018036_1_HN506_01574	34.1
CP001037_1_Npun_R0445	AP018036_1_HN506_02548	31.8
CP001037_1_Npun_F5180	AP018036_1_HN506_00383	31.8
CP001037_1_Npun_F5156	AP018036_1_HN506_00083	53.7
CP001037_1_Npun_F5156	AP018036_1_HN506_01158	55.9
CP001037_1_Npun_F3849	AP018036_1_HN506_02622	37.0
CP001037_1_Npun_R3442	AP018036_1_HN506_00490	36.7
CP001037_1_Npun_R3442	AP018036_1_HN506_00909	31.4
CP001037_1_Npun_R3288	AP018036_1_HN506_03046	46.3
CP001037_1_Npun_F1146	AP018036_1_HN506_00355	24.4
CP001037_1_Npun_F5466	AP018036_1_HN506_02812	40.1
CP001037_1_Npun_F5466	AP018036_1_HN506_03550	37.2
CP001037_1_Npun_F5033	AP018036_1_HN506_00397	31.0
CP001037_1_Npun_R5558	AP018036_1_HN506_03122	51.9
CP001037_1_Npun_F3954	AP018036_1_HN506_03004	38.3
CP001037_1_Npun_F3884	AP018036_1_HN506_00724	64.3
CP001037_1_Npun_F3884	AP018036_1_HN506_01240	27.9
CP001037_1_Npun_R6427	AP018036_1_HN506_03509	58.4
CP001037_1_Npun_R6427	AP018036_1_HN506_00411	33.7
CP001037_1_Npun_R6427	AP018036_1_HN506_01144	32.5
CP001037_1_Npun_R5481	AP018036_1_HN506_04117	30.6
CP001037_1_Npun_F2497	AP018036_1_HN506_01995	28.6
CP001037_1_Npun_F2497	AP018036_1_HN506_04014	26.9
CP001037_1_Npun_F2497	AP018036_1_HN506_00804	24.6
CP001037_1_Npun_F3274	AP018036_1_HN506_03090	31.9
CP001037_1_Npun_R4635	AP018036_1_HN506_03617	31.8
CP001037_1_Npun_R0685	AP018036_1_HN506_01598	31.1
CP001037_1_Npun_F4406	AP018036_1_HN506_02720	52.7
CP001037_1_Npun_F4406	AP018036_1_HN506_02687	30.2
CP001037_1_Npun_F4406	AP018036_1_HN506_03787	31.9
CP001037_1_Npun_F0101	AP018036_1_HN506_02304	32.2
CP001037_1_Npun_R2873	AP018036_1_HN506_03399	31.8
CP001037_1_Npun_F0446	AP018036_1_HN506_02275	35.3
CP001037_1_Npun_R6628	AP018036_1_HN506_03108	40.9
CP001037_1_Npun_F5252	AP018036_1_HN506_01675	37.8
CP001037_1_Npun_F0555	AP018036_1_HN506_03090	47.7
CP001037_1_Npun_R4417	AP018036_1_HN506_01388	60.0
CP001037_1_Npun_F4990	AP018036_1_HN506_01681	40.5
CP001037_1_Npun_R0514	AP018036_1_HN506_00696	25.2
CP001037_1_Npun_F2656	AP018036_1_HN506_03939	34.4
CP001037_1_Npun_F5712	AP018036_1_HN506_02567	27.8
CP001037_1_Npun_F6044	AP018036_1_HN506_02214	35.7
CP001037_1_Npun_F0261	AP018036_1_HN506_03391	29.5
CP001037_1_Npun_R4321	AP018036_1_HN506_03785	41.1
CP001037_1_Npun_R5818	AP018036_1_HN506_03005	35.1
CP001037_1_Npun_F5181	AP018036_1_HN506_01464	42.5
CP001037_1_Npun_R0299	AP018036_1_HN506_01086	38.5
CP001037_1_Npun_F0436	AP018036_1_HN506_02968	40.0
CP001037_1_Npun_F0436	AP018036_1_HN506_02743	26.6
CP001037_1_Npun_R5775	AP018036_1_HN506_02964	40.0
CP001037_1_Npun_F0097	AP018036_1_HN506_02336	36.7
CP001037_1_Npun_F4036	AP018036_1_HN506_03848	50.3
CP001037_1_Npun_R4969	AP018036_1_HN506_02288	40.6
CP001037_1_Npun_R1190	AP018036_1_HN506_03757	35.8
CP001037_1_Npun_R1190	AP018036_1_HN506_00401	24.6
CP001037_1_Npun_R4702	AP018036_1_HN506_03039	36.7
CP001037_1_Npun_R1054	AP018036_1_HN506_03406	37.5
CP001037_1_Npun_R6169	AP018036_1_HN506_00005	33.2
CP001037_1_Npun_R4387	AP018036_1_HN506_00743	57.6
CP001037_1_Npun_R1720	AP018036_1_HN506_03641	43.3
CP001037_1_Npun_F5396	AP018036_1_HN506_02527	40.9
CP001037_1_Npun_F5396	AP018036_1_HN506_02526	32.7
CP001037_1_Npun_F5396	AP018036_1_HN506_01938	27.6
CP001037_1_Npun_F5396	AP018036_1_HN506_00985	28.3
CP001037_1_Npun_R6218	AP018036_1_HN506_01149	33.2
CP001037_1_Npun_R4057	AP018036_1_HN506_02971	35.7
CP001037_1_Npun_F0495	AP018036_1_HN506_00277	40.7
CP001037_1_Npun_F3515	AP018036_1_HN506_02418	28.7
CP001037_1_Npun_F2860	AP018036_1_HN506_02495	51.2
CP001037_1_Npun_F2860	AP018036_1_HN506_01160	35.2
CP001037_1_Npun_F1315	AP018036_1_HN506_03386	35.6
CP001037_1_Npun_R3558	AP018036_1_HN506_03892	35.6
CP001037_1_Npun_F4864	AP018036_1_HN506_01387	36.1
CP001037_1_Npun_F0489	AP018036_1_HN506_02659	25.4
CP001037_1_Npun_R5563	AP018036_1_HN506_01740	47.8
CP001037_1_Npun_F2020	AP018036_1_HN506_03360	52.5
CP001037_1_Npun_F2020	AP018036_1_HN506_03258	50.1
CP001037_1_Npun_R2394	AP018036_1_HN506_00667	34.7
CP001037_1_Npun_F1554	AP018036_1_HN506_03169	31.6
CP001037_1_Npun_R2733	AP018036_1_HN506_00979	36.9
CP001037_1_Npun_R5626	AP018036_1_HN506_03298	37.9
CP001037_1_Npun_R4372	AP018036_1_HN506_00772	40.4
CP001037_1_Npun_F0913	AP018036_1_HN506_02260	51.2
CP001037_1_Npun_F4098	AP018036_1_HN506_01685	55.7
CP001037_1_Npun_F6373	AP018036_1_HN506_00007	49.1
CP001037_1_Npun_F1055	AP018036_1_HN506_03246	29.6
CP001037_1_Npun_F4944	AP018036_1_HN506_00459	31.1
CP001037_1_Npun_F5852	AP018036_1_HN506_00679	46.3
CP001037_1_Npun_F5633	AP018036_1_HN506_03598	39.0
CP001037_1_Npun_R2359	AP018036_1_HN506_03140	43.4
CP001037_1_Npun_R5951	AP018036_1_HN506_03444	46.8
CP001037_1_Npun_R5951	AP018036_1_HN506_02627	46.2
CP001037_1_Npun_R5951	AP018036_1_HN506_03094	47.5
CP001037_1_Npun_R5951	AP018036_1_HN506_01027	40.5
CP001037_1_Npun_R1561	AP018036_1_HN506_01734	28.0
CP001037_1_Npun_R3725	AP018036_1_HN506_02986	51.7
CP001037_1_Npun_R0107	AP018036_1_HN506_01937	30.0
CP001037_1_Npun_R0775	AP018036_1_HN506_02861	39.8
CP001037_1_Npun_R2246	AP018036_1_HN506_00606	23.9
CP001037_1_Npun_R2246	AP018036_1_HN506_01336	20.9
CP001037_1_Npun_R4557	AP018036_1_HN506_01536	47.4
CP001037_1_Npun_F5684	AP018036_1_HN506_01640	35.1
CP001037_1_Npun_R2542	AP018036_1_HN506_02808	40.8
CP001037_1_Npun_F2458	AP018036_1_HN506_03115	34.4
CP001037_1_Npun_F3704	AP018036_1_HN506_03580	37.5
CP001037_1_Npun_R0633	AP018036_1_HN506_03025	51.1
CP001037_1_Npun_R1707	AP018036_1_HN506_03786	51.4
CP001037_1_Npun_F6328	AP018036_1_HN506_03192	34.1
CP001037_1_Npun_F3925	AP018036_1_HN506_01000	29.0
CP001037_1_Npun_R3506	AP018036_1_HN506_01499	50.6
CP001037_1_Npun_F0213	AP018036_1_HN506_00653	39.0
CP001037_1_Npun_R0164	AP018036_1_HN506_01407	47.4
CP001037_1_Npun_R5730	AP018036_1_HN506_01668	31.9
CP001037_1_Npun_F1187	AP018036_1_HN506_02920	41.3
CP001037_1_Npun_R3856	AP018036_1_HN506_01378	34.2
CP001037_1_Npun_F0880	AP018036_1_HN506_00848	40.8
CP001037_1_Npun_R0940	AP018036_1_HN506_01731	42.4
CP001037_1_Npun_R4405	AP018036_1_HN506_01684	54.7
CP001037_1_Npun_R5741	AP018036_1_HN506_03049	22.6
CP001037_1_Npun_R2521	AP018036_1_HN506_01421	53.8
CP001037_1_Npun_F0126	AP018036_1_HN506_03168	28.4
CP001037_1_Npun_F6482	AP018036_1_HN506_02179	56.7
CP001037_1_Npun_F1847	AP018036_1_HN506_01419	39.7
CP001037_1_Npun_F2874	AP018036_1_HN506_02340	45.9
CP001037_1_Npun_F2438	AP018036_1_HN506_00815	40.8
CP001037_1_Npun_R3625	AP018036_1_HN506_02910	43.9
CP001037_1_Npun_R3625	AP018036_1_HN506_01710	31.8
CP001037_1_Npun_R1564	AP018036_1_HN506_03873	46.5
CP001037_1_Npun_F4541	AP018036_1_HN506_03425	37.5
CP001037_1_Npun_F4970	AP018036_1_HN506_03294	38.3
CP001037_1_Npun_F3507	AP018036_1_HN506_01734	37.9
CP001037_1_Npun_F0612	AP018036_1_HN506_00378	53.5
CP001037_1_Npun_F4226	AP018036_1_HN506_03468	44.3
CP001037_1_Npun_F4480	AP018036_1_HN506_01738	49.3
CP001037_1_Npun_R4322	AP018036_1_HN506_01521	41.4
CP001037_1_Npun_F4824	AP018036_1_HN506_01549	26.0
CP001037_1_Npun_F4824	AP018036_1_HN506_01548	25.1
CP001037_1_Npun_F0168	AP018036_1_HN506_02286	27.9
CP001037_1_Npun_R5798	AP018036_1_HN506_01468	54.5
CP001037_1_Npun_F3074	AP018036_1_HN506_01366	30.4
CP001037_1_Npun_F2848	AP018036_1_HN506_02632	26.1
CP001037_1_Npun_F2848	AP018036_1_HN506_03193	45.1
CP001037_1_Npun_F2848	AP018036_1_HN506_00253	31.9
CP001037_1_Npun_F5122	AP018036_1_HN506_01409	41.1
CP001037_1_Npun_F4872	AP018036_1_HN506_01640	39.7
CP001037_1_Npun_F4872	AP018036_1_HN506_03540	32.7
CP001037_1_Npun_F6610	AP018036_1_HN506_00563	39.7
CP001037_1_Npun_R0848	AP018036_1_HN506_03887	42.9
CP001037_1_Npun_R1990	AP018036_1_HN506_01913	37.5
CP001037_1_Npun_R1990	AP018036_1_HN506_02415	42.7
CP001037_1_Npun_R1990	AP018036_1_HN506_02707	29.1
CP001037_1_Npun_F2126	AP018036_1_HN506_00902	41.6
CP001037_1_Npun_F2551	AP018036_1_HN506_01163	43.4
CP001037_1_Npun_F5183	AP018036_1_HN506_01004	28.9
CP001037_1_Npun_R5165	AP018036_1_HN506_00025	28.6
CP001037_1_Npun_F3851	AP018036_1_HN506_02714	32.9
CP001037_1_Npun_F0162	AP018036_1_HN506_03115	50.7
CP001037_1_Npun_F3978	AP018036_1_HN506_02310	28.9
CP001037_1_Npun_F4344	AP018036_1_HN506_00501	38.9
CP001037_1_Npun_F2753	AP018036_1_HN506_01476	57.3
CP001037_1_Npun_F4534	AP018036_1_HN506_00889	30.0
CP001037_1_Npun_R6523	AP018036_1_HN506_00287	51.8
CP001037_1_Npun_F1087	AP018036_1_HN506_01732	30.9
CP001037_1_Npun_F5020	AP018036_1_HN506_03760	34.2
CP001037_1_Npun_R2515	AP018036_1_HN506_03023	43.9
CP001037_1_Npun_F5955	AP018036_1_HN506_00556	28.8
CP001037_1_Npun_F5857	AP018036_1_HN506_02743	44.7
CP001037_1_Npun_F6047	AP018036_1_HN506_02546	29.9
CP001037_1_Npun_F6047	AP018036_1_HN506_00512	25.1
CP001037_1_Npun_F5850	AP018036_1_HN506_00677	39.7
CP001037_1_Npun_F0792	AP018036_1_HN506_02419	39.0
CP001037_1_Npun_R6452	AP018036_1_HN506_01673	41.0
CP001037_1_Npun_R4597	AP018036_1_HN506_03888	44.3
CP001037_1_Npun_R6421	AP018036_1_HN506_02760	30.4
CP001037_1_Npun_F0995	AP018036_1_HN506_03109	35.3
CP001037_1_Npun_R0904	AP018036_1_HN506_02411	33.9
CP001037_1_Npun_R3568	AP018036_1_HN506_02721	33.0
CP001037_1_Npun_R0059	AP018036_1_HN506_01496	46.6
CP001037_1_Npun_R3754	AP018036_1_HN506_01912	55.9
CP001037_1_Npun_R0504	AP018036_1_HN506_02339	33.9
CP001037_1_Npun_F5754	AP018036_1_HN506_02501	29.8
CP001037_1_Npun_F6283	AP018036_1_HN506_02736	45.4
CP001037_1_Npun_R2358	AP018036_1_HN506_01735	40.0
CP001037_1_Npun_R2478	AP018036_1_HN506_03838	34.2
CP001037_1_Npun_F3918	AP018036_1_HN506_00535	31.9
CP001037_1_Npun_F1009	AP018036_1_HN506_02515	43.1
CP001037_1_Npun_R1491	AP018036_1_HN506_02310	25.1
CP001037_1_Npun_R3812	AP018036_1_HN506_01633	35.3
CP001037_1_Npun_R3812	AP018036_1_HN506_03459	26.0
CP001037_1_Npun_F4825	AP018036_1_HN506_01551	45.1
CP001037_1_Npun_F4034	AP018036_1_HN506_04022	37.5
CP001037_1_Npun_R2716	AP018036_1_HN506_01078	35.8
CP001037_1_Npun_R5434	AP018036_1_HN506_03130	31.3
CP001037_1_Npun_R3449	AP018036_1_HN506_01619	25.1
CP001037_1_Npun_R3449	AP018036_1_HN506_01617	25.8
CP001037_1_Npun_R6110	AP018036_1_HN506_02999	29.6
CP001037_1_Npun_F2411	AP018036_1_HN506_02276	31.8
CP001037_1_Npun_F3618	AP018036_1_HN506_03132	55.0
