CP001037_1_Npun_F6100	AL645882_2_SCO1958	57.0
CP001037_1_Npun_F6100	AL645882_2_SCO0918	37.2
CP001037_1_Npun_F6100	AL645882_2_SCO6517	34.5
CP001037_1_Npun_F6100	AL645882_2_SCO6719	33.6
CP001037_1_Npun_F6100	AL645882_2_SCO6010	33.3
CP001037_1_Npun_F6100	AL645882_2_SCO7400	34.2
CP001037_1_Npun_F1023	AL645882_2_SCO2951	53.3
CP001037_1_Npun_F1023	AL645882_2_SCO5261	57.3
CP001037_1_Npun_F3951	AL645882_2_SCO7822	36.4
CP001037_1_Npun_R4883	AL645882_2_SCO3192	29.2
CP001037_1_Npun_R3984	AL645882_2_SCO0887	42.6
CP001037_1_Npun_R3984	AL645882_2_SCO6792	33.3
CP001037_1_Npun_F2857	AL645882_2_SCO5586	44.9
CP001037_1_Npun_F2857	AL645882_2_SCO5580	35.8
CP001037_1_Npun_F6223	AL645882_2_SCO4492	40.9
CP001037_1_Npun_F5825	AL645882_2_SCO5594	38.6
CP001037_1_Npun_F4523	AL645882_2_SCO6799	30.8
CP001037_1_Npun_F4523	AL645882_2_SCO3477	28.0
CP001037_1_Npun_F4523	AL645882_2_SCO0741	27.9
CP001037_1_Npun_R5547	AL645882_2_SCO4600	57.9
CP001037_1_Npun_R5547	AL645882_2_SCO4563	50.3
CP001037_1_Npun_R3708	AL645882_2_SCO2373	29.6
CP001037_1_Npun_R3708	AL645882_2_SCO2344	29.3
CP001037_1_Npun_R3708	AL645882_2_SCO5810	30.8
CP001037_1_Npun_R3708	AL645882_2_SCO6822	28.8
CP001037_1_Npun_R3708	AL645882_2_SCO2536	30.5
CP001037_1_Npun_R3708	AL645882_2_SCO0680	32.4
CP001037_1_Npun_R3708	AL645882_2_SCO6483	31.1
CP001037_1_Npun_F4985	AL645882_2_SCO4654	55.7
CP001037_1_Npun_F4521	AL645882_2_SCO5208	28.3
CP001037_1_Npun_F3179	AL645882_2_SCO4898	35.9
CP001037_1_Npun_F3179	AL645882_2_SCO7539	23.5
CP001037_1_Npun_R4390	AL645882_2_SCO4702	54.7
CP001037_1_Npun_F4459	AL645882_2_SCO3896	36.4
CP001037_1_Npun_R4069	AL645882_2_SCO5738	25.8
CP001037_1_Npun_F5459	AL645882_2_SCO3127	32.9
CP001037_1_Npun_F5709	AL645882_2_SCO0171	41.2
CP001037_1_Npun_F1592	AL645882_2_SCO7622	46.4
CP001037_1_Npun_F5562	AL645882_2_SCO1316	38.9
CP001037_1_Npun_F2730	AL645882_2_SCO2837	39.1
CP001037_1_Npun_R2415	AL645882_2_SCO5509	25.6
CP001037_1_Npun_R4982	AL645882_2_SCO2054	40.9
CP001037_1_Npun_R4719	AL645882_2_SCO4887	29.6
CP001037_1_Npun_R1136	AL645882_2_SCO2095	29.7
CP001037_1_Npun_R4104	AL645882_2_SCO2927	36.1
CP001037_1_Npun_F0001	AL645882_2_SCO3879	52.1
CP001037_1_Npun_F4020	AL645882_2_SCO5025	27.7
CP001037_1_Npun_F6093	AL645882_2_SCO7001	42.6
CP001037_1_Npun_R3440	AL645882_2_SCO1701	41.3
CP001037_1_Npun_R3440	AL645882_2_SCO1428	34.7
CP001037_1_Npun_R3440	AL645882_2_SCO2779	32.8
CP001037_1_Npun_R3440	AL645882_2_SCO1750	32.1
CP001037_1_Npun_R3440	AL645882_2_SCO5984	30.4
CP001037_1_Npun_R3440	AL645882_2_SCO3800	24.9
CP001037_1_Npun_R0841	AL645882_2_SCO2112	44.3
CP001037_1_Npun_R0841	AL645882_2_SCO7060	45.6
CP001037_1_Npun_R2850	AL645882_2_SCO1371	44.5
CP001037_1_Npun_R5787	AL645882_2_SCO3351	41.9
CP001037_1_Npun_R4193	AL645882_2_SCO2256	47.3
CP001037_1_Npun_F4024	AL645882_2_SCO1936	40.6
CP001037_1_Npun_F4024	AL645882_2_SCO6662	40.5
CP001037_1_Npun_R3508	AL645882_2_SCO3096	66.3
CP001037_1_Npun_R3508	AL645882_2_SCO7638	55.8
CP001037_1_Npun_R5569	AL645882_2_SCO5625	37.3
CP001037_1_Npun_F2391	AL645882_2_SCO7548	43.6
CP001037_1_Npun_F2391	AL645882_2_SCO0911	29.0
CP001037_1_Npun_F2391	AL645882_2_SCO2695	32.4
CP001037_1_Npun_R4665	AL645882_2_SCO3093	31.9
CP001037_1_Npun_F6136	AL645882_2_SCO5626	59.3
CP001037_1_Npun_F3458	AL645882_2_SCO3795	43.2
CP001037_1_Npun_F0065	AL645882_2_SCO1657	49.2
CP001037_1_Npun_F2914	AL645882_2_SCO5769	66.2
CP001037_1_Npun_F6583	AL645882_2_SCO4078	50.2
CP001037_1_Npun_F0907	AL645882_2_SCO3122	39.2
CP001037_1_Npun_F2374	AL645882_2_SCO3123	46.5
CP001037_1_Npun_F2374	AL645882_2_SCO0782	42.1
CP001037_1_Npun_R5387	AL645882_2_SCO2198	57.8
CP001037_1_Npun_F0851	AL645882_2_SCO2617	61.2
CP001037_1_Npun_F0851	AL645882_2_SCO5587	35.6
CP001037_1_Npun_F2831	AL645882_2_SCO3911	37.1
CP001037_1_Npun_F2831	AL645882_2_SCO3911	47.4
CP001037_1_Npun_R4945	AL645882_2_SCO1054	32.9
CP001037_1_Npun_F2817	AL645882_2_SCO6736	28.0
CP001037_1_Npun_F2817	AL645882_2_SCO4273	25.7
CP001037_1_Npun_F2817	AL645882_2_SCO5795	25.4
CP001037_1_Npun_F4874	AL645882_2_SCO5424	39.1
CP001037_1_Npun_R2372	AL645882_2_SCO1246	32.7
CP001037_1_Npun_R6027	AL645882_2_SCO1804	32.9
CP001037_1_Npun_R2267	AL645882_2_SCO7324	43.1
CP001037_1_Npun_R6372	AL645882_2_SCO5791	40.6
CP001037_1_Npun_F6058	AL645882_2_SCO1477	42.7
CP001037_1_Npun_R5425	AL645882_2_SCO6743	47.2
CP001037_1_Npun_R5425	AL645882_2_SCO1998	40.5
CP001037_1_Npun_F3469	AL645882_2_SCO6711	24.3
CP001037_1_Npun_R0846	AL645882_2_SCO5745	42.6
CP001037_1_Npun_F3769	AL645882_2_SCO4824	48.3
CP001037_1_Npun_R3968	AL645882_2_SCO5144	31.0
CP001037_1_Npun_F5471	AL645882_2_SCO3014	40.8
CP001037_1_Npun_R4996	AL645882_2_SCO4724	39.2
CP001037_1_Npun_R4996	AL645882_2_SCO2266	39.6
CP001037_1_Npun_R3756	AL645882_2_SCO5472	39.9
CP001037_1_Npun_F5602	AL645882_2_SCO2529	57.4
CP001037_1_Npun_F5602	AL645882_2_SCO2474	35.1
CP001037_1_Npun_F5602	AL645882_2_SCO5446	35.5
CP001037_1_Npun_R1726	AL645882_2_SCO0179	31.8
CP001037_1_Npun_R1726	AL645882_2_SCO4055	30.0
CP001037_1_Npun_R1726	AL645882_2_SCO6799	28.9
CP001037_1_Npun_R4240	AL645882_2_SCO3494	29.9
CP001037_1_Npun_F2029	AL645882_2_SCO0842	31.3
CP001037_1_Npun_F2029	AL645882_2_SCO0183	49.6
CP001037_1_Npun_R2750	AL645882_2_SCO5354	41.3
CP001037_1_Npun_R2750	AL645882_2_SCO0420	28.2
CP001037_1_Npun_F2715	AL645882_2_SCO1109	50.0
CP001037_1_Npun_F2715	AL645882_2_SCO5980	40.8
CP001037_1_Npun_F4082	AL645882_2_SCO1890	31.4
CP001037_1_Npun_F4082	AL645882_2_SCO5840	29.2
CP001037_1_Npun_F4082	AL645882_2_SCO7498	30.0
CP001037_1_Npun_F4082	AL645882_2_SCO3623	45.3
CP001037_1_Npun_F4082	AL645882_2_SCO4190	44.8
CP001037_1_Npun_F4082	AL645882_2_SCO1716	36.7
CP001037_1_Npun_F4082	AL645882_2_SCO4188	36.6
CP001037_1_Npun_F4863	AL645882_2_SCO5371	56.6
CP001037_1_Npun_R3957	AL645882_2_SCO1953	34.8
CP001037_1_Npun_F4609	AL645882_2_SCO6384	26.5
CP001037_1_Npun_F4609	AL645882_2_SCO3397	27.0
CP001037_1_Npun_F1719	AL645882_2_SCO1821	38.9
CP001037_1_Npun_F2433	AL645882_2_SCO4464	29.4
CP001037_1_Npun_F5758	AL645882_2_SCO4145	48.8
CP001037_1_Npun_R6036	AL645882_2_SCO1338	58.3
CP001037_1_Npun_F5237	AL645882_2_SCO0379	59.0
CP001037_1_Npun_F5237	AL645882_2_SCO6204	53.4
CP001037_1_Npun_F5237	AL645882_2_SCO7590	49.4
CP001037_1_Npun_F5237	AL645882_2_SCO0666	40.2
CP001037_1_Npun_F1625	AL645882_2_SCO2273	38.5
CP001037_1_Npun_F1625	AL645882_2_SCO7216	37.3
CP001037_1_Npun_F1625	AL645882_2_SCO0997	35.1
CP001037_1_Npun_F1625	AL645882_2_SCO1787	38.6
CP001037_1_Npun_F1625	AL645882_2_SCO0496	36.6
CP001037_1_Npun_F1625	AL645882_2_SCO7398	34.6
CP001037_1_Npun_F1625	AL645882_2_SCO1786	33.3
CP001037_1_Npun_F0647	AL645882_2_SCO2774	27.2
CP001037_1_Npun_F0647	AL645882_2_SCO6469	23.0
CP001037_1_Npun_F4346	AL645882_2_SCO2510	28.5
CP001037_1_Npun_F5883	AL645882_2_SCO7544	33.2
CP001037_1_Npun_F3262	AL645882_2_SCO2595	47.4
CP001037_1_Npun_F3262	AL645882_2_SCO5061	39.6
CP001037_1_Npun_F5054	AL645882_2_SCO5696	41.4
CP001037_1_Npun_F5054	AL645882_2_SCO6767	41.3
CP001037_1_Npun_R1696	AL645882_2_SCO1631	32.9
CP001037_1_Npun_R1696	AL645882_2_SCO1152	31.1
CP001037_1_Npun_R5717	AL645882_2_SCO3228	44.8
CP001037_1_Npun_R5717	AL645882_2_SCO0763	40.5
CP001037_1_Npun_R5600	AL645882_2_SCO1494	27.1
CP001037_1_Npun_R5719	AL645882_2_SCO2949	35.3
CP001037_1_Npun_R0786	AL645882_2_SCO4962	39.0
CP001037_1_Npun_R0786	AL645882_2_SCO7292	35.1
CP001037_1_Npun_R3583	AL645882_2_SCO2468	31.5
CP001037_1_Npun_F0081	AL645882_2_SCO5580	43.1
CP001037_1_Npun_F0081	AL645882_2_SCO5586	35.5
CP001037_1_Npun_F5003	AL645882_2_SCO2614	33.9
CP001037_1_Npun_R4384	AL645882_2_SCO4708	42.1
CP001037_1_Npun_F3917	AL645882_2_SCO5047	42.2
CP001037_1_Npun_F0443	AL645882_2_SCO5562	35.0
CP001037_1_Npun_F4986	AL645882_2_SCO4655	53.4
CP001037_1_Npun_R4804	AL645882_2_SCO2082	59.6
CP001037_1_Npun_F5430	AL645882_2_SCO4554	33.3
CP001037_1_Npun_F5430	AL645882_2_SCO4878	32.7
CP001037_1_Npun_R1079	AL645882_2_SCO4113	49.9
CP001037_1_Npun_F0596	AL645882_2_SCO5247	39.1
CP001037_1_Npun_R5519	AL645882_2_SCO7072	43.9
CP001037_1_Npun_R5519	AL645882_2_SCO0580	29.6
CP001037_1_Npun_R6128	AL645882_2_SCO2925	36.8
CP001037_1_Npun_F2660	AL645882_2_SCO6407	33.9
CP001037_1_Npun_R3700	AL645882_2_SCO3928	59.6
CP001037_1_Npun_R5565	AL645882_2_SCO3790	25.8
CP001037_1_Npun_R4389	AL645882_2_SCO4703	40.8
CP001037_1_Npun_R1256	AL645882_2_SCO0821	53.5
CP001037_1_Npun_R1256	AL645882_2_SCO4962	41.8
CP001037_1_Npun_R6366	AL645882_2_SCO5061	51.4
CP001037_1_Npun_R6366	AL645882_2_SCO2595	35.4
CP001037_1_Npun_F5989	AL645882_2_SCO5353	40.9
CP001037_1_Npun_F0125	AL645882_2_SCO5211	32.8
CP001037_1_Npun_F2657	AL645882_2_SCO2933	30.9
CP001037_1_Npun_R3861	AL645882_2_SCO4752	47.8
CP001037_1_Npun_F3364	AL645882_2_SCO5857	30.8
CP001037_1_Npun_F4156	AL645882_2_SCO2571	38.6
CP001037_1_Npun_F4156	AL645882_2_SCO2076	20.5
CP001037_1_Npun_R5893	AL645882_2_SCO0279	39.9
CP001037_1_Npun_F3651	AL645882_2_SCO1473	34.2
CP001037_1_Npun_F0881	AL645882_2_SCO4086	51.4
CP001037_1_Npun_R5651	AL645882_2_SCO1521	47.6
CP001037_1_Npun_R4791	AL645882_2_SCO3283	50.0
CP001037_1_Npun_F1572	AL645882_2_SCO1765	47.1
CP001037_1_Npun_F5706	AL645882_2_SCO6081	32.7
CP001037_1_Npun_F1429	AL645882_2_SCO1087	40.3
CP001037_1_Npun_R2025	AL645882_2_SCO2497	31.4
CP001037_1_Npun_R4713	AL645882_2_SCO4746	25.5
CP001037_1_Npun_R4713	AL645882_2_SCO4479	32.8
CP001037_1_Npun_R4713	AL645882_2_SCO6277	29.9
CP001037_1_Npun_R4713	AL645882_2_SCO6966	29.6
CP001037_1_Npun_F4614	AL645882_2_SCO1822	50.5
CP001037_1_Npun_F4614	AL645882_2_SCO5827	48.0
CP001037_1_Npun_F4614	AL645882_2_SCO0152	27.5
CP001037_1_Npun_F4614	AL645882_2_SCO1218	29.1
CP001037_1_Npun_R2085	AL645882_2_SCO2181	21.9
CP001037_1_Npun_R4006	AL645882_2_SCO3304	41.3
CP001037_1_Npun_F2718	AL645882_2_SCO3473	33.3
CP001037_1_Npun_F1478	AL645882_2_SCO2076	28.8
CP001037_1_Npun_F1478	AL645882_2_SCO2615	27.7
CP001037_1_Npun_F1478	AL645882_2_SCO2571	26.8
CP001037_1_Npun_F5930	AL645882_2_SCO1989	39.9
CP001037_1_Npun_F4454	AL645882_2_SCO6656	23.8
CP001037_1_Npun_F0825	AL645882_2_SCO1234	60.2
CP001037_1_Npun_F0825	AL645882_2_SCO5526	44.7
CP001037_1_Npun_F5938	AL645882_2_SCO1946	48.5
CP001037_1_Npun_R6023	AL645882_2_SCO2317	33.7
CP001037_1_Npun_F4310	AL645882_2_SCO1228	29.6
CP001037_1_Npun_R3936	AL645882_2_SCO5573	37.5
CP001037_1_Npun_R3936	AL645882_2_SCO2626	31.6
CP001037_1_Npun_F0082	AL645882_2_SCO7063	26.0
CP001037_1_Npun_F0082	AL645882_2_SCO0751	28.9
CP001037_1_Npun_F0082	AL645882_2_SCO7158	28.0
CP001037_1_Npun_F0082	AL645882_2_SCO3971	27.4
CP001037_1_Npun_F0082	AL645882_2_SCO7747	25.0
CP001037_1_Npun_F0082	AL645882_2_SCO0767	26.6
CP001037_1_Npun_F0082	AL645882_2_SCO3679	27.9
CP001037_1_Npun_F0082	AL645882_2_SCO6321	26.5
CP001037_1_Npun_R0032	AL645882_2_SCO0437	38.7
CP001037_1_Npun_R5627	AL645882_2_SCO2736	40.3
CP001037_1_Npun_R5627	AL645882_2_SCO5832	34.1
CP001037_1_Npun_R5627	AL645882_2_SCO4388	31.7
CP001037_1_Npun_R5529	AL645882_2_SCO1934	42.8
CP001037_1_Npun_F2517	AL645882_2_SCO2118	49.5
CP001037_1_Npun_F2517	AL645882_2_SCO3594	36.7
CP001037_1_Npun_F2517	AL645882_2_SCO3478	33.1
CP001037_1_Npun_F2517	AL645882_2_SCO5515	36.9
CP001037_1_Npun_F2517	AL645882_2_SCO0348	30.2
CP001037_1_Npun_F2517	AL645882_2_SCO2696	33.0
CP001037_1_Npun_F2517	AL645882_2_SCO0663	33.3
CP001037_1_Npun_F0207	AL645882_2_SCO7506	37.2
CP001037_1_Npun_F0207	AL645882_2_SCO1062	33.7
CP001037_1_Npun_F0207	AL645882_2_SCO0960	33.2
CP001037_1_Npun_F3456	AL645882_2_SCO0040	27.3
CP001037_1_Npun_R0854	AL645882_2_SCO4836	26.1
CP001037_1_Npun_R0482	AL645882_2_SCO2119	44.3
CP001037_1_Npun_R0482	AL645882_2_SCO1214	41.3
CP001037_1_Npun_R0482	AL645882_2_SCO5426	40.9
CP001037_1_Npun_R1828	AL645882_2_SCO4490	41.3
CP001037_1_Npun_F2275	AL645882_2_SCO5963	39.7
CP001037_1_Npun_F2275	AL645882_2_SCO7660	41.1
CP001037_1_Npun_F3798	AL645882_2_SCO3318	39.6
CP001037_1_Npun_F3798	AL645882_2_SCO7343	40.1
CP001037_1_Npun_R0710	AL645882_2_SCO4785	53.0
CP001037_1_Npun_R0710	AL645882_2_SCO3851	26.4
CP001037_1_Npun_F4952	AL645882_2_SCO0721	29.6
CP001037_1_Npun_F1541	AL645882_2_SCO1464	47.2
CP001037_1_Npun_R6316	AL645882_2_SCO4814	46.9
CP001037_1_Npun_F0933	AL645882_2_SCO3610	30.7
CP001037_1_Npun_F0933	AL645882_2_SCO6488	28.2
CP001037_1_Npun_F0585	AL645882_2_SCO3658	26.4
CP001037_1_Npun_F0585	AL645882_2_SCO4984	27.0
CP001037_1_Npun_F0585	AL645882_2_SCO6222	25.2
CP001037_1_Npun_F0585	AL645882_2_SCO3944	25.1
CP001037_1_Npun_F4799	AL645882_2_SCO4429	32.7
CP001037_1_Npun_R2297	AL645882_2_SCO5356	37.3
CP001037_1_Npun_F0949	AL645882_2_SCO3005	45.7
CP001037_1_Npun_F3848	AL645882_2_SCO3311	51.8
CP001037_1_Npun_F6197	AL645882_2_SCO2003	32.8
CP001037_1_Npun_F6197	AL645882_2_SCO1622	29.9
CP001037_1_Npun_F6485	AL645882_2_SCO6837	51.0
CP001037_1_Npun_F6485	AL645882_2_SCO3698	49.6
CP001037_1_Npun_F5831	AL645882_2_SCO1570	41.5
CP001037_1_Npun_F0849	AL645882_2_SCO2620	28.3
CP001037_1_Npun_R6519	AL645882_2_SCO4181	25.1
CP001037_1_Npun_F5945	AL645882_2_SCO4855	37.7
CP001037_1_Npun_F5604	AL645882_2_SCO0470	26.7
CP001037_1_Npun_R5970	AL645882_2_SCO5694	44.1
CP001037_1_Npun_F0562	AL645882_2_SCO1501	40.6
CP001037_1_Npun_F0562	AL645882_2_SCO7600	32.5
CP001037_1_Npun_R0847	AL645882_2_SCO5744	45.0
CP001037_1_Npun_R0847	AL645882_2_SCO1912	37.5
CP001037_1_Npun_F4674	AL645882_2_SCO6430	31.4
CP001037_1_Npun_R0051	AL645882_2_SCO2050	38.7
CP001037_1_Npun_R5269	AL645882_2_SCO4164	38.5
CP001037_1_Npun_F6076	AL645882_2_SCO7331	23.0
CP001037_1_Npun_F6048	AL645882_2_SCO1486	34.4
CP001037_1_Npun_F6048	AL645882_2_SCO6247	26.6
CP001037_1_Npun_F4153	AL645882_2_SCO5147	38.1
CP001037_1_Npun_F4153	AL645882_2_SCO4908	33.5
CP001037_1_Npun_F4153	AL645882_2_SCO0864	30.1
CP001037_1_Npun_F4153	AL645882_2_SCO0866	29.5
CP001037_1_Npun_F4153	AL645882_2_SCO5934	26.2
CP001037_1_Npun_F4153	AL645882_2_SCO0194	27.9
CP001037_1_Npun_R4072	AL645882_2_SCO3060	38.9
CP001037_1_Npun_R1066	AL645882_2_SCO0962	31.9
CP001037_1_Npun_R2707	AL645882_2_SCO6341	37.3
CP001037_1_Npun_R3877	AL645882_2_SCO2026	44.8
CP001037_1_Npun_F0008	AL645882_2_SCO2688	37.0
CP001037_1_Npun_F0008	AL645882_2_SCO4106	31.4
CP001037_1_Npun_R3889	AL645882_2_SCO5812	37.4
CP001037_1_Npun_F4987	AL645882_2_SCO4655	44.0
CP001037_1_Npun_R3661	AL645882_2_SCO0184	36.9
CP001037_1_Npun_R2068	AL645882_2_SCO4932	31.8
CP001037_1_Npun_R2378	AL645882_2_SCO3153	43.3
CP001037_1_Npun_F4822	AL645882_2_SCO1925	41.7
CP001037_1_Npun_R0622	AL645882_2_SCO4787	58.6
CP001037_1_Npun_F5351	AL645882_2_SCO1951	36.9
CP001037_1_Npun_R2264	AL645882_2_SCO7321	33.9
CP001037_1_Npun_R3982	AL645882_2_SCO2104	45.3
CP001037_1_Npun_F3162	AL645882_2_SCO1268	36.0
CP001037_1_Npun_F3162	AL645882_2_SCO7123	27.8
CP001037_1_Npun_F3162	AL645882_2_SCO2181	30.9
CP001037_1_Npun_F3940	AL645882_2_SCO2087	37.4
CP001037_1_Npun_F3940	AL645882_2_SCO5365	34.1
CP001037_1_Npun_R3726	AL645882_2_SCO6570	29.9
CP001037_1_Npun_F0328	AL645882_2_SCO2587	44.8
CP001037_1_Npun_F0328	AL645882_2_SCO3615	37.5
CP001037_1_Npun_F2640	AL645882_2_SCO5670	33.9
CP001037_1_Npun_F2640	AL645882_2_SCO7488	30.0
CP001037_1_Npun_R1077	AL645882_2_SCO0392	43.3
CP001037_1_Npun_R4000	AL645882_2_SCO2146	32.7
CP001037_1_Npun_F5332	AL645882_2_SCO1956	32.8
CP001037_1_Npun_F5332	AL645882_2_SCO4754	31.6
CP001037_1_Npun_F5332	AL645882_2_SCO1066	32.2
CP001037_1_Npun_F5332	AL645882_2_SCO6349	33.6
CP001037_1_Npun_F5332	AL645882_2_SCO3506	30.3
CP001037_1_Npun_F5332	AL645882_2_SCO1376	30.5
CP001037_1_Npun_F5332	AL645882_2_SCO0456	32.9
CP001037_1_Npun_F5332	AL645882_2_SCO2794	30.5
CP001037_1_Npun_F5332	AL645882_2_SCO7554	29.8
CP001037_1_Npun_F5332	AL645882_2_SCO1186	28.2
CP001037_1_Npun_F5332	AL645882_2_SCO0289	30.3
CP001037_1_Npun_F5332	AL645882_2_SCO3485	28.5
CP001037_1_Npun_F5332	AL645882_2_SCO2232	27.7
CP001037_1_Npun_F6033	AL645882_2_SCO1776	55.7
CP001037_1_Npun_R0869	AL645882_2_SCO4799	31.4
CP001037_1_Npun_R0869	AL645882_2_SCO1265	31.4
CP001037_1_Npun_R1059	AL645882_2_SCO0836	34.3
CP001037_1_Npun_R1059	AL645882_2_SCO2656	32.5
CP001037_1_Npun_F4120	AL645882_2_SCO3618	55.1
CP001037_1_Npun_R5323	AL645882_2_SCO5578	49.9
CP001037_1_Npun_R5323	AL645882_2_SCO7153	49.9
CP001037_1_Npun_R5323	AL645882_2_SCO1411	30.5
CP001037_1_Npun_R1495	AL645882_2_SCO4878	30.7
CP001037_1_Npun_R1495	AL645882_2_SCO4554	30.4
CP001037_1_Npun_R3887	AL645882_2_SCO3962	32.9
CP001037_1_Npun_F3947	AL645882_2_SCO1816	30.5
CP001037_1_Npun_R5070	AL645882_2_SCO4839	45.5
CP001037_1_Npun_R5070	AL645882_2_SCO3334	40.5
CP001037_1_Npun_R2771	AL645882_2_SCO0187	33.9
CP001037_1_Npun_R2771	AL645882_2_SCO6760	33.1
CP001037_1_Npun_R4287	AL645882_2_SCO1163	44.2
CP001037_1_Npun_R2756	AL645882_2_SCO6073	55.3
CP001037_1_Npun_F6253	AL645882_2_SCO4414	50.7
CP001037_1_Npun_R4434	AL645882_2_SCO1247	32.5
CP001037_1_Npun_F3946	AL645882_2_SCO4235	34.7
CP001037_1_Npun_F3946	AL645882_2_SCO1663	39.7
CP001037_1_Npun_R2253	AL645882_2_SCO2745	23.8
CP001037_1_Npun_F4960	AL645882_2_SCO5963	50.0
CP001037_1_Npun_R5570	AL645882_2_SCO5624	55.1
CP001037_1_Npun_R4781	AL645882_2_SCO1857	36.5
CP001037_1_Npun_F3987	AL645882_2_SCO2497	35.9
CP001037_1_Npun_R0467	AL645882_2_SCO1966	54.0
CP001037_1_Npun_R0467	AL645882_2_SCO3109	26.2
CP001037_1_Npun_F4916	AL645882_2_SCO5739	40.3
CP001037_1_Npun_F0173	AL645882_2_SCO5494	37.6
CP001037_1_Npun_F0173	AL645882_2_SCO7522	35.8
CP001037_1_Npun_F3167	AL645882_2_SCO6732	29.1
CP001037_1_Npun_F3167	AL645882_2_SCO6789	28.4
CP001037_1_Npun_R6245	AL645882_2_SCO6764	40.6
CP001037_1_Npun_R4676	AL645882_2_SCO1780	29.8
CP001037_1_Npun_F1486	AL645882_2_SCO0674	33.2
CP001037_1_Npun_R1007	AL645882_2_SCO4797	40.0
CP001037_1_Npun_R1007	AL645882_2_SCO5188	28.0
CP001037_1_Npun_R1007	AL645882_2_SCO5184	26.0
CP001037_1_Npun_R1007	AL645882_2_SCO5183	24.6
CP001037_1_Npun_R1007	AL645882_2_SCO5183	36.5
CP001037_1_Npun_F5214	AL645882_2_SCO4740	42.9
CP001037_1_Npun_F5214	AL645882_2_SCO2789	42.2
CP001037_1_Npun_R1357	AL645882_2_SCO5547	38.6
CP001037_1_Npun_R1615	AL645882_2_SCO5204	29.3
CP001037_1_Npun_R6492	AL645882_2_SCO3383	39.8
CP001037_1_Npun_R6492	AL645882_2_SCO1760	41.7
CP001037_1_Npun_F4464	AL645882_2_SCO5563	42.9
CP001037_1_Npun_F5720	AL645882_2_SCO4236	35.6
CP001037_1_Npun_F5720	AL645882_2_SCO1552	26.8
CP001037_1_Npun_R3890	AL645882_2_SCO2599	40.4
CP001037_1_Npun_F2937	AL645882_2_SCO6726	45.1
CP001037_1_Npun_F3850	AL645882_2_SCO6160	41.6
CP001037_1_Npun_R0329	AL645882_2_SCO7543	37.3
CP001037_1_Npun_R0329	AL645882_2_SCO1039	34.3
CP001037_1_Npun_R0157	AL645882_2_SCO5329	21.8
CP001037_1_Npun_R3559	AL645882_2_SCO1212	30.5
CP001037_1_Npun_F6008	AL645882_2_SCO5669	34.6
CP001037_1_Npun_R6205	AL645882_2_SCO4429	42.3
CP001037_1_Npun_R6205	AL645882_2_SCO4550	32.8
CP001037_1_Npun_R3783	AL645882_2_SCO3345	37.5
CP001037_1_Npun_R3783	AL645882_2_SCO1176	37.0
CP001037_1_Npun_R3783	AL645882_2_SCO1888	36.5
CP001037_1_Npun_F3478	AL645882_2_SCO6640	31.3
CP001037_1_Npun_F3478	AL645882_2_SCO5761	30.1
CP001037_1_Npun_R6289	AL645882_2_SCO1578	45.9
CP001037_1_Npun_R5510	AL645882_2_SCO1814	34.9
CP001037_1_Npun_R3764	AL645882_2_SCO1290	52.2
CP001037_1_Npun_R0445	AL645882_2_SCO2579	30.2
CP001037_1_Npun_F5180	AL645882_2_SCO7540	42.3
CP001037_1_Npun_F5180	AL645882_2_SCO0210	40.4
CP001037_1_Npun_R3286	AL645882_2_SCO5058	26.9
CP001037_1_Npun_F2773	AL645882_2_SCO5235	37.6
CP001037_1_Npun_F2773	AL645882_2_SCO2758	33.8
CP001037_1_Npun_F2773	AL645882_2_SCO6032	33.7
CP001037_1_Npun_F2773	AL645882_2_SCO6300	33.2
CP001037_1_Npun_F5156	AL645882_2_SCO5470	55.8
CP001037_1_Npun_F5156	AL645882_2_SCO5364	49.6
CP001037_1_Npun_F5156	AL645882_2_SCO4837	43.3
CP001037_1_Npun_R3442	AL645882_2_SCO5385	42.5
CP001037_1_Npun_R3442	AL645882_2_SCO0984	36.7
CP001037_1_Npun_R3442	AL645882_2_SCO6475	31.7
CP001037_1_Npun_R3442	AL645882_2_SCO3834	31.4
CP001037_1_Npun_R3442	AL645882_2_SCO6732	29.6
CP001037_1_Npun_R3442	AL645882_2_SCO6789	28.3
CP001037_1_Npun_R3288	AL645882_2_SCO5583	42.4
CP001037_1_Npun_F5466	AL645882_2_SCO6013	39.9
CP001037_1_Npun_F5466	AL645882_2_SCO6768	39.7
CP001037_1_Npun_F5466	AL645882_2_SCO1935	22.3
CP001037_1_Npun_F5033	AL645882_2_SCO6174	28.7
CP001037_1_Npun_F5033	AL645882_2_SCO1131	28.3
CP001037_1_Npun_R5558	AL645882_2_SCO5546	42.1
CP001037_1_Npun_R5558	AL645882_2_SCO0346	42.0
CP001037_1_Npun_R5558	AL645882_2_SCO6308	31.9
CP001037_1_Npun_F6324	AL645882_2_SCO6562	45.6
CP001037_1_Npun_F3954	AL645882_2_SCO5645	34.5
CP001037_1_Npun_R3482	AL645882_2_SCO2214	28.2
CP001037_1_Npun_R0686	AL645882_2_SCO5972	34.8
CP001037_1_Npun_R4395	AL645882_2_SCO0282	43.8
CP001037_1_Npun_R4395	AL645882_2_SCO3198	35.1
CP001037_1_Npun_F3884	AL645882_2_SCO4662	67.7
CP001037_1_Npun_F3884	AL645882_2_SCO1321	56.8
CP001037_1_Npun_F3884	AL645882_2_SCO5111	29.7
CP001037_1_Npun_F3884	AL645882_2_SCO5706	38.9
CP001037_1_Npun_R0620	AL645882_2_SCO7784	43.1
CP001037_1_Npun_R6427	AL645882_2_SCO4958	35.8
CP001037_1_Npun_R6427	AL645882_2_SCO1294	31.1
CP001037_1_Npun_R5481	AL645882_2_SCO3885	28.5
CP001037_1_Npun_F2497	AL645882_2_SCO0199	28.8
CP001037_1_Npun_F2497	AL645882_2_SCO5069	27.3
CP001037_1_Npun_F2497	AL645882_2_SCO1705	27.3
CP001037_1_Npun_R6016	AL645882_2_SCO4307	47.2
CP001037_1_Npun_F3274	AL645882_2_SCO4403	39.4
CP001037_1_Npun_R4635	AL645882_2_SCO4742	31.7
CP001037_1_Npun_F4406	AL645882_2_SCO1518	49.9
CP001037_1_Npun_F4406	AL645882_2_SCO1506	26.9
CP001037_1_Npun_F4406	AL645882_2_SCO3404	34.0
CP001037_1_Npun_F4482	AL645882_2_SCO2863	26.2
CP001037_1_Npun_F6051	AL645882_2_SCO0419	29.4
CP001037_1_Npun_F6051	AL645882_2_SCO0059	35.5
CP001037_1_Npun_F6051	AL645882_2_SCO6827	27.4
CP001037_1_Npun_R1352	AL645882_2_SCO5809	40.4
CP001037_1_Npun_R1352	AL645882_2_SCO3788	59.3
CP001037_1_Npun_R2031	AL645882_2_SCO2812	30.0
CP001037_1_Npun_R2873	AL645882_2_SCO3009	33.0
CP001037_1_Npun_F0698	AL645882_2_SCO7360	40.0
CP001037_1_Npun_F0446	AL645882_2_SCO6060	35.5
CP001037_1_Npun_F2474	AL645882_2_SCO6451	27.1
CP001037_1_Npun_R6628	AL645882_2_SCO5560	43.2
CP001037_1_Npun_R6628	AL645882_2_SCO3595	35.6
CP001037_1_Npun_F4924	AL645882_2_SCO0473	25.0
CP001037_1_Npun_F5235	AL645882_2_SCO6578	34.4
CP001037_1_Npun_F5235	AL645882_2_SCO3238	32.5
CP001037_1_Npun_R1304	AL645882_2_SCO1366	36.2
CP001037_1_Npun_F5252	AL645882_2_SCO3381	37.3
CP001037_1_Npun_F0555	AL645882_2_SCO4403	46.2
CP001037_1_Npun_R4417	AL645882_2_SCO5373	61.5
CP001037_1_Npun_F4990	AL645882_2_SCO2051	37.2
CP001037_1_Npun_F5236	AL645882_2_SCO6579	51.4
CP001037_1_Npun_F5236	AL645882_2_SCO3237	51.1
CP001037_1_Npun_F0961	AL645882_2_SCO0642	38.1
CP001037_1_Npun_F5504	AL645882_2_SCO0383	49.0
CP001037_1_Npun_R1902	AL645882_2_SCO4556	38.9
CP001037_1_Npun_F2656	AL645882_2_SCO2930	39.9
CP001037_1_Npun_F2656	AL645882_2_SCO2932	36.1
CP001037_1_Npun_F2656	AL645882_2_SCO6064	31.9
CP001037_1_Npun_F2656	AL645882_2_SCO6063	30.5
CP001037_1_Npun_F0226	AL645882_2_SCO1727	43.0
CP001037_1_Npun_F6479	AL645882_2_SCO0842	29.0
CP001037_1_Npun_R5264	AL645882_2_SCO1782	47.6
CP001037_1_Npun_F2195	AL645882_2_SCO5662	38.1
CP001037_1_Npun_R2512	AL645882_2_SCO6698	32.6
CP001037_1_Npun_F1951	AL645882_2_SCO0617	66.0
CP001037_1_Npun_F5712	AL645882_2_SCO2238	41.0
CP001037_1_Npun_F6044	AL645882_2_SCO1167	39.8
CP001037_1_Npun_F6044	AL645882_2_SCO6262	39.8
CP001037_1_Npun_F6044	AL645882_2_SCO5064	30.4
CP001037_1_Npun_F0261	AL645882_2_SCO0166	30.7
CP001037_1_Npun_R6511	AL645882_2_SCO4458	42.9
CP001037_1_Npun_F5244	AL645882_2_SCO0461	27.0
CP001037_1_Npun_R4321	AL645882_2_SCO3398	44.7
CP001037_1_Npun_F6501	AL645882_2_SCO5931	28.6
CP001037_1_Npun_F4984	AL645882_2_SCO3151	27.4
CP001037_1_Npun_R5818	AL645882_2_SCO5628	29.1
CP001037_1_Npun_F5181	AL645882_2_SCO1487	44.6
CP001037_1_Npun_F1534	AL645882_2_SCO0925	32.5
CP001037_1_Npun_F1534	AL645882_2_SCO5096	29.1
CP001037_1_Npun_F1534	AL645882_2_SCO0971	29.9
CP001037_1_Npun_R0299	AL645882_2_SCO5871	40.9
CP001037_1_Npun_F0436	AL645882_2_SCO5699	38.5
CP001037_1_Npun_F0436	AL645882_2_SCO1531	28.7
CP001037_1_Npun_R5775	AL645882_2_SCO5704	46.9
CP001037_1_Npun_F6246	AL645882_2_SCO1019	47.2
CP001037_1_Npun_F6246	AL645882_2_SCO4554	25.3
CP001037_1_Npun_R6168	AL645882_2_SCO7531	28.3
CP001037_1_Npun_R0954	AL645882_2_SCO3184	41.1
CP001037_1_Npun_F0097	AL645882_2_SCO2179	38.9
CP001037_1_Npun_F4036	AL645882_2_SCO3569	48.0
CP001037_1_Npun_R4969	AL645882_2_SCO2092	39.0
CP001037_1_Npun_F0422	AL645882_2_SCO3370	24.8
CP001037_1_Npun_R1190	AL645882_2_SCO4236	41.2
CP001037_1_Npun_R1190	AL645882_2_SCO1552	27.5
CP001037_1_Npun_R4702	AL645882_2_SCO4986	30.0
CP001037_1_Npun_R3526	AL645882_2_SCO5214	38.4
CP001037_1_Npun_R1054	AL645882_2_SCO3023	39.5
CP001037_1_Npun_R6169	AL645882_2_SCO3876	33.5
CP001037_1_Npun_R4387	AL645882_2_SCO4705	56.6
CP001037_1_Npun_R1720	AL645882_2_SCO1505	38.3
CP001037_1_Npun_F0333	AL645882_2_SCO5830	28.7
CP001037_1_Npun_F5396	AL645882_2_SCO5647	26.7
CP001037_1_Npun_R6218	AL645882_2_SCO4975	36.3
CP001037_1_Npun_R4057	AL645882_2_SCO1852	39.4
CP001037_1_Npun_F0495	AL645882_2_SCO1848	41.1
CP001037_1_Npun_F3515	AL645882_2_SCO7516	29.8
CP001037_1_Npun_F2860	AL645882_2_SCO2532	48.4
CP001037_1_Npun_F2860	AL645882_2_SCO5028	33.6
CP001037_1_Npun_F1315	AL645882_2_SCO6819	40.7
CP001037_1_Npun_F1315	AL645882_2_SCO5212	36.7
CP001037_1_Npun_F1458	AL645882_2_SCO2397	50.5
CP001037_1_Npun_F1458	AL645882_2_SCO0780	28.5
CP001037_1_Npun_F1458	AL645882_2_SCO0199	36.9
CP001037_1_Npun_R3558	AL645882_2_SCO1213	39.0
CP001037_1_Npun_F4864	AL645882_2_SCO5372	35.2
CP001037_1_Npun_F0489	AL645882_2_SCO7311	35.1
CP001037_1_Npun_R5563	AL645882_2_SCO7036	29.7
CP001037_1_Npun_F2020	AL645882_2_SCO5178	51.5
CP001037_1_Npun_F5601	AL645882_2_SCO5257	29.2
CP001037_1_Npun_R4718	AL645882_2_SCO4888	38.1
CP001037_1_Npun_R5626	AL645882_2_SCO4569	37.8
CP001037_1_Npun_R5626	AL645882_2_SCO4602	37.8
CP001037_1_Npun_R4372	AL645882_2_SCO4722	40.9
CP001037_1_Npun_F0913	AL645882_2_SCO1482	41.7
CP001037_1_Npun_F4098	AL645882_2_SCO2044	51.0
CP001037_1_Npun_F6373	AL645882_2_SCO3874	52.0
CP001037_1_Npun_F6373	AL645882_2_SCO5822	41.7
CP001037_1_Npun_F1055	AL645882_2_SCO0836	38.2
CP001037_1_Npun_F6405	AL645882_2_SCO4007	23.4
CP001037_1_Npun_F4944	AL645882_2_SCO3181	36.4
CP001037_1_Npun_R2520	AL645882_2_SCO1939	31.3
CP001037_1_Npun_F5852	AL645882_2_SCO4649	50.8
CP001037_1_Npun_F0648	AL645882_2_SCO6469	18.8
CP001037_1_Npun_F5633	AL645882_2_SCO4745	35.0
CP001037_1_Npun_R2359	AL645882_2_SCO5501	43.1
CP001037_1_Npun_R5951	AL645882_2_SCO2777	49.8
CP001037_1_Npun_R5951	AL645882_2_SCO4921	48.4
CP001037_1_Npun_R5951	AL645882_2_SCO6271	48.4
CP001037_1_Npun_R5951	AL645882_2_SCO0546	47.4
CP001037_1_Npun_R5951	AL645882_2_SCO4381	43.6
CP001037_1_Npun_F4439	AL645882_2_SCO5188	35.2
CP001037_1_Npun_F3161	AL645882_2_SCO1269	50.1
CP001037_1_Npun_R3725	AL645882_2_SCO2266	50.4
CP001037_1_Npun_R3725	AL645882_2_SCO4724	41.5
CP001037_1_Npun_F6157	AL645882_2_SCO3159	37.6
CP001037_1_Npun_F0026	AL645882_2_SCO1336	26.0
CP001037_1_Npun_R0775	AL645882_2_SCO5787	40.2
CP001037_1_Npun_R4765	AL645882_2_SCO0158	24.1
CP001037_1_Npun_R2365	AL645882_2_SCO6127	32.4
CP001037_1_Npun_R2246	AL645882_2_SCO3245	33.5
CP001037_1_Npun_R2246	AL645882_2_SCO0486	23.6
CP001037_1_Npun_R2246	AL645882_2_SCO1007	25.3
CP001037_1_Npun_R2246	AL645882_2_SCO7791	21.6
CP001037_1_Npun_R4557	AL645882_2_SCO1935	49.5
CP001037_1_Npun_R4557	AL645882_2_SCO6663	48.6
CP001037_1_Npun_F5684	AL645882_2_SCO2064	36.9
CP001037_1_Npun_R2542	AL645882_2_SCO6031	40.4
CP001037_1_Npun_R2336	AL645882_2_SCO6639	35.3
CP001037_1_Npun_R2432	AL645882_2_SCO6213	31.5
CP001037_1_Npun_F0491	AL645882_2_SCO4964	28.1
CP001037_1_Npun_F6355	AL645882_2_SCO5064	26.6
CP001037_1_Npun_R0034	AL645882_2_SCO3878	29.0
CP001037_1_Npun_R5588	AL645882_2_SCO4771	49.3
CP001037_1_Npun_R0633	AL645882_2_SCO6558	53.0
CP001037_1_Npun_R1707	AL645882_2_SCO3403	55.9
CP001037_1_Npun_F6328	AL645882_2_SCO0888	33.5
CP001037_1_Npun_F3925	AL645882_2_SCO6659	29.3
CP001037_1_Npun_F3925	AL645882_2_SCO1942	28.8
CP001037_1_Npun_R3506	AL645882_2_SCO1441	54.4
CP001037_1_Npun_R3506	AL645882_2_SCO6655	49.7
CP001037_1_Npun_R3506	AL645882_2_SCO2687	49.1
CP001037_1_Npun_F0614	AL645882_2_SCO0163	30.4
CP001037_1_Npun_F0213	AL645882_2_SCO3136	38.4
CP001037_1_Npun_R0164	AL645882_2_SCO5440	46.1
CP001037_1_Npun_R0164	AL645882_2_SCO7332	43.7
CP001037_1_Npun_R5730	AL645882_2_SCO1244	33.5
CP001037_1_Npun_F0075	AL645882_2_SCO3464	40.5
CP001037_1_Npun_R5083	AL645882_2_SCO2010	33.4
CP001037_1_Npun_F1187	AL645882_2_SCO5709	39.5
CP001037_1_Npun_F5608	AL645882_2_SCO5073	33.9
CP001037_1_Npun_F5608	AL645882_2_SCO0780	30.8
CP001037_1_Npun_F5608	AL645882_2_SCO5417	31.5
CP001037_1_Npun_F5608	AL645882_2_SCO5075	29.9
CP001037_1_Npun_R5186	AL645882_2_SCO2065	26.9
CP001037_1_Npun_R5186	AL645882_2_SCO3841	24.6
CP001037_1_Npun_R5880	AL645882_2_SCO3458	32.0
CP001037_1_Npun_R5520	AL645882_2_SCO7073	50.4
CP001037_1_Npun_R5520	AL645882_2_SCO0580	35.0
CP001037_1_Npun_R3856	AL645882_2_SCO5361	36.6
CP001037_1_Npun_F0880	AL645882_2_SCO4079	45.1
CP001037_1_Npun_R0940	AL645882_2_SCO1595	43.1
CP001037_1_Npun_R4405	AL645882_2_SCO2048	56.5
CP001037_1_Npun_R5741	AL645882_2_SCO5577	24.0
CP001037_1_Npun_R5741	AL645882_2_SCO3876	37.0
CP001037_1_Npun_R2521	AL645882_2_SCO2904	52.5
CP001037_1_Npun_F6482	AL645882_2_SCO3282	67.5
CP001037_1_Npun_F2874	AL645882_2_SCO2193	37.4
CP001037_1_Npun_R1585	AL645882_2_SCO3883	38.9
CP001037_1_Npun_F2438	AL645882_2_SCO4068	44.3
CP001037_1_Npun_F0208	AL645882_2_SCO3138	38.2
CP001037_1_Npun_F0952	AL645882_2_SCO5895	21.0
CP001037_1_Npun_R3567	AL645882_2_SCO5890	37.1
CP001037_1_Npun_R3567	AL645882_2_SCO5892	35.3
CP001037_1_Npun_R3567	AL645882_2_SCO1243	35.2
CP001037_1_Npun_R3625	AL645882_2_SCO5737	43.9
CP001037_1_Npun_R3625	AL645882_2_SCO1998	32.7
CP001037_1_Npun_F5711	AL645882_2_SCO5817	34.7
CP001037_1_Npun_R1564	AL645882_2_SCO1660	46.6
CP001037_1_Npun_R1564	AL645882_2_SCO0509	46.8
CP001037_1_Npun_R1564	AL645882_2_SCO7004	36.3
CP001037_1_Npun_F0634	AL645882_2_SCO7607	29.0
CP001037_1_Npun_F0634	AL645882_2_SCO7521	28.7
CP001037_1_Npun_F0634	AL645882_2_SCO2283	27.7
CP001037_1_Npun_F4970	AL645882_2_SCO4565	39.8
CP001037_1_Npun_F4970	AL645882_2_SCO3392	37.3
CP001037_1_Npun_F3507	AL645882_2_SCO1580	41.0
CP001037_1_Npun_F0612	AL645882_2_SCO3629	55.8
CP001037_1_Npun_F4226	AL645882_2_SCO4041	43.7
CP001037_1_Npun_R4322	AL645882_2_SCO1945	45.2
CP001037_1_Npun_F4824	AL645882_2_SCO1924	27.6
CP001037_1_Npun_F0168	AL645882_2_SCO2090	29.4
CP001037_1_Npun_F0168	AL645882_2_SCO4013	27.8
CP001037_1_Npun_F0168	AL645882_2_SCO1875	30.2
CP001037_1_Npun_F0168	AL645882_2_SCO5301	27.2
CP001037_1_Npun_F0168	AL645882_2_SCO3847	27.0
CP001037_1_Npun_F0168	AL645882_2_SCO2608	24.2
CP001037_1_Npun_R2729	AL645882_2_SCO0777	40.7
CP001037_1_Npun_R5798	AL645882_2_SCO1483	54.9
CP001037_1_Npun_F3074	AL645882_2_SCO6588	25.5
CP001037_1_Npun_F2848	AL645882_2_SCO1691	47.9
CP001037_1_Npun_F2848	AL645882_2_SCO3367	38.0
CP001037_1_Npun_F2848	AL645882_2_SCO0302	30.2
CP001037_1_Npun_R5810	AL645882_2_SCO7483	34.6
CP001037_1_Npun_F5122	AL645882_2_SCO5444	42.2
CP001037_1_Npun_F4872	AL645882_2_SCO2064	39.7
CP001037_1_Npun_F4872	AL645882_2_SCO1739	27.3
CP001037_1_Npun_F5923	AL645882_2_SCO6072	34.0
CP001037_1_Npun_R0382	AL645882_2_SCO5178	32.7
CP001037_1_Npun_R6035	AL645882_2_SCO2770	24.2
CP001037_1_Npun_F5233	AL645882_2_SCO3239	50.0
CP001037_1_Npun_F5233	AL645882_2_SCO6577	48.1
CP001037_1_Npun_F6610	AL645882_2_SCO3188	41.2
CP001037_1_Npun_F1303	AL645882_2_SCO0790	26.3
CP001037_1_Npun_F1303	AL645882_2_SCO1120	28.1
CP001037_1_Npun_R0848	AL645882_2_SCO3614	42.8
CP001037_1_Npun_R0848	AL645882_2_SCO2640	42.8
CP001037_1_Npun_F0238	AL645882_2_SCO4559	27.3
CP001037_1_Npun_R4144	AL645882_2_SCO1908	41.6
CP001037_1_Npun_R4144	AL645882_2_SCO2766	34.0
CP001037_1_Npun_R1990	AL645882_2_SCO0461	49.6
CP001037_1_Npun_R1990	AL645882_2_SCO1097	25.0
CP001037_1_Npun_F4313	AL645882_2_SCO0948	36.0
CP001037_1_Npun_F4313	AL645882_2_SCO0948	31.7
CP001037_1_Npun_F2551	AL645882_2_SCO5042	45.7
CP001037_1_Npun_R2846	AL645882_2_SCO5738	22.2
CP001037_1_Npun_R2454	AL645882_2_SCO1394	35.4
CP001037_1_Npun_F5183	AL645882_2_SCO4808	30.0
CP001037_1_Npun_F5183	AL645882_2_SCO6585	27.6
CP001037_1_Npun_R5165	AL645882_2_SCO2607	31.0
CP001037_1_Npun_R5165	AL645882_2_SCO2085	25.6
CP001037_1_Npun_R5165	AL645882_2_SCO5302	29.7
CP001037_1_Npun_F3851	AL645882_2_SCO6160	32.7
CP001037_1_Npun_F3851	AL645882_2_SCO1515	30.0
CP001037_1_Npun_F0162	AL645882_2_SCO5553	51.8
CP001037_1_Npun_F3978	AL645882_2_SCO2132	31.5
CP001037_1_Npun_F3978	AL645882_2_SCO5681	34.5
CP001037_1_Npun_R4351	AL645882_2_SCO6818	36.9
CP001037_1_Npun_F2753	AL645882_2_SCO1476	55.5
CP001037_1_Npun_R1841	AL645882_2_SCO2611	60.2
CP001037_1_Npun_R1841	AL645882_2_SCO2451	34.6
CP001037_1_Npun_F2132	AL645882_2_SCO4757	46.2
CP001037_1_Npun_F2132	AL645882_2_SCO4452	41.0
CP001037_1_Npun_F1087	AL645882_2_SCO1594	34.2
CP001037_1_Npun_F5020	AL645882_2_SCO4233	35.9
CP001037_1_Npun_F0611	AL645882_2_SCO0957	38.0
CP001037_1_Npun_R2515	AL645882_2_SCO5603	41.7
CP001037_1_Npun_R1229	AL645882_2_SCO5365	29.2
CP001037_1_Npun_R5623	AL645882_2_SCO4604	35.9
CP001037_1_Npun_F1145	AL645882_2_SCO2559	33.9
CP001037_1_Npun_F5955	AL645882_2_SCO4475	32.7
CP001037_1_Npun_F5857	AL645882_2_SCO1531	43.1
CP001037_1_Npun_F5857	AL645882_2_SCO3778	42.3
CP001037_1_Npun_F6047	AL645882_2_SCO4209	27.3
CP001037_1_Npun_F6047	AL645882_2_SCO2806	29.9
CP001037_1_Npun_F5850	AL645882_2_SCO4647	36.7
CP001037_1_Npun_R0420	AL645882_2_SCO1821	27.2
CP001037_1_Npun_R4525	AL645882_2_SCO3242	47.7
CP001037_1_Npun_R6452	AL645882_2_St6G10A_01	32.3
CP001037_1_Npun_R4597	AL645882_2_SCO3615	44.1
CP001037_1_Npun_R6421	AL645882_2_SCO3299	54.3
CP001037_1_Npun_R6421	AL645882_2_SCO3299	55.2
CP001037_1_Npun_R0681	AL645882_2_SCO6570	28.7
CP001037_1_Npun_F0995	AL645882_2_SCO5559	35.6
CP001037_1_Npun_R0904	AL645882_2_SCO5854	39.3
CP001037_1_Npun_R3568	AL645882_2_SCO1519	32.6
CP001037_1_Npun_R0059	AL645882_2_SCO1443	42.7
CP001037_1_Npun_R1506	AL645882_2_SCO3794	29.0
CP001037_1_Npun_R3754	AL645882_2_SCO1378	57.2
CP001037_1_Npun_F6213	AL645882_2_SCO2277	27.8
CP001037_1_Npun_F5754	AL645882_2_SCO2555	30.2
CP001037_1_Npun_F6283	AL645882_2_SCO4387	50.0
CP001037_1_Npun_F0348	AL645882_2_SCO3951	28.7
CP001037_1_Npun_R2358	AL645882_2_SCO1579	37.0
CP001037_1_Npun_R2478	AL645882_2_SCO5476	38.4
CP001037_1_Npun_R2478	AL645882_2_SCO6112	36.0
CP001037_1_Npun_R2478	AL645882_2_SCO5119	34.2
CP001037_1_Npun_R2478	AL645882_2_SCO5112	33.3
CP001037_1_Npun_F4684	AL645882_2_SCO5850	35.0
CP001037_1_Npun_R5983	AL645882_2_SCO0641	45.5
CP001037_1_Npun_R5983	AL645882_2_SCO2368	44.5
CP001037_1_Npun_R5983	AL645882_2_SCO4277	43.5
CP001037_1_Npun_R5983	AL645882_2_SCO2367	42.8
CP001037_1_Npun_R5983	AL645882_2_SCO1903	42.0
CP001037_1_Npun_F3918	AL645882_2_SCO3319	37.8
CP001037_1_Npun_R0816	AL645882_2_SCO0086	29.2
CP001037_1_Npun_R0816	AL645882_2_SCO2028	26.8
CP001037_1_Npun_F5012	AL645882_2_SCO3460	29.0
CP001037_1_Npun_F5012	AL645882_2_SCO3443	28.4
CP001037_1_Npun_F6423	AL645882_2_SCO1560	30.4
CP001037_1_Npun_F6423	AL645882_2_SCO6324	28.1
CP001037_1_Npun_F5287	AL645882_2_SCO6766	54.0
CP001037_1_Npun_R3812	AL645882_2_SCO2073	35.1
CP001037_1_Npun_R0295	AL645882_2_SCO7595	35.9
CP001037_1_Npun_F4825	AL645882_2_SCO1921	52.4
CP001037_1_Npun_F4825	AL645882_2_SCO1054	28.3
CP001037_1_Npun_F4034	AL645882_2_SCO3961	37.7
CP001037_1_Npun_R2716	AL645882_2_SCO3100	40.2
CP001037_1_Npun_F5584	AL645882_2_SCO5852	32.2
CP001037_1_Npun_R6110	AL645882_2_SCO5994	28.6
CP001037_1_Npun_F6255	AL645882_2_SCO2653	31.6
CP001037_1_Npun_F2411	AL645882_2_SCO2084	31.1
CP001037_1_Npun_F3618	AL645882_2_SCO5514	61.6
CP001037_1_Npun_F3618	AL645882_2_SCO7154	61.9
